campaign,read,sha256,remedy,summary,consequence
15V804,2026-09-09,facc485d0e678cb85106f66c3e816bf4c4ea37d5ca5ddb4d7cd6104a5f059f73,294,232,99
16V617,2026-09-10,15599975ddb67347be1f0e420d4a219a65c35fa30f2b3533dc5002d3a7de8ce4,248,477,70
17V053,2026-09-10,38105df5de6de610d5ff8b27ca6a2d73f4f12091e1338001a29b91b022384954,227,538,205
17V669,2026-09-10,e6949891f4293a1c0b51ec0759c4d959a9d6aa7221a35728af79012cc49f53ea,198,392,157
18V117,2026-09-10,33bfe6c722554337199967cf11098cd6960c9d3274659536b0a2ccf678f2b311,239,399,89
18V169,2026-09-10,24afd7edd39310721090bc3f9cc2c66cc8b58468c02f6e3fcc222b1d90fd0748,405,466,137
18V707,2026-09-10,b7d2535bb09343b578f3c779412aa85f7c01957b7bc1c7e4c390b34af87050d8,423,126,93
18V735,2026-09-10,1576ce740b868867ad88bb2f0cc29f29418edcc65e16b6aa23ea0df539574e66,532,228,162
18V845,2026-09-10,6b473e1e35fe2bcd1d99d8342dae69ae8e328ece8183e79a8df7609f33185575,350,262,137
19V031,2026-09-10,b6e33e817b65316f6ad91d22de23e56440c4582b265c2386477b8111b50e74af,247,217,141
19V076,2026-09-10,d08ad8080bde68c702f27af6bd92c89da6d4b864fbcfeeb62f9c1b2c05c23c4b,240,354,206
19V293,2026-09-10,96df198366757fbfc725914afbee64a04789de53804dd4448c8e9a884bbd11cb,404,212,248
20V097,2026-09-10,d3e65e31ab38a9eaa2bfc280c7ce71ac95d7ba959877c74fe292e6f7441c3ec0,225,526,95
20V262,2026-09-10,408a0df9eeebc67c6458cd5d8c9e830d4001fb143f6d25e0d142a74ac1ef1818,360,450,170
20V263,2026-09-09,1595ffe148db85ac380898db0dc54b6636aaa2353244c79e8b8c8cbe05196be2,222,198,161
20V438,2026-09-10,c05b93cdd73adcda64627300ad59f348becbb572cc2d0d43c862e8378371141d,224,511,142
20V769,2026-09-10,05feb51d7ccb8aa5132318ad61b7c82ef8d05907e28f1b5e9b6b1f2dc2150ff2,242,687,232
20V795,2026-09-09,c833b13f77589aa693db93bc4cf91cf8a624a20203fc5069c9bcde9fa0a842a9,574,189,193
21V537,2026-09-09,246462cc2a9054cb0c63d85f82d58d965250408bf1e6987aa234a54d7b981c14,578,542,98
22V183,2026-09-09,21cd096635991163842aa83f27eb1608d7b072aa53c85ea3713686e91b28229d,242,250,155
22V415,2026-09-10,b6f2e50b10a5e2c5f0bc7219933f7a44e142e9d5d4bceefb7dcb9cd87eb5fe77,227,490,134
22V455,2026-09-10,4436f1f224025a86f353ae9716a502e3d5860b6f3f53b387b594dbe5126274cb,259,348,83
22V686,2026-09-10,1800638420ffecf6b888223ae144b6d38cf04f919e83426fb47967ba463e32a7,214,329,80
23V165,2026-09-09,62655106fb4460bf0edb28223dec978192c2c27c8f95c002ec9a2c3fe375d494,268,386,148
23V345,2026-09-10,7b86747afb42ec947795da17f0354353f7874289dd975359a99d6334f7913c8a,269,387,125
23V380,2026-09-10,aa9ff9f4a26caaf3ba4ec8417b71e000f4023c938e7bd3d3bb3d43b80dea0eeb,782,389,56
23V418,2026-09-10,bff65218f3459b1ee2badfb93f03ff4178481acfb2d48b033974bdc86de13cfd,211,231,140
23V490,2026-09-09,9bb8676bbf3fda81fecf3d61551fad770a4081ba02f049a70aef54bfe88177e4,315,252,104
23V626,2026-09-10,07652a9b5c64ff488a7aa621f270214e01286616c884be3a684da225431695b6,319,265,134
23V687,2026-09-10,ece570f9a566b0b1dbd35c8181244179a97a8f1bce8413286f48ee6966599a05,361,176,113
23V727,2026-09-10,8896a6ccfed4d751b72c8bd142b15fad7a966efe46fa65226d5b46bd116238a3,227,323,153
23V801,2026-09-10,cc6139acf1139365ecff93dde87fc5640fa6db6d5d48ab2f167db7a48b424a8e,298,362,163
23V802,2026-09-10,07c71b8743fdf2bcd3e96e026ebfc7efbd909cc121f05dc41fa5cee5f7917b40,419,302,80
24V193,2026-09-09,133132492728899e6f6587be139b938faa3dd32af81bbc221785747137bd06f1,221,203,104
24V226,2026-09-10,7b42966b15e85713a41e750e33f87ba717e98f25e272d9d4a50d4862970168ac,278,209,149
24V274,2026-09-09,2deaf9cf38a23bb9629a025f01eda835f533ddfa221b7cf06629edda8e430a56,243,229,106
24V407,2026-09-10,9835b2609def42d990b92a7c44cc8f5a66dc8b5118ce92a5434bc165f05bb898,367,204,36
24V443,2026-09-10,4e9a0b0fe0158b944d3645de26176407759fa5a455fe477e5009e276e88b1f9d,227,212,106
24V444,2026-09-10,e17f076731153dc6aa97a1ed3684a67640536bdc04bc40114bb8d081026ab174,228,268,114
24V576,2026-09-10,d0347600f097b05bd604d7b04720c257af00f7ee58ab4c625fc16b71947f8d39,175,405,127
24V591,2026-09-10,fe68b0bf810174a0ec547d49e6e8d38d1be8858bd3ae9e7b1c6710adc07a6fac,242,289,60
24V681,2026-09-10,3e4520f3e680ce033c304f76a14dc20166be600f188b24ea401575227d5b536c,218,239,49
24V777,2026-09-10,7784611bb39272f5fd04909cf9dac356218b33ad9c612d073e16f9ba699b1e58,213,264,262
24V797,2026-09-09,13b10c7f74b0ac16dd693043d37f573b94aadbb569faeaf54cf26b6a0801f3da,538,328,52
24V802,2026-09-10,a139dc29b44e20c6259c688234e1e51fffba83d55133ee04d509c017a3481e9a,235,388,140
24V953,2026-09-10,a3aa1d6f5feef9416aab2799320c4384f8c2019d6c7299e1d1d4eddf99334032,267,403,126
24V957,2026-09-09,050fdfe8e3ac41cfdd2527f5ed3e07cbd5398367dd91e332324d0ec7396ff9ac,276,265,96
24V971,2026-09-10,4281f4cec22da42909e1f9394cac5670928922d2a898a5f8efad1f5dcac0d0a7,224,228,91
25V001,2026-09-10,076c10be496f9f458a263f7f4bb14005669695487fb074a619732f07da04a88a,283,378,118
25V002,2026-09-10,219a79bad6d25da5a5c8bc8fa0a9b6ca5061d887f012c9fb4dc76b32a39197d9,416,340,112
25V003,2026-09-10,f2663bca06f10b32c2faf76ee77200c97909960aa1fe8c265efefc28f6a6473f,215,382,129
25V004,2026-09-10,d2a8dff2072c298a2004232395dbbd7017eed506987695b8f6c79ded8db0ef0d,216,372,129
25V005,2026-09-10,1b7b49a361f5b4e1cc078c9c1272af233e6cc73ef6d5f0fdaf6b6645599d486d,307,202,81
25V006,2026-09-10,a3f93d3eccbe743bd6bfc9d25b10edc083377d419ef4b98355522e529353670c,209,407,90
25V007,2026-09-10,1324c5a35080d51199bd4a24e6fc62ea21e31658023e7041b98e2cf85edfa620,256,183,87
25V008,2026-09-10,b7a437c223ec665755e09aef4635bb2ac096526ef1c9adb06ddd93ea7198d03c,140,326,115
25V009,2026-09-10,73d8f2dacb2fde7a723046bb4dad50ebe24b6eb03529a3f82da077852c6f81f3,205,180,96
25V010,2026-09-10,1f59227a81b537b4b1f4127299ac73634473c028eac235e7d8e35c662d606874,255,226,96
25V011,2026-09-10,2b264c700f020c1b06d78e1d741d99968738f5e5e2e3c5f000e167e2761d613f,280,240,171
25V012,2026-09-10,f85307aec5fb105e99d5de280394b2155cd58ee6be573978259d085433a3dc2d,262,217,86
25V013,2026-09-10,752f4721020f245c2361b13ab36eb1a26efcd9c9788bbd082baae3c2e4ebdf1a,220,234,73
25V014,2026-09-10,dc9559df56e4e238f696866de6ae623ee49f2a401eb19d48b5ad373cae046be5,294,284,50
25V015,2026-09-10,1049eceb2effdeaf1ea160bda85bafca4a880a923324cad1e55032785af64693,363,233,124
25V016,2026-09-10,e17c36224a22a03c15bf8b22b83a586d9ceb7e55ba3e3def357f9ebca1e82278,228,429,115
25V017,2026-09-10,ff46f1c467647d0c03cbfea670f91664c9e3d064022a0e2cdedabd9baadb7bff,414,188,115
25V018,2026-09-10,c873ad0485c10479085627d7fa1a13d73fa214586fa0b8b66d7a18b5d872cfc8,326,241,120
25V019,2026-09-10,ced7ebf1fdfca779d5fa025b04d0c38e99cabb250532a61a8ac9df9ab2542fab,346,168,156
25V020,2026-09-10,2f12a39a899fe968f340d28b2a721e801a52fbab5d10eec099388158eaf177ec,371,171,103
25V021,2026-09-10,c306c6bbe388ec658ac362aaaed7bfba354615d8cd95215322e9098247eab81e,308,216,93
25V022,2026-09-10,4c589f5b7ab475d9eaa216651ad08eb2293de421813d05e2bdcd58786a0a98d1,222,181,141
25V023,2026-09-10,9b806adb8fe869d7712789db971e0cc6496b06ad674f49053ac06fa8a17c315f,233,449,142
25V024,2026-09-10,0edf7633632297a209a773202f75379a7d0e69515448346559a292547e7aef21,303,318,130
25V025,2026-09-10,d3502517682a698bc1680880059bda463deb2407798974aa4d5ef1013821cac4,231,171,108
25V026,2026-09-10,392334bb772ef5c66fa5760dbacb2aecd6284fe212807fddb126ce13041d9439,227,286,88
25V027,2026-09-10,2d3b1e374a50f13c5e1dc8075e698afc59ca7ea56009c0a0c5e1098df7bfce69,230,440,111
25V028,2026-09-10,54d2d41a6ba345318bdd1e3f98f4f67da4389fbf46414a144ab08582e797cc87,235,184,76
25V029,2026-09-10,affd4497e715acf3db36eb9367062e7d5978e452a778f22b788ed3d1ccee398e,263,176,63
25V030,2026-09-10,06aecd5f0c40df04a50c1e18aab0d8e1e11a10fd53545b5c1e3e7ae6fdd97549,226,389,135
25V031,2026-09-10,e56106718d387351efb45c41c564511135cfa678582de848ed6d6f84d6124289,226,263,76
25V032,2026-09-10,e8925cd9bfdb33d2e1d0c4ea0e5772e317572d654653386880d5048014b437e1,229,338,115
25V033,2026-09-10,58d8f741530a8aac9b22677867f2ae94de812045fcfeba2039c3dfeee5ed6c6e,237,298,58
25V034,2026-09-10,3adc99a9026a6f3bc237c9b2a67cc1737769451b04941eb32e3237b5c4a86d04,223,159,115
25V035,2026-09-10,240c19c9ee7754c6afa67a5086b9608851122b6efcbf4b2f1f26fa0d2639979d,210,163,116
25V036,2026-09-10,56e2f34aeda70ee02f2d53a206efb8ba929375f1b2a0374f8dfe49b169869aad,232,190,77
25V037,2026-09-10,cc3ab45abc0d271b20b14b58ea6c05b3b81369291ff21f9d0f57c52454f4a4f6,264,224,52
25V038,2026-09-10,cccf7889ff001d361d55e2e55cc30447a54bbbc83b8440e1571de17efa666965,253,350,126
25V040,2026-09-10,15b7354e640aad3154218c9e2d2169715296334da40a5bfd8b89c329a8c55679,291,621,105
25V041,2026-09-10,6f9f5890b7b9374ca51c9729b35bead6c4ad6186e8c8ab4ee7e0d14c834ce7e5,399,566,279
25V042,2026-09-10,eb4758bd873c3b646b1d87ef241c526ce89d11121e972af4905042c648752c12,220,134,52
25V043,2026-09-10,6a43225f990b93858f3737d4f7c200c55cc8a2cfa5a07d58e2c3f26402291f0f,295,181,81
25V044,2026-09-10,14726ca76430ead18b1fd9fae286cc8350fd7000b9a13cc3503ffd3a3c18d7bf,213,150,51
25V045,2026-09-10,783be895eb09a50226e2feaef795d9d54e4ad5af58a3d38fc1e726dabf37862c,221,168,68
25V046,2026-09-10,b4425666290c1b1a16a8262f91c9516b226469bb510e0f6f14842db9ae63b8cf,234,305,52
25V048,2026-09-10,6de4565b14026fb2d25c41d305b61bee55ceb9af12ba3cd4e7da269bb4ab8377,229,219,115
25V049,2026-09-10,badf83f4b84b7161a7ed7316a32de4e4e29a9d0f74ec488b1a88bb66cdab3a89,224,480,149
25V050,2026-09-10,7bc15cd5aa9a5db53ff8e09f57fcbcb52dfd256b675fdfcee706f6de878c8f71,551,221,71
25V051,2026-09-10,018310204b6c3bf04c83f6b539a2b435b8129c27c4371d711fbde13c7a18730b,216,205,115
25V052,2026-09-10,0ca14e5823bc53482ed6a82a4d4af39cab56b481f2a9bb3baac3f114ecbe97e3,192,187,126
25V053,2026-09-10,da5959edc951543e9a6d59ee4d5318f1b20cf657c1cf631d21bf3cd10ac235e6,218,258,126
25V054,2026-09-10,d574bcf0876627750906bb6ab109e5f7e5a590ad6d8b618ea619f16423af4f19,228,286,105
25V055,2026-09-10,0787df6ba2035414d93d018fe64e76a6ddac5c2fa027111021670aa554553c8d,323,205,72
25V056,2026-09-10,aed6a716f578d9b03e33df989c14684c26d2eed7db90dad13335c6b39e1f78f0,240,375,117
25V057,2026-09-10,2a1f4aded30a46aa1991469bbb675fbc346e6f577573f0cd4ee2b06461dd4d56,237,201,138
25V058,2026-09-10,c521594eabbe6a397bb9550a82a3db1ef2dc25a72b6ee702ce57669e00f0fb2f,221,236,79
25V059,2026-09-10,c5860d5a3d74069fbe9ca474c1f78f451213f0fbd8d45f9f5eb8c7a7f35dabf7,282,396,106
25V060,2026-09-10,b1536d04ea0bfa7e50181980879ab91f8ddc8007e244e1e4e7733cd7b9084c1f,269,230,91
25V061,2026-09-10,bc905fbdaad3541ddf4f9d135a46a26eb291577b3b5a4a0e3da0b1a6fa9aa95f,253,180,43
25V062,2026-09-10,772f6b3339626cc6e79470ad29fd3cfc2822901010ade129ffadbf4931aedcd0,186,204,45
25V063,2026-09-10,2e186c6577e4ebba4061892785f8ad704f8cceaaa41dcbe8a7956a37798d5761,216,430,96
25V064,2026-09-10,d03a5451925437dd15d5cf1eac7a6b582bc71ed6ea627449bfd699f8285f6319,252,206,96
25V065,2026-09-10,98321edd1a1e7374a396e32e6afe25e469be6e2e8de550c46aa123ef2afbe05f,644,274,115
25V066,2026-09-10,692e25c94f51c81bcd7257023379a178632c3b350f6af56a5646b3cc8d39ce8c,162,309,92
25V067,2026-09-10,ccdaf0910dbf25f6015a567730932e1222815e87a10eea69427e44ee6e40ac54,156,296,98
25V068,2026-09-10,0fc0c792b930888cf2e19c4467fbfd663544036e14db55351daf426b36134488,164,314,56
25V069,2026-09-10,dac50b6b441b7f1d0393ad4870ef2f330324dab13456344ef7fe8215f9a66484,235,184,101
25V070,2026-09-10,7e725c78107ab58d087b81d3d18989223a8074aead1b3d13946facc0efae1a30,236,352,63
25V071,2026-09-10,418e13722bbf8ddcd33c53a49a5c15e2d3eaae6c5848b9abd5a3c86b515e2eaa,218,202,98
25V072,2026-09-10,d1374c62146f3d4e53b1ee87794f15622e0711ec8fa29e75df301657478ae48b,216,247,79
25V073,2026-09-10,e1147485461718c0c45c3f5473f0dece6893575ebf1965927e73d3e7ceda98cf,265,151,60
25V074,2026-09-10,1de6ed2b68bcb1f1f41d5711b616fe26ab2901f6ca6db4abf220c9ab78168338,201,214,102
25V075,2026-09-10,1707836cf8deaa6afb611f876084d899984fec107fd95e8867bfddda50a7943b,249,243,73
25V076,2026-09-10,298b1eb72d7b93016e7e7d585738b0f844c46fa26df53081e69257061a26d1b9,177,216,80
25V077,2026-09-10,6c54e77ac124fd49020d529f5b3ede522d769c57457b0750b20d2723c978623a,252,143,136
25V078,2026-09-10,e644aca484a0f4d3c3e8d705a2023a9bc8b1eb2ef06399447168862acaeaf749,305,154,109
25V079,2026-09-10,0df4cdd7c9ac68df9fcaf46c083c3fd150c8644d1497a27941777b5dee7e8119,245,397,96
25V080,2026-09-10,c1e43053da4fd15573a476289b29dbb97bbb19a019bf15693cdc049a8d39c8f2,1060,170,67
25V081,2026-09-10,fbbd81e330ba6b5a65d0457656aad51f7af209315b0a768c6f6a84b86c70c858,220,210,62
25V082,2026-09-10,91a641dd292db2f888e5146039fb350cdabbf26f3d4ad0e944e8eb0c52f62581,446,396,115
25V083,2026-09-10,3e97351f64e11dd05ba21fe5b929fdc5992dfccb23725336cba389402a515769,246,388,103
25V084,2026-09-10,3da84154b1f1d8cc865694ab13154c5887d4e316df868c4af1099c41aa2e9bf1,213,180,126
25V085,2026-09-10,8fc9db376c9c3dfb5960e85d4c2a504cb852c5e0123b91d82f5e3766d4a05c3f,233,346,72
25V086,2026-09-10,8bc76feae9f3dee3b844edf18d95fd5600be00a11bf63edbe88e6604ea7909bb,222,408,122
25V087,2026-09-10,17cf2e0c1c3072ffd06c79e24d12a1f636d14180b8844e4a89cf64eb864ac9bc,267,163,117
25V088,2026-09-10,98fe9305d0c0147e87dda1502124befc49bf72c7b5dbd8c805bdd279bd4f8024,229,208,98
25V089,2026-09-10,a8b28e861e5463fa4879042b1fdf2f69974acfed2eedfbec450791c6a1ec5a49,292,207,98
25V090,2026-09-10,5625fa6107494abb4c765fffb15379233f33799c49f0fcbd9a902dfaf1f5137b,227,192,196
25V091,2026-09-10,aebcce26412a0fe06d2a50ee49230c5d2826619841c2c4cf663405b30e159189,213,147,78
25V092,2026-09-10,8b5f7625ee9a2b00b42f06643594da6dd264b746dc001ca6eb280aa35e8bc666,237,320,126
25V093,2026-09-10,7271a45aa92e5d62bdb866ed3885ab494c43286588285392e4377d86a548f485,505,352,122
25V094,2026-09-10,ea757576e21920b935ee870e59fc6eee5eb292276df8bfdc3b786c1a93a03dc8,222,481,126
25V095,2026-09-10,5965314576fd2b04d1a0e1cc1a56ff7c4f3e36ca4bd2b4f5547d11be3ef0e6f2,222,224,126
25V096,2026-09-10,7121d03eccef4d05ebfaf432a4c2dabf0bbd88e6dc6945bd8f5f58624ae4fd6e,239,297,113
25V097,2026-09-10,ab587a346541ae70dcdc933c6f6ee6f164996082f28a19a8c4f9f204b07d0f3e,252,139,101
25V098,2026-09-10,dd3efb88529c7fc281c82453bcd0763ff5f251610a046e4c20d968c93314c178,244,410,112
25V099,2026-09-10,173ceb5c1d0fcb67e9b103017eec3ee406f498b9afb1840e00a4ee501d81678b,315,176,90
25V100,2026-09-10,1719c463370d862ba6e3bf3e462ab94efb2dcddeea55fd5bfc24eadff4d82895,216,249,114
25V101,2026-09-10,d1af745c4acd84f660064977191fa640bfe450395d3e776ea3061f853fa01bdb,430,324,140
25V102,2026-09-10,ced94d16c3f95fbbceb3ff1f6c7d290ce9d4763a6dd380a1f6038c9862f96fc7,233,284,98
25V103,2026-09-10,4b6a58b9127e29d03788bc8f580092db234f976e7d08a53fc9e07938c49d9d71,234,364,121
25V104,2026-09-10,5d22fc58f86b667237d9d8698d30f8d352ba3694b249ccbaf24e902f805794b9,220,116,225
25V105,2026-09-10,cf226df6f353cbb76afe96b26f0a806246f1fe21c248c11a8b4aba7fa4a41ccf,258,345,149
25V106,2026-09-10,d68e35433260931fb5e27aa06f7c31c2d651de63b45fc328f68171e6c0966332,215,397,131
25V107,2026-09-10,4a487ca8e22d6686d54de06dce3a6c3d2eb26cd62b92d316f9f50a1123b4c86b,211,192,72
25V108,2026-09-10,f138ff1635df9ceacf39787639a317e7452a92fbec92c9ad3c2a8d25087525b7,209,264,56
25V109,2026-09-10,83772471f5984a80c52975328f05108e61efcb827852cb1a1d1623fff804e853,309,205,169
25V110,2026-09-10,69d05922c023f87f47997abf8b7b9624473de2c56ed83163b39a4afa47a595a2,245,224,104
25V111,2026-09-10,9b468c5a67637f0b1ed295033e7c4dbbe6eb6a4c380abad3335c0dd253f2464a,321,435,111
25V112,2026-09-10,a9282ef68fe2d9b598055c37b249bbccc1047dba85b0373a246e592de50e5f20,234,200,127
25V113,2026-09-10,e7749560b0a86af581825036dca9315a6ed594dbc38e28b6eb70f787efd530c9,267,263,80
25V114,2026-09-10,3ea72da2cb9fb49827df0c5d33776db7f04eefff1cc16287477524d108b40d57,219,222,126
25V115,2026-09-10,4cb1affcb9f69026c2708055f85c4d8b1a9ac2d7b297995b0e26b604a6f9d93b,200,189,52
25V116,2026-09-10,518f15c690358b57ecb5c48799cce80b760013b7fd865bb37df0e5e59b98c31f,221,222,102
25V117,2026-09-10,da110315c8fbf788b4a893c1211099473b5eb14a860b8fd83cb6ef1d86b755b8,243,362,153
25V118,2026-09-10,516d81b055ef590a0909418e07df6b2e5ffb354fe99b03ab9434ff084d4a5116,347,216,96
25V119,2026-09-10,b01c8908555ac934b540fc1c88e0c0eece0b48df0c002af3721e14863ce78f3c,244,178,136
25V120,2026-09-10,e540eee81654bf3fc0817502997663538bcbdba1ba43fbd1aa11663aefa27b89,316,431,138
25V121,2026-09-10,3f2b69a87def315877aae7f384ae6f786a8f7f18ac8ba25f5323f6befbafa63c,235,312,215
25V122,2026-09-10,e0ffbbbd2508b8261761191050ab5465a20edb4b0d5cc9730ba1efd5973051ec,174,386,145
25V123,2026-09-10,cf94a80531132dfff095dd8fd450609769bd8f7838401d8386a0777f859908fe,228,508,150
25V124,2026-09-10,c0273b2798fd570d4c8ba7c92089e445f6fc4e1dbb358d6d49b64de98e7e5368,222,448,102
25V125,2026-09-10,b2e86ef51346cf815b5c0b7f9b62ef24b76bc8bc33a6e7e52e8c1511131119a9,295,266,52
25V126,2026-09-10,d59d805bfc7744fb9a4e0acaed2b4c8df013c8fede25e20b864b87b72903795a,232,183,203
25V127,2026-09-10,a2c42be234474ae0ee415f49303cfb82fb508ec338d6af197dd107e840776dd8,231,239,166
25V128,2026-09-10,cc8d02332972d7a9e60f1c717e633a07d011ababbfa6285739708908550c79d7,246,211,80
25V129,2026-09-10,492e30d5613b7560c69e62693917eca9a9ebf838b530683d54ee76a4d931a73f,256,416,52
25V130,2026-09-10,177d42e48d97203d3e29fba48448de4f6f232eabb725b62f029387872937cfd6,213,196,119
25V131,2026-09-10,808fece76610a2949dd7cb6698ebd1e74f818db84c66893e1866167865d5b6ce,370,197,53
25V132,2026-09-10,b60df3d0c08f7aee2e5a0db1c89bb09820118532e4cc0d4605e1a0d89b03eb18,244,332,109
25V133,2026-09-10,8a6a2968fa7449c37524d8c6130ef5fa0b5cb73174d178b2ba37c4d54a2fd3be,209,321,52
25V134,2026-09-10,0a5f347a5d5b977fcc6c373f76da4fa00d540b580cee65e5d571e829f197f959,250,262,136
25V135,2026-09-10,f4093435f2e9304d03b837ad81605bced32af1a24c9f86eaf188e87ab607bf97,252,322,87
25V136,2026-09-10,1da917e9ec6e4644f45c667357322397915c02cf011c5a88dbaea6d663ac650a,184,209,119
25V137,2026-09-10,e638d68ff462da98ab5830064f0ad0d74221f7987e536e98876a6a2a53cdda95,218,415,50
25V138,2026-09-10,889e2004e174d1357098b022579c52bcbeeb5c9a7a2b874054ac450aa40dceb4,218,354,50
25V140,2026-09-10,e14fca3639ec8d4237e7cd1345e606228d61552421a4cc58542205ec84f2d215,220,300,122
25V141,2026-09-10,22243bd2e55ed131010e5e53befb37a000d8120d358135f7f1a8d0bd7d2baf87,259,385,144
25V142,2026-09-10,1b2d7ba579d3784d2ce137840836e17efbdea1a611b505097044731c81741ae0,232,366,128
25V143,2026-09-10,b522c020383e265aac79ebbf78de3e54a3d64d48a81d1cc32736e173f03485d2,238,235,45
25V144,2026-09-10,a1c762ce7bea060516d3f8ecfd013cb598f11d0ad59ee0e08332f6efa12eb9e1,265,390,108
25V145,2026-09-10,a0ad63887a40bc2f57ec4e8c6899b35fa21e39e647b2a548a07c1d335e1cd776,202,446,52
25V146,2026-09-10,4ead2e3e4ba2650e4e8930b3946eb70330bec41b456b54ad04ef9c5e9992de06,217,289,109
25V147,2026-09-10,ee2f66192ae095f5d0c76ca111806027af1d7b3c5bc53ddb286aa4a7e198934e,185,219,102
25V148,2026-09-10,580e470c5e45909d2190272b5296febfecfd9c6e07f51d529c63471cb66a4f48,294,247,58
25V149,2026-09-10,2d804cc6e2dd667fc1fb18784d29d2dbf91f8cb8f0cc1ecb4685e2c62e6c2fe1,235,212,47
25V150,2026-09-10,d8827def475f4d73ec328af48d5754c42f5cc8f361bb177237e54249266cc1ed,240,152,101
25V151,2026-09-10,f778c1bb302231162a2ae825941bab519f498a5dc21d70c32d76c6ade7b23e09,209,258,75
25V152,2026-09-10,1e5ed9a64e54dc0b9cc806e1ee65ff0bd0b526934dfc869b555c9a5117affaa1,255,291,108
25V153,2026-09-10,d5fa447841fd63391db25cc7bc504f1ef545276e66b0a7853077c62bf095edde,264,340,112
25V154,2026-09-10,b4491f884642fa6bd8385b3c1cd8b54923addd3cfc1c4820b90b25aff01d37af,167,262,60
25V155,2026-09-10,9e87d5bd85f6317c0dd36550ef98732d6399fe81bb6243318a71fbe8fbc2bd81,244,212,93
25V156,2026-09-10,e59087b4aa2e75b6912e32aabcd31d6cb3e3bc9f083c37418bc130a97a833b6b,164,202,47
25V157,2026-09-10,6561e8cac35aad3660ac6f28762753479d86eadd00ca55fb71a8884e7643b9e8,204,271,109
25V158,2026-09-10,d67ab1d7615754aec51d8e0bc3c572ed4803de844089d430201f11b519ed6c42,251,271,166
25V159,2026-09-10,318c12ee06288000d625bbdc2cb1c82d9e244f8d43ea0fb2e7a543f38e595c9e,228,264,106
25V160,2026-09-10,d8d764b601898165c5f6f1cacd30c489d023e01c9067cb76bb8fa4b99b00f6f8,220,248,150
25V161,2026-09-10,63129fd3075257331561532040589b48f84058e2b342c66e88b564d801cedf10,237,295,131
25V162,2026-09-10,45bfd1704d3cd86e022d895f3e8eee255a72dc8424cbae42c15d19470e26a421,230,233,66
25V163,2026-09-10,40178b8c568d714ed3e29556b5dfdc7df08c8af93c94445c1c32fba56a8a2205,272,193,140
25V164,2026-09-10,166c20130f64d5e918cd7936b3a1f1fd24f86eecb2dea26794f8746f0c0b9bc0,233,291,58
25V165,2026-09-10,bda09fda48ba50afff8342d0fa3a2fc6ba758052650c3acff58a1e9dab653373,236,243,124
25V166,2026-09-10,10edff99c42562a2edf37d71b43b2356037c109ee51ee99054db804e01ba7b2b,236,239,254
25V167,2026-09-10,196704b431500165d4571e1b1b9f02202d80723f5a26ccd483f71fe125170c55,156,285,91
25V168,2026-09-10,a3ce0e121f58adcc331dd02cc73ececa077dc6425b744f6ae121ff8f9f4192fc,234,270,160
25V169,2026-09-10,b4d208f7141079ac7ef7307fe3f13fbebc998869cb15913cb7d75a137bc4b317,236,281,99
25V170,2026-09-10,cdb5f5282392d5d2c160b6452d11358deae2aec0632082e9941ac77a2980570e,234,129,78
25V171,2026-09-10,c17295ec829083487240212c5cd58b1daae8d2ba0dd4fec0f7b22b88ca69d736,216,369,73
25V172,2026-09-10,815aac5a0b2b0f3a1e9f3e99379a38939c1d8aa1aec44155f2c5f1d3d3743e50,267,189,103
25V173,2026-09-10,2b0b0f7545a0bec9723cdaeb5467b2f606679a044aca67d819276e9965945a64,314,340,102
25V174,2026-09-10,80ecc5779cffd94644cc4e663360225ae03ac796d15f935f9e3a6a57358febd7,279,467,132
25V175,2026-09-10,0f2af7b2c6ee8bda51d2c86f517f421100ed26c075afe32ebc34098be988cc1c,279,194,126
25V176,2026-09-10,cb3232e47607d039afef4082ef73aa99a4aedad3c1e43f822192a44a83b6c0d9,248,367,81
25V177,2026-09-10,7e84033713796487359cd376711e34b70218ea165c0af305e08b8a7c4d05b798,248,355,81
25V178,2026-09-10,be05151334052977cfac9c040419f40c616829b7f1bd98e5ceb39542733464a0,321,225,110
25V179,2026-09-10,b5921de7ee23c13c7d20b87ca1d6d8a5e320dbb794404bb158e9f145a6a8c14c,445,279,71
25V180,2026-09-10,0c14bb93c47de8287c39dc89709bc0485182ba2816d72b37779ee1ef5995edac,233,314,132
25V181,2026-09-10,de64026147ae2e97bcd316aa8c85ea886007c47530a6ef433b3b650bd8e212c9,308,223,52
25V182,2026-09-10,3b4e9116bb1d06e68768ccf68d8d45e381519026da1c50c116f8af9bbebf7241,297,253,52
25V183,2026-09-10,5a3754033f2739087cf550ffbc6b43f411ca12d3a7773207893deee51c66717b,229,199,68
25V184,2026-09-10,7ad5f825965d6a39109393ea7f93df6817433a82271987884580f8d43cdcd046,271,205,45
25V185,2026-09-10,d65fca80bc40d20c8503e7ef7bf9515ee8e65140847057eba1c2486baaf2fdcc,333,190,45
25V186,2026-09-10,32c1d7d1026a516b070d693abd891f03340dbda5f6cc36cecbcb2de68f2c967d,239,197,91
25V187,2026-09-10,5f0973d1830e5818ba5d702ce4ba77eddf9feed7fe3fd8c2d6b970d22957260d,237,391,52
25V188,2026-09-10,c66d59e37a027af9c4409fe9ca4c133b0895348301030993ebc2ec0410454b41,279,669,199
25V189,2026-09-10,02c300eb7b943b5fd26b0b2b606cdc204af54a4521de0ad0ae4c0fb6ea60ff5a,189,312,111
25V190,2026-09-10,5760e1537aa6500cc50d18f72c366031085c0d7ce13090ba5b6c805c6cbc5140,230,347,89
25V191,2026-09-10,382dcb76ae15da7426e6cdcc9fdf1d5adb40b501913cc501871fc897f224a216,257,291,108
25V192,2026-09-10,a2e61d1de76f82c13db14eba7c3073fde28d9a3c9c662f86422d12d46f8ed02c,247,186,86
25V193,2026-09-10,db96068fc2f74df5479649309954627315b2a8a8b3bcf51152f0da7a99cd7cb9,296,293,127
25V194,2026-09-10,698fc6cb5dc2cebda4644347ed5367ca8fc28122cfaba0a9594dd08d57513e2f,170,225,106
25V195,2026-09-10,7b1b39b73338597a1cc0c766d79b81b4f5b56d346042b5f9e31925a2f398c712,204,151,60
25V196,2026-09-10,073465c9d0ea0202ed9823dc7f5092383979439dd7413769d0293089685b9ca5,236,331,54
25V197,2026-09-10,d9cba586a73810c244001d240929c645188243829c6a80c6fc33119df5dec625,397,258,128
25V198,2026-09-10,c865a498929d207bd5c41e5c5520a10847c1d5acdddb26620c94fcddbb0a20ed,255,232,217
25V199,2026-09-10,c135e4930baac9f17cb02ca82ee6c7c7b471571f532bc6dba2c16e6f0fb586d5,238,223,59
25V200,2026-09-10,a071f2ce2acc4efee8b2dbd62d513cb6f879fc8dc3f6ee4676609f9d83040308,242,431,88
25V201,2026-09-10,17fa78b1c629b667a6c330f0cdb8655a5c6389487da59fe0f4239aa4f1862ac6,227,231,149
25V202,2026-09-10,ecc175c50b0ef792a95c7daed2a1b0937fdef477be3425ad51249ee926c8cc02,312,324,168
25V203,2026-09-10,f0d3570b5f3cfbc8e2a062137ee86e7f83b7c49d8d2b4430596913c2dcfe7c0b,188,193,164
25V204,2026-09-10,99d089560d5bc8ac4e322f14b2a6a47b9c9b14833de8029485e6505525cffc75,168,172,253
25V205,2026-09-10,bf8e3596622478f4cd97ecd7e1fab9bb22e60c4c25b3a4ee9ebbf515f3da7ac9,168,246,126
25V206,2026-09-10,3ae0b9bc1d7ddc158f82753cd9c4c0814aa1dc88c7726fdfeeb466568587d385,281,187,142
25V207,2026-09-10,29f114a52cae42486043ab4f60730a9a054e93c17426d652ef278eb3007af85b,219,286,72
25V208,2026-09-10,ad65552c4874d7c86aed731254a8d262f7c1a8534a141c05de5e26c0f05d117c,207,132,107
25V209,2026-09-10,0022f06672cc1bcd6fb80b8388238e4ec94b046a6d8084ef4a37fd7d2801513d,242,281,126
25V210,2026-09-10,50e4e185d3ecc3c5c4cf0fb5d0f71a7a0312fa77ba53fbd82d045f86b09922b2,213,137,95
25V212,2026-09-10,487fac60adb5c793f179d0578846e538b9e780aa845690bdce885e9e242b48e3,251,185,75
25V213,2026-09-10,32533858e5b7647d11f7dad6829ba3e538cac17cc57cdfd30fa8fada48a4f619,239,196,55
25V214,2026-09-10,c19162adbc6da8a246d64e7e890f4f892f9f05df38f8ba75542bc509d8dd09d4,256,290,121
25V215,2026-09-10,5019f58acc8da2a067ef2e48a1033a99dd09c2e2b3f4e90fd22c8911a20686e0,207,243,113
25V216,2026-09-10,e332ef95b3d7e73998465db8a7d8a0ff30a306668690d9bfab6b79ee812e0c1a,211,271,115
25V217,2026-09-10,0402e162e0155f9cc8b5e7812d9e80a8995cf38640caf1ead98498a595c197b5,270,185,87
25V218,2026-09-10,413f3c82e46e76f7987526c10d41464b0a0478d6a78a4f534ffb763aaf0d4084,176,241,52
25V219,2026-09-10,9cbbdd9818d8626013234d49dce180fe6d08b8dd9851a89648e1b79e841896ae,236,233,83
25V220,2026-09-10,b74c92b77be75bec97634972e548dfae96c0878844e0b51aced27611f080fb58,275,295,115
25V221,2026-09-10,c7a1230c416764a3522ec95b551f02650e2a71379679c7b3ae50f1dde52a87cb,233,174,76
25V222,2026-09-10,78263c5570d15a449b0ae7d8accd2160fc1320afd3885894e92724ac75df661c,257,133,90
25V223,2026-09-10,db8afc2cc95a8f7c7e1221ff0d93a42bac0f9e4476dddd364b9c999d862a9469,257,132,90
25V224,2026-09-10,8b9208241eea676ddd23533a5b4f495447ac2f286b941ad01c5f017bd87b0c31,370,326,104
25V225,2026-09-10,4ae74552023ad3bd68394746dbd84676a46237f2873b88a5d43196ef35a5bc8d,320,279,115
25V226,2026-09-10,2bc85f3725b18df7e0b33c113551c0061bc2a9c313cb4b65029c28620b0afdc2,240,305,150
25V227,2026-09-10,f5da879ae0a32a8a76ef744f4608e0a6bb370f0e9a472ae87449f69d2d651518,207,262,76
25V228,2026-09-10,d2304747612516bb8701b4a6a1dce6d581af12bd81ef808f55d96bb1f14d94b3,197,171,107
25V229,2026-09-10,983d8b451986593a6cf39fa2fe95e1f31532b2e3f79db7c0ef222868d0c28248,231,222,56
25V230,2026-09-10,c3cb8aac270efcb33cecd0f6aa6f1ddbd415ce489bb8654c2d3cfc1cd649d864,231,219,56
25V231,2026-09-10,bd901a377820fc13bbc49d090137bde074f656e583bf3f9d7856e0dbc1ab584a,227,175,107
25V232,2026-09-10,0df906811e9def21321a84c0e4ee30229e0d953a33a3ba520fbdefeac5ef8171,272,352,131
25V233,2026-09-10,4b80724b1b76af383ff03ac1b78b2ab974b0ec2b6a29e562d39f93f37e7abb47,230,371,131
25V234,2026-09-10,76a110ef349eae1ccf3b75037a05277cdaacb0bbadb0553d69c7dd703b8915f1,319,352,131
25V235,2026-09-10,022302437cdcf00393f79288f5749c8ad2168a088a3d6f4cb85b3f42ad310f52,485,416,96
25V236,2026-09-10,62025cf7fc12c1fe9457373a3c17a17a97206d8fbe4cd347f7fb0c71c2337bb2,384,216,125
25V237,2026-09-10,731a67b509ac86ed78b5a4fa58a6292f1594a4009c1250dcc4acafdb001c5ea2,263,428,124
25V238,2026-09-10,574e973f4da554e198014eeed46930fd7d5ea5d672f265b2b377f5a8eea07876,344,201,105
25V239,2026-09-10,0f6730dc9e45f1627b3686b457717319f7b8ad2cbf348142baec0cb74405426e,228,190,258
25V240,2026-09-10,5598fed78bd9440d8cff6ae91278094bb048f298d58e235c86b6246531fcb263,217,278,62
25V241,2026-09-10,925e88e420f435dd1eb5db72188f4c42cdf6da539ad574e40a3b3145635b9b6a,256,227,79
25V242,2026-09-10,f084a778156fe891bc6a6b2d4a1106c8a51abb4ebe9682a563fccd087851cbcb,158,266,106
25V243,2026-09-10,021f1135be63e772bc53fce0d8e21f686715a3d847ed1722422c07eb8359354e,254,369,141
25V244,2026-09-10,046c9b10e8f8d9d5b183bac478826c5c9b70b2268a8c0f73d6bd4304ea6d29f8,204,295,96
25V245,2026-09-10,31dcfc1bd971a76479bd5ba8711ae5beda5c2a42fa6dcd890effdea322371fa5,526,396,59
25V246,2026-09-10,cb0987c305761e21ed9abf12c768d8502240ac5bddb979840203c23ce5865a5b,261,298,127
25V247,2026-09-10,ae3c0f3a29dd22699703c2146ffa05f2405fdc9acd27cf5179656becd140a260,200,184,79
25V248,2026-09-10,f6931e2518aa1fffc92346389dc6404aa00ecead06cc3aa3d8797171f7d84338,225,369,124
25V249,2026-09-10,dd4fd62a8291633adae491fe144ea5fdee966db9e96646e3674c6252c82de570,243,226,91
25V250,2026-09-10,522fe423e5190d6ee5aba946d06d8e63ea8512aca9ffca007f7f2cd49a7adf7d,379,194,101
25V251,2026-09-10,4fafb28834bbeefecde1719b57bd452e085caee5ea28b48616d2a4a39fb0c5f0,222,212,54
25V253,2026-09-10,8c5f568de02e8ca30a52bb6931b3f3ddefe3576ff9b9ef3c97ccdf7a6c7ef47c,243,243,102
25V254,2026-09-10,1c804f698b938ac44e493ca91470bedf13010f6990c0681ea5e19796b0aa87a0,241,398,131
25V255,2026-09-10,86ad2725875897dd90f7fcbc797957bcb5ee29aa0eb5918b9cf9fda3f622c682,231,275,256
25V256,2026-09-10,5e6417fce766ebc8788b7033ee867677f322ba103339c9357c3b438e69e4a9d0,259,192,111
25V257,2026-09-10,4f609b42d605f0bbcbc060495395ace4fd810ed173a0e00542f0b665d82ff148,261,225,111
25V258,2026-09-10,8d02062c4592169efc3fd3428e0385d88c7e67c78ead2f9c4bbd6626b8637209,247,186,65
25V259,2026-09-10,d6b460cbc2953d1b7442c7233ea3e0b01e42259edcd72094c1d2f0a92ab9d756,441,292,96
25V260,2026-09-10,2e6e7dff33fa8fcfbff48fa50d3795fb4af909d01a51695a504db91d7e329012,467,225,104
25V261,2026-09-10,58e117f52f9686678baf267192d6ab16cf636bd3ad8cc6efd11368b3b4b78858,187,247,129
25V262,2026-09-10,d48d0125f54380b92e599e9e82b4cd0b7cd221757784d74b81288651bdc340b6,187,237,129
25V263,2026-09-10,ef5136eeaf5be7c2b086bd83453dfae0962f3507f0ed3e7d90a7b497a64ec298,229,262,85
25V264,2026-09-10,d44c592e108ef0d4b03947a6ed5792b36821045f688e927ef63e2d314b08bf68,281,334,102
25V265,2026-09-10,54823d6436a65a15963a7c640bdf12e735dcd0e8ded89e2a41d0d7742f84869c,225,429,111
25V266,2026-09-10,e3888fac12539b54df26f3a30b7dfd8def49f7a19a1d0e78f1665bd2f7c48a64,255,159,97
25V267,2026-09-10,ab2e9e782b5ef43453352ebe87613dcf3a9b585efa0ac0b5b5c072463c7f6805,208,208,59
25V268,2026-09-10,f2d440ef8c372cf4e9a3497f5454baa674df544a5cef9019b4749d59b2c5321a,263,305,112
25V269,2026-09-10,4fe58c2402f3d6c9e9e396d17394a7619b7b3b75e3b838870bbcbb7264e1d0bc,255,365,154
25V270,2026-09-10,8f1fc47c47d43f0fbc741867d7a973ef40f0018e13e884abfe166b3253ddd1c2,266,262,134
25V271,2026-09-10,e6e742a31fff579abff7400dc45f8fdaa6a876891fb13cc7d747a50362c7da89,209,271,136
25V272,2026-09-10,75b045d1f144502c3731d7bc00f217d89a2eccb8158302204ad5cd48bf124304,325,254,133
25V273,2026-09-10,79a9a45411fa3cfb07dacbd10cce8b132035781c63afd4536a36bb89c3e57399,265,172,125
25V274,2026-09-10,a74461cd1a4a4db6432c6a7f278ef141769b1e4a065cbaa860b6185c92cc0af0,525,356,45
25V275,2026-09-10,a457ae7ed8acbaee29c4bd1b4f89bd83d8bd3e2c3729d819820ae18a048bab53,214,214,190
25V276,2026-09-10,f5a6d3af7a91f1fcf7a99484ae70dc8c406422fcef6590acf979679f53c8312e,225,221,86
25V277,2026-09-10,a5219bbd81994fb1b8df22ab2b6f5e1c35b0d79523e7d0252ca98f4703a4daea,230,193,102
25V278,2026-09-10,7a132abc712e268fe28ffbb822527f60aa4842cf21f50743e2167cf328d8d89e,242,300,60
25V279,2026-09-10,b567207f3a66df10e9563f7b405261bf24ad2423660b5c387f161bf09a88b54e,229,213,53
25V280,2026-09-10,cd6a8415734ac831bb9496dc191b26b8fe4172eb2a9dd588d547fd2a458fd790,334,306,134
25V281,2026-09-10,50527d30ac0dc32f55efb08e2de17bbef2b3db95adb2a3f0939f1e0dec47190c,257,304,59
25V282,2026-09-10,a75d5d45010120a4ae94edcbc6fdb3832276d7834708c61b8f5d66fda364ff7a,262,390,134
25V283,2026-09-10,6295a64c667af001f85847930315b4e27bb98a94676e46216de3ebd2bf698677,252,198,87
25V285,2026-09-10,ce16377dfff5acb14082862fa7c600c2d3712469c1d90bef2bc22eb6d51ab62d,310,183,84
25V286,2026-09-10,259145e15c370977f7cd11710e06dbe2b0feef3e296d4ead0e0156f8743967de,234,224,59
25V287,2026-09-10,e3ba41af4a07c57c53d7713b78b5cf0880dfdda52fa6280d07a54f17dc542870,239,180,102
25V288,2026-09-10,b23055278d6892dd6486ceddbd98b33ce0211ba0e2a9cfc7883432a935a0e07f,433,256,82
25V289,2026-09-10,5aadcbd547920eb5689dd05bdb858610c4f1124c05426e580b8bf2ac8f9abf5e,221,421,112
25V290,2026-09-10,c7da40a1050f8824a44c191748404e7be61bb9a341b95b435a157313fba628b1,316,202,104
25V291,2026-09-10,e02655fc3f35416f49f0a81f382d71fb8eae641c5bcdfb3cbe0f7abf93d0d03f,341,270,63
25V292,2026-09-10,44ecdea23c10c36da0653b828226ab07a0f5e25047bd644c513802d4c0f1cfe8,187,192,59
25V293,2026-09-10,07fa420cb97781418d3f8d50bf430b46858bc2e7d83795efcd8c9e57b2e16f2a,276,296,134
25V294,2026-09-10,572b95830bab9b85c467ea13c55c4aa409a288046648889d551baf43c1ac264b,225,184,78
25V295,2026-09-10,08f5177fca0f47f14c4e77a77b27e8259b4c1529abea03447302387f9be31095,263,363,99
25V296,2026-09-10,a828ba391b9a9947de14bec000836e9d46ee3276c95070a1f44215337f94dd6d,322,270,71
25V297,2026-09-10,e67dfd6a00b1b7d8372499b7b462aa7fbef05de7a698008b113cfc2fd3e1d241,214,333,172
25V298,2026-09-10,ffb40b23bd63b495b3554ebed0bea5353cc67515c70a77a6e1a6300b38f56144,253,327,97
25V299,2026-09-10,fbbd9f13002a97f2d46efe0aa51f8ef02abca99934d7503858f7a29e9bdf39d8,312,183,114
25V300,2026-09-10,8650ae42abd87868d914f0ef5355bee7444269b0f315192a03dae8223d1cf799,296,212,202
25V301,2026-09-10,fc7123af00a853f97b66a375aebf7b13d9561fed3347d13d92f27265f2f3283d,208,198,59
25V302,2026-09-10,7458f64bd53fb99bbbecb6a0128dbe71ed55fbe20952c3b7729b972007dad649,402,341,105
25V303,2026-09-10,6cf121dd24049e6a15c5cd7c156dbf178615c98fb9072550018a8464c95a233a,314,189,120
25V304,2026-09-10,7f41b3ac5cdde7a45a14429c8c71e2673d26cc7ca20029bea0528d0048d49819,176,223,59
25V305,2026-09-10,d9e80adbf1d0ae04d2ac8ea3baf9fffe277fa4d641b9d23824daf6c6f4d2838d,179,208,59
25V306,2026-09-10,4f546a517f21e0d869051c7198de4633e5a6aac6b191a2c4bfcf8249e6d5b7f8,192,151,113
25V307,2026-09-10,0b7dabb99aeeb9783b94966324b334f3c6cd1b1c315712dd8665062fc250b1b4,233,159,116
25V308,2026-09-10,a3b42d2a60cd7488055838a50d260ecdd7e26eee36ebfae56022a535a31284e5,438,200,104
25V309,2026-09-10,ce6fa84cd0d42b8b62dfeea81bfbc5cc434ad9a11a40a8f5685b8eabd7d73243,254,199,114
25V310,2026-09-10,a57c4a216f51ffcdef76bd00476659a74e93a9c6ba9ad4e975458c46c839bdbc,251,246,104
25V311,2026-09-10,9b0acf197faa0aa9f772d0dd7ff25992696544ecfdbba0b69dc1042a36b9fdc7,259,295,123
25V312,2026-09-10,aba5931843c54a27197d872c555a1fb7772bc1991a788d516a26312684b31d8f,211,387,148
25V313,2026-09-10,40c20ae096d2ad9362c3c93522312b4f8e65cec562e7169910bb27fb52331543,246,421,163
25V314,2026-09-10,948d6524aa1b0c737978062e1d38cc887771e0dbfb0c15d63cd19cf453cbd1d0,279,249,55
25V315,2026-09-10,bcc03df4867915f106ebec755809cc839ab6511853f4b69fe6018fb2709d28dd,576,420,122
25V316,2026-09-10,caeb9aee81c24764c9ffe7c04b235a86df134cfa6bbce2a56f46713d18e0a23c,234,157,101
25V317,2026-09-10,ae7cb6c47972668f651942528a8106be3c19ae0b5774c18051d468dd245458a4,203,211,83
25V318,2026-09-10,534d8112d2d4951ff960d1f1a0f9712b0a5b37d35447f16394d3531f2d357de7,186,206,104
25V319,2026-09-10,27a23354f809fe35ec0133bb8a33669eba23a60392163ecedf9fbbf484dd2e14,321,184,52
25V320,2026-09-10,56dad3d2bcde423c206a28875453db0a16a78b8f6a841afeb60a6d8d24a2c6e6,286,212,59
25V321,2026-09-10,8e558b90f65f4e5713a344ea51484abd8cf403a515e8243ed2450ec42a9362d1,240,355,59
25V322,2026-09-10,85c0906f333309f51532d2af76eb57be0ab550f5fa85022895c9a290fc2b49fb,294,197,152
25V323,2026-09-10,6262521db6e2c5c69a7a12cf33d794d987be4e4a53d1999586b772c4b89081a8,256,318,86
25V324,2026-09-10,42690343197aef316b11dae0bb2ddc246662e886940623ba0442d56dac35d50e,211,301,130
25V325,2026-09-10,7133db1d379a1db67c72d63b062e2d6cf2ef46f66ee8ce70753d6e664827f467,272,389,250
25V326,2026-09-09,a3ee572e786128b44544f925915f59e6c436024759c44c9dccf163e7d9b5ec0d,499,257,45
25V327,2026-09-10,3f4f434bd414805a375dfc6334820035c434682db007335d1aab3c4a2d3261ea,250,276,61
25V328,2026-09-10,cdc17837f1af9ab8dddb600dca0d27730d16dad34a84bb6bb6498109e367292c,197,338,125
25V329,2026-09-10,d9c1244ee120aad874916b93c34c3d7ba1f6aca7652d6acebb93d50e754814b2,239,292,73
25V330,2026-09-10,6788397fefa63986d935023bc45a917fc7a265f4650f0a03f942cb4fefd60eac,231,318,127
25V331,2026-09-10,d913ad9489d0fb8da2bc15bc5956ce64c43310b6e8fead4f7e57e9dfee07bd1a,334,202,69
25V332,2026-09-10,2581d9102fc964796a2ba0a25d9e3dd8074009b5c88b5452f08567df24813b77,226,176,168
25V333,2026-09-10,16258eb9f8a8b6031ccc456c86ddd6e79d120cdd9605038edab32516a79dc8cf,241,131,124
25V334,2026-09-10,00f56ea3e8b6897ce11c06d5672aa67fcbd0f538481dcd4e7e4f71104c4dd573,233,353,125
25V335,2026-09-10,968d5456521f420cad06fc3c34551489c98e7a2b4cd1659d598e213dbcd7df31,225,292,120
25V336,2026-09-10,ae89a2ee129e9a35c66029f27552128721a8f3e9db10dea2f45f2647a4a4b34b,215,370,133
25V337,2026-09-10,53d14bed4c12a32adac9f13e59eb619733351d1693cc4558137882dcb1815d00,277,489,293
25V338,2026-09-10,e0580b83c6f6bb604ace29c5062d4e5cb169a65c83cb0b9dd264a8aa8a5603f0,223,530,126
25V339,2026-09-10,ee9cdb2109e0fac0b81826e0166078496da74ee5ab8ca10f75a1d695d23c9300,228,354,150
25V340,2026-09-10,9961dec0bf173904d4e7cd1bb67fae3db5b665ed159bc3be508e75651a4d28bc,229,455,114
25V341,2026-09-10,8180e18d9a2d014eebfa50a4460035a5915944590b430806c7a5d7f868c8f44d,343,241,104
25V342,2026-09-10,617949196db76901c10539e0660fa5f508eaa6f17ce2e3bce340667c7e5a34bc,297,222,95
25V343,2026-09-10,9ef0aeb885beb5abe03ee9fdbfa13ceaac0b7b71820c7746744284a5f4ee40fc,440,338,66
25V344,2026-09-10,6d6d567c7b6225d67dcda5c07ff8d2ae5fc77491719b9741290f4d76c01311d6,269,218,90
25V345,2026-09-10,7d97aeab30f47d4daef92a37d4aab6bb6e274968707a69420072afb31f5a848d,393,440,56
25V346,2026-09-10,73d5db3069ac52721e7e5410e5f9e1384c03dc8dbfc6f7683188717acc39f9da,223,283,118
25V347,2026-09-10,2c5653471ec64e48da066870c7735ca2c119604d3a8af803cd81758eefd82281,326,151,95
25V348,2026-09-10,f3e03b6457d0d15040e035a3fd853a46479290d5d6592b55d77b9f9177353851,226,263,114
25V349,2026-09-10,8aebd21ec1a26d63b77f1ea76fec1c6ea5014f065cd5b65360644196512abd4b,233,298,134
25V350,2026-09-10,e86956866ce774fdf35e460ef3c933617b359892389b79d69c6bd4bfa69cbf69,231,323,122
25V351,2026-09-10,1c309d302a84c8f2eadd8ac41003183b12e660a26bdbd6486256cbfd7fc0273a,253,331,102
25V352,2026-09-10,1872e00da08828ac7f4e405615e31c9ded0d216332613fd42f53852972056c47,210,181,116
25V353,2026-09-10,5af93dbdac5ea4d8fdd4e07cee7fa2fb3313caeb1d8b46550f40c66c957d9a60,250,268,47
25V354,2026-09-10,8fc30877debd9bf0d0f7d89ee0a2598469642ef90126f17dda69b379226a5468,182,198,125
25V355,2026-09-10,9de30ecdd579f16b9d9f93d62383d9a51d76493f4563e001ce580f7993bae0ff,229,217,68
25V356,2026-09-10,49e16f822ddf996e588b4b164300b357c5c876cf72379b91ac0541e6d5778081,302,148,174
25V357,2026-09-10,3e57b1b9ef8d6e8de77a0c69ef7567604de5d10d7dae89895c8ae08130293135,190,216,80
25V358,2026-09-10,51e4d4237ecc80ebe5e7636f1c27a611bffcf818947878e740900dd3de4a7eb2,220,229,91
25V359,2026-09-10,ff35a1fbc1379092cd3cf482744443dbc3e804837d1c9988dfba0d9e02dc50aa,261,340,106
25V360,2026-09-10,f3a584a1e8ed6768ede894e9cd9a5703434793b5546becbc135cc7eac89cc364,205,176,139
25V361,2026-09-10,89ef97c755bee89bb6c86b3cb7b59b9cfc5eeaf2ce5b9519f521b3813bdae09d,231,323,137
25V362,2026-09-10,3674abe2c7dce9362a698ccc0f546e8b36e4f1a759a187d6ec69e4e4a04b53bc,231,319,137
25V363,2026-09-10,a8da135fd397df8f00d95302a3b2611193417b3b2b638deaebeccf37680955c6,184,206,56
25V364,2026-09-10,86409a31bd54531bb77c6bcc3fd2119d55114a2f7b57a396591b9fbd6d6739f0,260,194,76
25V365,2026-09-10,c17b5f8a6b2b5ae37844880450e96d55797c0eb3814e42504970e1842cb5ea76,260,375,85
25V366,2026-09-10,08605921c0ed5de3eefa23c0add4da2083ee87064ec964cc4c3a647f7d680aba,216,473,123
25V367,2026-09-10,b29a9dd2634f28b6f61f3a6779dfcd69310698042e9cfbea84de6d1d08018f26,199,148,99
25V368,2026-09-10,ad3cc653d2ecd0b625da3b794e4128302009cadcde06710a2ab36a229851aa6c,167,386,141
25V369,2026-09-10,b26e05b0aceddb218507f0d02633c1814b894a5217b01c4acf89376bea9acb88,336,410,136
25V370,2026-09-10,454c4d9f04566f787c35082313c952d9acffade6174b43ac939ad515927b252a,265,192,119
25V371,2026-09-10,2cfbe53bddaa298e8e0c312f4f8b05ea1646719712deea0ce9f608f80da105fc,319,222,73
25V372,2026-09-10,148c13d91af20adaf469c2dd413d47636eefc263705cdab5d84f0acc6765a7d2,232,219,216
25V373,2026-09-10,3c4998321a281f7a529d2bcbb85cb1bdaedcac19a9a3a787463fcc98d2e88096,322,369,151
25V374,2026-09-10,be66c2fa4756493d9a995195e757667ca7615902734f016de13c2bd3659aa87a,240,269,78
25V375,2026-09-10,6a4c07cfb18860946f8fbf90fdbd8fa947c7d89fe30cb565b0331f9e57c7447c,379,263,61
25V376,2026-09-10,db40f25346f92e536e373e05f11aa76f6a9e380114b6034ec9523b0205b6f5e9,686,197,46
25V377,2026-09-10,eca95724624bf4b724c39cc75e522276fb7b0448e48734d21838974626cb9d9c,220,286,72
25V378,2026-09-10,696e724ac7be2ba5ef32d48a671e27c49a9917abc14888809efae5bd6c07c433,180,303,79
25V379,2026-09-10,f9427f384b0b92ba02232987697ce5e66a88b461a801366ebe4fe4591e8c1f38,184,506,88
25V380,2026-09-10,1dad58ba74a29bad64d9e32c108292ca41d7d10f0dc787392ebb343652ccdb15,267,239,91
25V381,2026-09-10,a3ab98855a15b724d38a84e6fcd5bc73243a16f4c9e23b20f4146c813b995a7a,184,222,131
25V382,2026-09-10,6c6cb0e7167266fb687702cba2268b1229602f1da84ddfdda7fa929f3e833e68,212,166,168
25V383,2026-09-10,57aa28382ada392d07ef6ba555774094886c37f625b1ea107948b49187c4b0bc,189,189,115
25V384,2026-09-10,246408f34f2e1b15b0ded4cc2eac6dca2f72ced85ac02c029becfc197fde9146,243,224,90
25V385,2026-09-10,710d566bcfadcc7f60b343316ec07c5bd6100928e029c0cf981e92d0659dde73,209,202,80
25V387,2026-09-10,bbc11a4a38c90855d86011d9216f3104344c03b21b92b9cfb526f2e4e05bece7,322,321,137
25V388,2026-09-10,1115dc7d25b095947b195923cefececd7dd923e014f3d3edc124d4a55bd9ed1a,239,302,127
25V389,2026-09-10,a74fe38e5438293f84fdc02ccd328e6b79e1c89b87fd48afff244a81b2054101,242,382,127
25V390,2026-09-10,01d80851284cae0f7639d850d6023b563172d47c81b45d9dc728803f7d016dd3,454,233,130
25V391,2026-09-10,3a3fcd11c2185c9905996386db0f4d997e2b5cc4cd97c64f26332178135df987,253,424,144
25V392,2026-09-10,241d820cb27e7f480ab15b7249a43c489a05f54d76b80b9a500284bb07e5b802,415,365,55
25V393,2026-09-10,7838fa7898891671e6e85df0ef9754f6d7adf4c4dea69f2af58f53127dd8d04f,273,243,117
25V394,2026-09-10,b9eb85f56ba0f42ff260a5f5fb08e03052e08888a11ac86c4c301c1519c07fe5,228,327,97
25V395,2026-09-10,1d6bdb0d36234c5823a95f56ad8300124221055cbba7bb8997850bf60a94f9eb,228,220,52
25V396,2026-09-10,b189c26fe8f7376b5f5a9b2f53cdb58750dc9c9ef0c4ae9277503ece02f1575b,222,306,88
25V397,2026-09-10,19ebee922ab48ebdff09af1f734aed7f5c13a7f358bab4335a5b408647888744,237,203,120
25V398,2026-09-10,c6c0c30a5730d8f129ecca860607f8273fb6a5a9f5ea90e92f959a4f574cbf4d,349,240,46
25V399,2026-09-10,576d484edb008c48c1d7fe2fef6ef2b261ac5cdbd90063cdbbd70260e303c89f,221,581,108
25V400,2026-09-10,c9bcbe5f7c1a7df1339216b0150237593bd34af8b6ebcb59ebd337cd3b932c3d,231,383,145
25V401,2026-09-10,d221b3683448fc8f2538aadcfb132896c21fd0ed3387ee9b72083c4041ed82ef,318,484,62
25V403,2026-09-10,4868e33bf0402ace031d9326705555eb608408db22e1f04df91bb391202363da,228,396,83
25V404,2026-09-10,e2c19b7cc573ee40d0ea4f7eeb6c94faa70afb277cb6afe36dfb45ccacf80f9e,442,340,88
25V405,2026-09-10,15c77d964889f7706aba870010325144d6109a0216dffb20b2ca1634148afafe,233,174,105
25V406,2026-09-10,f07667dddbe683173eb7f283c76089d521484929dd74dfebdab72dcec8872d79,168,155,88
25V407,2026-09-10,74c36f6863b69454266542172dbf0d3a32629be523450c6cc01cda5f90d97382,250,211,71
25V408,2026-09-10,8fdbd3f096981fcafe7365fed2d869eb449a95415f7a8cfc9f51745e76b3019e,309,193,55
25V409,2026-09-10,602e7442b35baf1116bd6391189e9edc00707f623364749f443740d082c0e40a,326,218,55
25V410,2026-09-10,7a0b97b41df0379a1f9bb97984a965533038a7e4cc3e841027b15e5c6a82d5ac,280,168,94
25V411,2026-09-10,75bc32dfb644ac58ce9f235c044454127ea38a4ae7d5111a4cf965e8a774d946,299,166,97
25V412,2026-09-10,45bcd5ff57fea01d815a394319f0de63cacd6c91968e18361a76e2a60c187189,185,182,99
25V413,2026-09-10,f2e6d897115137e9c6b49150bc4da3b422e444de7178697df440993311955629,271,176,79
25V414,2026-09-10,664c373e0d5b8f179bacac6afe698f5be0c142a8cdfefd093fccad54c3a25b64,475,199,130
25V415,2026-09-10,cc6d45d528ef5bb28909b8b479152a102c0f4bd9c8ce0d2fd751189eb4b2eac5,249,249,113
25V416,2026-09-10,b363c1cca275a1966cdde9ae9eab4ef40ef421a327608134ffecc1d914b46c48,269,280,131
25V417,2026-09-10,9eb83e1fbc0bd28ec6fb22999c9bee749794c2501a8f53949861666301cd8394,294,291,187
25V418,2026-09-10,6e0fbea37652fdb27f12e76b31e6acd0b75a9c0a5cffeaccb199a28abb1a8729,422,187,127
25V419,2026-09-10,7d0f946a616be2b6f82e8824c836ae1ef7c2f650b848f65ff9a493c8dd6dec73,277,175,86
25V420,2026-09-10,435d79a70762c34674adbc68b413892d88268d3cbbebb40f7aa9189f6dbbe1f6,231,159,82
25V421,2026-09-10,778c30c84c252b7ba3ee39ed9daaee6dfcc5571c8b4c58acebc05d4732b70580,259,269,69
25V422,2026-09-10,605dbbd4f2b12cc16d570e356ecf757ee50a444a7d3de8d0acdfc0cad1b1b618,297,576,200
25V423,2026-09-10,eb8334d95c6bca75364e29d77128fc46db63825722e36ba6fab759423c993b65,277,291,72
25V424,2026-09-10,912167eb11de94fcd6964ea139c9a8b0f1d161bb43e9ff038dec368537b210fc,266,226,76
25V425,2026-09-10,24cb267967882ef615ab68f2a0ed61b21f4034d2160d023c064d7d832d46488c,235,215,125
25V426,2026-09-10,2e732f0e769e039fbdb433d8550d0e2d58f5e2393048dc05dc6c8eadfc65edf0,212,326,127
25V427,2026-09-10,13bbf4c379448f1a3c09719cda342a1afff6d22e9011510bc89a333fcfdccbe9,221,444,122
25V428,2026-09-10,6b5fa81aece9dd4b0725ef3474ed928f856c8858dd14efef5866dc93770e9edd,247,228,113
25V429,2026-09-10,10e00b53d0f4dac89bea46411bba06b37d1cfddd415a3d9a743b94bb2ae136c1,178,215,120
25V430,2026-09-10,d56f1a11ee7124fe6293ac752b8934a27864a15ead32a4cd799f35da1d602c0b,238,363,127
25V431,2026-09-10,3389d3031b6f7b647d9d874d60a5f5df0566191596a176addf17dcf492711009,239,186,78
25V432,2026-09-10,54e822ae97d3e94f10c854c8a8302b7081ddc5a13e31b319b065671bd9cb596d,278,326,183
25V433,2026-09-09,1c99106a8d772e5328c65cd6492fbcd6d9ed17f2333f35b8107659140e6be399,367,250,193
25V434,2026-09-10,a795f17d1358e4a5844417de3c730dc5234dc3e0fcf524c0f32c5ed861817691,219,389,56
25V435,2026-09-10,c7f0b02c25f2aac4afdb4735c6b65dd32232cce5b916f142a3e16037bb8587c9,207,413,79
25V436,2026-09-10,5a8b4013cb32ea7c8bf175d0a5c7164fdde2cdb2349eb21035472284350c5640,256,660,249
25V437,2026-09-10,efcea2b57e7129d525a965d8ae9d0e95ec813abb133fb087ec68868f26d1c7a9,292,328,177
25V438,2026-09-10,17534a8d3ab289daca5cf1fbbc9ce3124de9c17068482a50bccf0d73a30b341d,262,233,102
25V439,2026-09-10,e5d721693a54b0cfe11fb9fe3affa66b87e076ef1812ede4e8defb7bd6cf7af2,220,228,92
25V440,2026-09-10,e8c6fd4136c685c7368a72406e21d43712ea8ded41975a95373546cc40befce7,227,234,159
25V441,2026-09-10,afcad38c4a5d56f59170225da73de7c0d743c66e4c4d19cd73f168683b4325bd,297,171,113
25V442,2026-09-10,0c669c2f747ae2e858b61f2405871cf82fabbc736ecc8b439c77a4e4141f9199,223,496,270
25V443,2026-09-10,5fb3600896ce3fb17894bc6111982daebb3f520e3e6ffff0b2815a63e6167715,279,168,93
25V444,2026-09-10,d52763e21ff708b0e7fa983712681ef095ecfa3361468b1143aa51c8467e5ff5,288,285,122
25V445,2026-09-10,52c50a80810909fd9d9dd19ad09f3599f03f9930e44e413878cd87241973f364,219,221,138
25V446,2026-09-10,2d1be742bb5279b39c02490251f7eacd8f5a23416536d2b336a0c8902b1f0021,188,330,99
25V447,2026-09-10,4e8784f25c2202fe9b8f574d9a3bf680fdaee254feb394317c17074bbd245c63,220,162,164
25V448,2026-09-10,2dc786ea5e050a90854cb28c6ffca90b781862da3c1a716b41ad66e942880568,263,199,81
25V449,2026-09-10,5d83c64b3f6fe3374bc3b452701e792dea870bd99f8d1af06fdb43256a3f23c9,406,304,126
25V450,2026-09-10,9af5b5096c58bfce932640fcaa2fc824cb5d5e4bf680fc06f5de34bb047e4d7b,219,201,89
25V451,2026-09-10,3db4496ffdf25f02e40fe8e83132270b13c6120b10a026d7951d0d6b12abad87,217,279,104
25V452,2026-09-10,1198210e5f5a098d5a48491478c1e5e7c9133da9ad13a8e1f5e683d9efad225b,248,187,152
25V453,2026-09-10,018f2b3276b2cbd0f491f6c0412a0899f27e7a3fe6ad0a789c715aa78e096bbf,297,187,145
25V454,2026-09-10,8bcceddc9ad340883831a681f3e6a26bbc3ce1ef34439722aeae1fc8f8c821c9,220,157,187
25V455,2026-09-10,9d4fdab7f3a0e6f9b11f9becb24743f2054235277afed0ac2640e58f049566f3,328,294,46
25V456,2026-09-10,6614cfaf559fa8ca83584f0ba48beb1bfc9b59dc164cd571e95b2df869963157,218,217,142
25V457,2026-09-10,25a0671cd415eaca8033fe9ccb8a595f128c67364948b6ee3d6186ad0529e981,175,336,109
25V459,2026-09-10,8b2fcf838fc837542572968d2cf25461445d2b15fa16011ddd1f5914b7a67e7a,237,213,85
25V460,2026-09-10,735da3449ff94d0fcd567d14252b0ff51c6534089d0c671e24222194b60a5f2a,243,174,129
25V461,2026-09-10,824b9c88e13d14247012fe3457cbca0e6c06511b15bb3a18b18100c050f39f68,230,311,105
25V462,2026-09-10,20a7bfb871206a8d0af82dc12c4ae4a025f88ad0c09c93b605da51245c71194a,335,273,49
25V463,2026-09-10,bf58f3b32c9331e2d151a1994d87d86ada2156de529a7defcd9506bca6f98e03,261,374,127
25V464,2026-09-10,0ed38d105e4f49a7005e23fac73728ff083683157b6775120b64f6f07956c7da,239,212,79
25V465,2026-09-10,9c9755e5ae9a89bd614a0351b95af610cd368660e55649f5e9fc3595c93691f3,178,192,55
25V466,2026-09-10,6a95603ea442a51baa0880a70f2d5ad8a549142e50cfa250c0ac7570325f7ac3,215,143,187
25V467,2026-09-10,1e8cc8e7d6363a825ea366c3e7835b14e846ec5ee7f8403ccc37cc2784a0c41d,752,198,125
25V468,2026-09-10,9711c0cf2e371655c30b012811abce90ef1e7f41461c28917eca2f2aa55c78da,195,180,87
25V469,2026-09-10,5cd8dd8125953b9ed8ff5ea34bf1318fb34101687f707d6a8f519bba9fbf438f,273,350,214
25V470,2026-09-10,4575825b740b080f29cb803ced481234f7446e4c959b1e52938d0a77cb8ac9ab,325,252,205
25V471,2026-09-10,441606e8bedd457b50cb7b0482a05182cabed53c26f89ce39527f13a10e3c267,244,329,127
25V472,2026-09-10,b9c1a1292d67870a6e172de2460ba80985c9ec13eafeb135cfdf45dcf6154bdb,269,316,108
25V473,2026-09-10,cbd62771508eb391010d3d3acc927d641e906536e6b5d77425ee865ebc563791,286,180,113
25V474,2026-09-10,580aacffe5d2dd5107a37339814997c4001253173335d392c8596d585bf31ba4,263,304,149
25V475,2026-09-10,a1e97c0a3ae161422f83449480ff66204d5501015c65278921f9b90abe606cd1,183,255,185
25V476,2026-09-10,a515da3b357195d5a3e7230b0768c317e6d35749a102b4b7f0e39e665e02fdec,219,227,84
25V477,2026-09-10,cf3ef5ade6ef71f1e7f64af029154a47d32f913f79124a7a118f50db923505ad,295,212,93
25V478,2026-09-10,6c81219fbc342e4688d39208a74e861bbc521cad98865059929a9e7d080fa637,246,306,92
25V479,2026-09-10,f42a6aaea3b6d2b407e59db83da6f5e9c1e633b0961394d52fa6eed977d61135,316,297,56
25V480,2026-09-10,354e89d7de1af3a4936248c24c7955dd12c9fc95ac041222623f40cc5dd46a89,236,300,139
25V481,2026-09-10,324842737b96604e72ec6b3411d4a4ffdebcb2f781a3085f01c8663d4643b4bd,255,221,83
25V482,2026-09-10,3a3371384aac5144d7ee50e5c46f2e3f1474e2e55a1d0d18bf41ff25c64e4f58,366,185,84
25V483,2026-09-10,256f29c3d39854479ffca1fd5741be56e4c9cedc7ea75e37217ebff94575f42f,298,196,91
25V484,2026-09-10,4b80d5801cecd83e5574c5a4ba85cd31c9e8343d2754da13bf2e12ee6dc9d264,231,402,132
25V486,2026-09-10,26cdba5e562e5c61077f57f2939f1767c3e18fe26db22df7a0f33812660b88f7,427,253,61
25V487,2026-09-10,e37311b906f62a49dbd03cfa84fdf3d5967209dcb10e524fa7fb753e1548a5a2,441,265,52
25V488,2026-09-10,f0ce333e896d143bcfa5509e3ad069fde2668a40cd9814dc86ae31c94e497ce5,249,318,275
25V489,2026-09-10,33e43230b33d922ed55f23d10808b8d34a6e13706f10ef2bfed61ec8d9cae118,226,405,127
25V490,2026-09-10,6f47afb627afbe8d4be654d8e5daaa2b75cb49ac497bfc57087554c8ab9c05ab,233,200,112
25V491,2026-09-10,ebc9399f8d6a4a71f84f9a32c96aaf12d38fc8fa1b6dbadab62dc8de8d7427ca,202,189,133
25V492,2026-09-10,950c6c5f6ae01351e1160a88cacaa8d8fba34c04fee0ca5e9001516d1eee7c82,268,229,199
25V493,2026-09-10,fa6636e31fe12470713925fd3d86111eac356a2726cbe3a0e235b56cce92ee35,246,133,97
25V494,2026-09-10,f4a9fadcb932c845e49f6b73d9af3828f6b42d3b584b1070f57c8c548d276b49,249,145,98
25V495,2026-09-10,975fcc1902e4f8ed7c4bb7acb3044d564a0d5eb7358a2c45aae5b230c5ea0bb4,223,311,96
25V496,2026-09-10,71bdab0c7b9d41a5ce30e424604b5785a00c29e5e6288cd9806967c828e2e9e1,186,191,94
25V497,2026-09-10,2e0ff4cbd156c0d9db0a3c17bd045b0842d99f27dc16c9bbf55f8b6b2992b29f,224,173,45
25V498,2026-09-10,e53f65f29116509331fea9bd080b9193ea01205c72d2c07585c70b4f539bf19e,186,163,86
25V499,2026-09-10,652b824419d3b936ac85d12448aa6af8e8bdf25072e6c70b084f4c08cf0e9ecc,268,261,77
25V500,2026-09-10,723b8f8cad1958aa9ff79d8db91ace8410be7ef9e60c3ba4a6b75969692bed65,255,186,47
25V501,2026-09-10,ba8bdf6e6ea6726ee3595ef2575c51d66c24512750d03f6d55c8e29f948afa56,237,214,71
25V502,2026-09-10,ae6ba823352297aef30e1f097594eaa02284202c655b0f8da2d26740dcaa49a0,442,340,130
25V503,2026-09-10,02cf90450db8a4c91fd551a5b057666f0401dd23266823b740db03badcf6f3af,428,248,130
25V504,2026-09-10,eb6b57a7a3e73661a8725e0dd4507fbe5d655c058c8d858c717921ec7d15458c,232,237,96
25V505,2026-09-10,bad90f0fa579a6ef349035b6e72dfb5258a20cf69931ea2ca91308ed14168610,235,421,114
25V507,2026-09-10,efcca3a7612321fc06f16c91785d3d0cfd93d3ce03154cc3f091410947ed7c91,233,625,97
25V508,2026-09-10,1228249788f46b6047cf7e321062019e4dc156ddb845e8d8adaf9b19177e8f15,234,402,130
25V509,2026-09-10,123690e40c0b1a5d060a60ad66e05d54b6fe860b985b86aa10e617d3e996086b,378,257,117
25V510,2026-09-10,9472cb9e6e65d16e337109218d17bb24adac6902b2e8539d3d46233810f9999e,237,236,149
25V511,2026-09-10,3afbc6f29cf1d4976092e73eb762255ed5541be5951337d9cb1680b835147ab1,240,393,129
25V512,2026-09-10,8daf4abb8b685a85156c1733b7c77bbdc77eb086316b74350f6693b8058143e8,679,278,197
25V513,2026-09-10,03b1a1f1c752b2594a161b36599fdafbc15ed0816fed86050c6e1b68529bc733,224,315,264
25V514,2026-09-10,8eeb5f64a17a08495c221b54b1b3f9fa0ec1ab67bedb28d5b9ca03e24ff81f47,396,223,107
25V515,2026-09-10,baa400b92c9b1518ff2cde5de14dd20bbd5e2fc70ac70e4b3e76ba210507995b,257,365,80
25V516,2026-09-10,35c1dadf5164e6034b70728a8677feb41c3d42483c792b4db84ffbf1460e2a40,237,433,140
25V517,2026-09-10,88ceec7d0b2992109768af03fa25e9ebe5fb3951ad215d58370328aef2b437e8,260,353,80
25V518,2026-09-10,3ea02deed7adb278325886b83526f1889a43548b11e0757f9f03a03f57d09efe,272,382,126
25V519,2026-09-10,59625473df2ed420a0dd495576389a587038ab86400a1e970efa4440d7a23032,245,615,116
25V520,2026-09-10,27a916f5175d05b281dd8897c099f40130573dd9839a9f45e9f591f9bc06d546,291,199,57
25V521,2026-09-10,09e276b8d355805b4a9e1f320e5a6921903b291b14f1bff95ffa6f4bfc07e542,275,195,57
25V522,2026-09-10,104ecb43ddeffd2b9716f39a7540363f1f69ad543621aa06c71fb0415e83fe78,264,185,148
25V523,2026-09-10,16fa762dffb06a6f0d856dac2f9cc080fec62198e7f6fc0a652707ac4d22d166,230,158,46
25V524,2026-09-10,0b705875bab2c3a0177e363c4aea58d612ae501e1b54d7ad16819e0452e9d985,195,193,43
25V525,2026-09-10,bb72f6805a7bbda4f13531ddeb2efa7cbc4cfe461cd78b4c97b2e5a49400ffb1,218,154,136
25V526,2026-09-10,e8aed9817644b738e66428a8df314ddc0417cbe70475cbc97e4e8fa03634428b,230,189,56
25V527,2026-09-10,4cee60e6c9714cb796383ae500dce321b05b133fb130f01f95416b16fec5f98f,263,378,96
25V528,2026-09-10,663fa70dbf4e96fa3fd5d02f6e13bc0cc92ba3b9e314f8c87ee5ee7e21a1c6cb,248,193,94
25V529,2026-09-10,dde4bc16a75b5ef89e4d6dbf6356b065e3eac9500f4593f247b1460a41a48223,207,220,183
25V530,2026-09-10,0dd81f4b3a40ff8cea00acc928afd71144324b041e583a82025500faf2ddc459,228,343,119
25V531,2026-09-10,07cc43894ae5b38be704aa4c4bd357812751e1b59e651c68bcf6457ef15b10fa,264,173,45
25V532,2026-09-10,68f751eb7bf979d8a79e2fbcdc2ea0398d473d2c3b6b3dc034c20ee2ddfd27c1,264,170,114
25V533,2026-09-10,6f753e29b762e673a490a3c5697d4463db4c10d007c0ec74853c5ef9d50fa902,195,271,95
25V534,2026-09-10,bb4797fd2fcb8a393944c7c4ec7d0b0af2930ef32264b46524ad0cd19c0aa9b0,329,190,45
25V535,2026-09-10,28692ecfe145c68151cfaf4d8454aaf54a6cf8f8ec7cc5103cbca0fc3427cce8,308,240,58
25V536,2026-09-10,ab2208f91229d8dccbe494137e9da8c61ad7c3a465b9d53887a029c9d55727d1,235,246,125
25V537,2026-09-10,784b5fb3a6fb36f98daec437e1d0bd7b1cdf7169c8e7e421121af5d753c8e425,294,194,52
25V538,2026-09-10,b9b437b7367dcdff1a8bb4fb64ca44cbdf683ea093cab9f2f2b419c13f9459ee,216,233,62
25V539,2026-09-10,fc758687ef5a57d4317af8152ea7b6b7122ea2d0625e00318c7d06c91accf2ad,259,214,51
25V540,2026-09-10,c166545b316ca84a7be5927811db318dd4367e82dc1599f1b8423afbfd7cbc3a,280,177,140
25V541,2026-09-10,2ca5a1fa2d50e3c1b2f63451d3e2629961be9049bbd33703605fba9bd05c36b7,215,310,75
25V542,2026-09-10,0a35f1eb2f01263c9094f12990a57342a58c8d0b03cca1d508723fcef6b6ea3b,235,362,165
25V543,2026-09-10,7e99a2db687e6351f4820804a48bf3e77826fef6383d3a21cf523f6181a452b4,486,384,126
25V544,2026-09-10,3c814cd743e7f496a8d122b4e303927b3c811939ef0a73caeb6e24452b6ea571,401,158,104
25V546,2026-09-10,02cabc9855966966cdda046096844e6cc1dd46c44ac354d5281d3ac26f173bc8,351,427,151
25V547,2026-09-10,b1ee3e35ca0edc4a33fcda08142aab35676ab5e522b2afcba1b04b5d9765450c,217,150,86
25V548,2026-09-10,93d5f70eb94594d36c9f04547dde9228d7008dc3b244a39b73088de6c03652c1,230,188,52
25V549,2026-09-10,48614b5ff71cba3026500d9d50a0d94f47167c6d7a7714e8b679ba2910dea809,209,259,158
25V550,2026-09-10,f939989680ef7907213453c63627cae8f21cc64f86a60241c631acfefa702599,254,160,86
25V551,2026-09-10,2ad3fe56173d8b41ce7e58745999d5b7c669373e245c9526c4023a192052c949,323,156,128
25V552,2026-09-10,04dd1386ff8848d96ad531e44c404b0398837dbe6540b0853e432e3645b2fcb9,358,345,125
25V553,2026-09-10,bf5e5e9e4b3555eee7abf181fab89ba08238acaed5fbc80922f92e032d602550,288,185,84
25V554,2026-09-10,a68aa401937b4ec7a3dd81a7388bf4fbca04b528b6d02c0d0ebd66070d8731aa,238,166,95
25V555,2026-09-10,d6583938490debce8e0bf4f65a6b8dc7b6bf2d36ab83b601c975b87b8f440937,341,167,75
25V556,2026-09-10,c67059abf661d11db987a22519c5b8978848c792063712c1fdbd911f7b743356,294,226,245
25V557,2026-09-10,20ed4d6f258ccc9ece99f2fff5fc73f608122be9f46b25c756e53cdff69644b0,233,312,93
25V558,2026-09-10,b5892ea434dfb9e65e95d98417a50a72f0ac74a7b5ea5b5f81e98f3a2c614257,202,221,188
25V559,2026-09-10,3d6ffac2f292ea6232a1623b8cfd77b7cde0560581359c7ae7edddc5967489ad,174,240,74
25V560,2026-09-10,811601ae909b1f541cb5ad154f0a6213364fe316599d608a07464520653eea0c,149,386,135
25V561,2026-09-10,a74b7ac93b54cab061060bac599eff84cc89425a89d621884b2bae21c681d529,191,225,114
25V562,2026-09-10,ffd8803b4a0a66347be675bcc5aef772c73c0d352c6e169524ae938114366f14,393,254,64
25V563,2026-09-10,6ea4423ecc2cb3871109aa0aa88e59cd3d5914efa3daec56c46ccf68215e62fa,260,343,140
25V564,2026-09-10,8ff18c5dd55006636c9fb3b34f49a81a289e044d1b22c70b9b25b5137aed0ca1,226,189,107
25V565,2026-09-10,cc1a4b05e16e8e6b33b05614130b6dd900ba562c01fd4f70c36ee2f2a0caa3f0,266,272,59
25V566,2026-09-10,2f6d5062d914668014f784be993b60e11092d805d01bb1787b58ba201532c409,281,266,61
25V567,2026-09-10,4c7193f0a8cf11994ef9ec5d2fcbd09047e1b7ee9f74088e3fe8408ca40cc713,215,273,61
25V568,2026-09-10,b37b5c5d72c87aa9eb2c49717169dd45ab93487d9c2296c8677e1a89fa063b04,632,210,129
25V569,2026-09-10,ad1abc45055cfe3fefd1dce106cc299d55eca0b9c5cc4bf6f1a2b8143c127eab,218,355,140
25V570,2026-09-10,8f40bf3abcee3e51ab3161205134be4d733a73e10e889cd250eeda3efc0f341d,237,285,128
25V571,2026-09-10,7a50fcfd22257feb1fe6070704a63898c9e943308e9e1299b552a8c1bc76983c,277,174,158
25V572,2026-09-10,289bad54c90ed5539445008b22b7cb6bdb52c05f0258fa7a0c5581c5696f1e5f,501,360,153
25V573,2026-09-10,376fe0f0ebe0ad5dd7966e927e74f13ff6a5b6525987a8abcb3ff19250a4d5ae,516,336,105
25V574,2026-09-10,353f2c4a3a6d8659af4e0c3e325b197e312932cc9a803156f82f60c4d51351b9,350,455,49
25V575,2026-09-10,ee4d6fea9f09a4369a3d956c5a0432099c79767cd6b91c4040c2ce4af0919d7a,337,301,103
25V576,2026-09-10,39a33be35c56d8799b2423b5440a20aeece9e94485f83349b71574ce8d3c1222,359,204,52
25V577,2026-09-10,77cc633883d8ba9ecf3c261ad8e3d3f45a9830607820c5111b9b6258a7dee480,439,258,147
25V578,2026-09-10,c4894a719251827bcadd9decd4ca6a82a71e0e0f6f33f45aa9e31fa34b27e1ea,199,256,119
25V579,2026-09-10,8a84b7e7b5c3abf97adbcf257127609b9c4791fddc39f15d6a9251c9c76114c9,177,182,59
25V580,2026-09-10,30ba34f60d3100920e3433a533ee045de0d5b1f12e815912911faad1b73f8b01,261,444,72
25V581,2026-09-10,567530f742e36cf735bcf123feb7e80f283d2a23b776e2a9935b7d811e1a841d,288,222,49
25V582,2026-09-10,edc985a7d159763c719de745bf5b23c784819c6f5e6c463abc143da098737ec4,339,271,110
25V583,2026-09-10,b76dab3207860add3d280d8862b55afd89f8ea7499572cd9da8c5e9e4a80de69,342,452,124
25V584,2026-09-10,bb0ea59c886df7ccd2bf56bf974dcbbdd0742395d86c6620bcc2545fbd30646c,242,239,98
25V585,2026-09-10,a5b0fc026ab4b9e0cf4c1b37f474da8b48636d6bde9ef164b76f7b1ab8644c83,239,220,64
25V586,2026-09-10,65bf880af1350ef8d15162b01d0ddce584c42d889b67dce2f6cabfeb494684a1,864,203,52
25V587,2026-09-10,f9419cac4eb3f7fd832403d908cd036a88c212ebe70385856f9cb85482df8a63,266,186,52
25V588,2026-09-10,960194d2a884cc5360da04f1746d7488d55f251d3b621f8abc409fdd92511431,204,223,67
25V589,2026-09-10,3c59a683362e4eae81c355921daf858ac2b55fcd7b36232d984c272a29ce6fea,364,208,104
25V590,2026-09-10,2f22f3b977e6586c4f15be41e0684288fb42ecb3839f37b713f1da01de8409b8,237,140,140
25V591,2026-09-10,4b0fbd115e5561506d7928e15868ca17149e0745c7d976894fd7c460d741575c,182,206,118
25V592,2026-09-10,3b7350de2b8f84c78bad4726a48121ea0795f116c9f9ea5caadc630c8a121587,380,184,96
25V593,2026-09-10,9b8cf8beee12570ac292666370db7e213965d22cef3d511ed3a96d4175d1edf1,356,212,97
25V594,2026-09-10,667f90f5434e1136eb2ceffa982e615b58672a040745982eef92640f8a866dbc,320,417,127
25V595,2026-09-10,bc4d604aa21a57bace3756bf730ffcf79da8103ceb5117ca38ca993cbc09e6f2,542,482,111
25V597,2026-09-10,954fe33f7807762f9203d85a7e6753068091ac503ba7a8f169fcdbd58e967ab7,239,190,79
25V598,2026-09-10,3a076230a748661b77d063cea8dada46398002be298d0f664aa73b6c01e4e18a,327,262,73
25V599,2026-09-10,7fc89b22c5d0de81fed2aee2bea0b1d6c4fdf773e75e3b0d45130d16c6aadc0f,325,280,139
25V600,2026-09-10,00aa54dd05e005c76d3c618f3db2740e0900296daeccab9f1d59f8a5fbd011c9,313,310,139
25V601,2026-09-10,2fb33ece4b69e8be74d7cc8355a9b77a05f73613857e02a9f6bf7bb887a208d9,265,503,166
25V602,2026-09-10,86a7f160ce6a8a4c344624d5daa800217cd995f12ea46ef717d4b290bc5c1922,265,276,166
25V603,2026-09-10,3e5927ae5eb50b8c195374adaf1ea7ee0fe33e360c8d54325f44cd232a8c87fb,242,465,65
25V604,2026-09-10,e708457aee5daaf308821136fae1db97a6f3479817d30a1aef1b79334d7af929,242,310,65
25V605,2026-09-10,486c358a5f3ed2e46752d25ae2b0de3da6f51f4a3304a1be28d2956214613561,385,224,66
25V606,2026-09-10,5027528a40fc47e506ac6995f7f470743ee3b78c62bad540abfc1637c28fd68b,369,130,112
25V607,2026-09-10,245f4c66a2afa6e4bf324a8298b0a1d8dbf9636cc374be980650a650bad359ac,718,176,115
25V609,2026-09-10,ab8c4119d59f339818dcd425d447b86a0d2738f2cc9a60b4c023d3a56d181ee2,362,174,118
25V610,2026-09-10,f8eaa2205b1fc3dad38632bed07c9de8ce3ca7568f04b7b3552dc65795796855,262,212,47
25V611,2026-09-10,4b2220df3f6c2e0bf410a93ff255e56623f82ecae0868c42f589860e9d3584f7,236,149,95
25V612,2026-09-10,26637fb11039ef06f19d46a3fed7899f0f95dd5bad1f251d679009cbc21f911b,268,357,116
25V613,2026-09-10,5dd94b4ca3a1e331f17b3bf0c4911c90560cb1b87059775b4115fd0fd28f0c53,245,233,208
25V614,2026-09-10,715820d2f8c8abef5dbf159a2d408263f4fbcc21f8dda1f524a7737f4ca80ced,792,154,141
25V615,2026-09-10,f1cc6f329e941fd55417c05357e311484bd81dde9b39ba072b29ba5457bfe67b,484,173,134
25V616,2026-09-10,24ff1ffbd0b47f70f71d18b4a696334b229aa48dc143a8965ee3a21250e3f6f4,277,264,114
25V618,2026-09-10,fd33045beb5fe081c2cceb752e308714a45b800bb0e18ecaa89209488b5c6de8,168,231,110
25V619,2026-09-10,fd7b3c9359ae529bc5fcee8a5023a6aeca980ba159e5f9376442102b54880974,461,306,87
25V620,2026-09-10,a63932477463457cc91f304871e94bb84e06a86dbc558fecaa186356bd2cadeb,372,195,95
25V621,2026-09-10,ee6759f069780f33ccef2e31297f20e18dd87834798b44bc0d188b91801f2655,360,207,143
25V622,2026-09-10,8266af05cfaf4ab31f91432179b8addebfdd414d7dab6135378920cf1488d030,345,193,143
25V623,2026-09-10,271eec221ade814b112b14d82e46fcdc26711c040b4c21bf8d45fa486cabac6d,513,269,169
25V624,2026-09-10,1330637ce052245cca736cb21ff9453ed760ea866615d0f6b22ef5f05b03840d,360,172,93
25V625,2026-09-10,5847d34b6a754805f7c4f917298ce89054f3f4ae5abd333168e8170ee1693b43,173,281,124
25V626,2026-09-10,cc5da2820b9ea9d43d6e11becc0df133d84110e9ece6cf6894e7f12965cf7f9a,391,200,57
25V627,2026-09-10,a0a88d9d29e27bb70704939dc949764731b928fd17e6b587ac0221625f233255,198,138,84
25V628,2026-09-10,be30314ea4354045d07959264cf3de7f0904bb0ddb6dfa1a25f2cd4be011e490,683,192,44
25V629,2026-09-10,fdc6cc1ff8f4e2b03e5a138d366e672998124928bf5045e4b5d22e883a68517a,237,312,55
25V630,2026-09-10,14705a2760f1974447fa990c27db39ff2031b33ea35d1b125f0117f9debb6613,263,246,79
25V631,2026-09-10,d92148549aa18e88c6d6fe9bb56efb402cb81c79bbb1efc992e257f12af63101,1029,238,71
25V632,2026-09-10,5090ad9ac50657205d80f123a4ffa76fc66bc9bbcc3381a6dd6a49925fd3240f,404,221,71
25V633,2026-09-10,de31548d72000da975eb46653bfc629034d1264f12889a6e4fe2dbf4bd12dd37,306,185,79
25V634,2026-09-10,7083cec29c7a723543f892b78acdfbe0151c3495dadbea97578ab7e84cb3fb9d,424,237,79
25V635,2026-09-10,54bed3c77798d18752fc85701550f1f22f3dfba6cbd9be581b40b0b5e8dd47ae,233,183,73
25V636,2026-09-10,74e93193ba28bf25854885472164b7694013156b84e4b3c240aa11e2acd8c8d0,389,285,69
25V637,2026-09-10,63724104d9e0abc338b7e9ebd6ed0f0f8f24e2c0670919c820b4218e02ffa1cb,411,190,79
25V638,2026-09-10,151012e7b4f73f795a0d6a26aee8bc4d093db21dbb9ee2d9faff1eee4ea189a3,430,289,176
25V639,2026-09-10,fbc320ed69371bc83a05ffffd5bc58711d5ea7d6d6312add0d6efabd26d07cde,294,405,143
25V640,2026-09-10,3f22ea8685bb0e1c4b64deb9f4280de2f5af26edec618ee383f4007d9e52c47e,367,189,114
25V641,2026-09-10,7e2e30f4ea2c177188739c6886c555a95cc629ba4c38f20d2518257cc7a999a8,367,193,114
25V642,2026-09-10,dc2d76169b7aacf9e1f047408968164db75761c38c316fb0f6734771a6fc9b6d,382,220,97
25V643,2026-09-10,7166ce7c8e1df1cce956dd70258ba3b06c7c205c5735ba8c08b4a292c4939980,336,209,86
25V644,2026-09-10,71438395a979d80c576afb15eac886b9487a5536e9c620d99153a127c02faea2,408,216,124
25V645,2026-09-10,3bc6a72d0f645c70fb2188336915ea46bc595a1c28134ac647aa8a9296c217f4,213,242,123
25V646,2026-09-10,fe4566f6d5793c3c67852387a585ec57cb1e14cac0ebe44cf3ee2150c6647390,258,233,87
25V647,2026-09-10,93c9c3c1bafe1f7ccd1e50874304a437144bf8ef07cbd1ceee166d04367d027b,258,237,87
25V648,2026-09-10,151082ac22b7d38d80b62e2d67e90e634699d78f581f6fe02d7f6e1c739bc647,399,262,79
25V649,2026-09-10,c471294a79588b6dd47e4702c39d08518aebfa1f645c48dc391fd4f41d0caa7a,356,201,36
25V650,2026-09-10,e7b90f650614bae621868d7e067d700dff07ee8429e5b7633794e6d8d2057498,344,210,74
25V651,2026-09-10,e6c423d5c671db3bd7f364511e3e3ea70d4c00b85be134504948c211484d5f4a,306,170,248
25V653,2026-09-10,0d72f75b3b77bf6d1d230305c452ef7e7999abafa5d160b3ec71287f0c114896,255,216,92
25V654,2026-09-10,01b2fe32f0cb833e3437519f1adf9ec0a5390e3ce1212b1663914c812f68ad81,391,183,79
25V655,2026-09-10,221b2b38b5239f5c79ce2f6022d66205a104737345c6241f19f28530a7619096,409,187,69
25V656,2026-09-10,7b9b50114670273ec702cb929717b87713e7e821642cd7c7465e6369688c1635,258,182,195
25V657,2026-09-10,bd7e285fae8a58ba24185a5cc90a280908151e7f3e7e8a4db6e2a2420cba8ba5,246,383,116
25V658,2026-09-10,a81b39bd84f84d79d4b76987f0167e9729816fbe8ceda5641162bac32d3489ae,255,346,167
25V659,2026-09-10,b30f6a431a672863e4f87d027df113e3679e40fba6bce50dfe7d620a7d98bd5c,382,223,49
25V660,2026-09-10,d4867bf8e078cbc0275c708e4df1e18ac80353292433e022ec78c792c3370fb1,265,210,101
25V661,2026-09-10,02d11481a0e1c328df8998b029c7d07f590763103644f6afc53fed8c222ca469,368,182,57
25V662,2026-09-10,fa475dfa9b6894542f66753f10f1d56d744f8976f36a013338c70f8e123f92d6,276,202,109
25V663,2026-09-10,7bb7f32d3fcea251c87ddaf6c31a1d805ab03feed0ba46eda684a59fc12b1c3f,311,218,63
25V664,2026-09-10,91af812d5d77c9a864a2fe3fff4521196415a5ac8265d630f48428c2a5c72df0,317,264,48
25V665,2026-09-10,a21c2bb57895b8728585416e00a188bce9aecd38513563bdd294a0990d321ebd,582,213,52
25V666,2026-09-10,09a3e2c166cd41619bb0337d24ddb1d54983a54b5ede8d1004affba80e37a607,328,377,106
25V667,2026-09-10,9e03cdbda6164fc8479c89682a09dea3fc74f6ba9c53bb7e23bb5fbe52ac4e06,457,390,125
25V668,2026-09-10,9ee178eb825e0d738b44747318b9b1f82d30b5282c959ce7ceb97033257a9ab5,248,151,136
25V669,2026-09-09,6c5077b0665291adb22e1a37197cc4a7dc0848de0b3175115f32228c2e3e66d0,213,189,94
25V670,2026-09-10,99564d84215f1862c15b2b38f213dadfb362b626a06e424033a560a4c26b800b,598,383,117
25V671,2026-09-10,36c9506143e2ae29d1959e25fbf6b6551bed3746c534302d0cfbaffd485a6a98,240,199,231
25V672,2026-09-10,bfb0ed9c5318aba4e7b2f7026c643295685c47d43349b28c4bd0025e80ce2b0f,253,228,65
25V673,2026-09-10,c13da7d46b64ea7b9c82ae3250b3e433995f00f12b722bc8e87e12f3dd0ad077,299,183,72
25V674,2026-09-10,95e2aac4a5d185aa83f5a80e1cd6aa156b1da28339cdf19fb39d643685795ea1,524,226,90
25V675,2026-09-10,480a8cdbbdb4469aa3246a8b3f9a1611bd9f06a324af2dbdf75b2a34f42df6a5,254,187,62
25V676,2026-09-10,e9f9c7e0ff9a4ccd56db311582d2fd6ffe51adc12a9a760da0c2ec8b21c1680b,377,299,85
25V677,2026-09-10,a6ee0c4046f6e2da3e359dca3750fd1e395780842d627807534cbb90fad28159,244,496,128
25V678,2026-09-10,0db577010e8172ed5797988c40687f192273ab2861913e4f6c6a77d57834dbb6,339,304,84
25V679,2026-09-10,37a635908bc84bfb448f3026c9b2b35053f5c310f96aa6d6ae19e6a66edd3c27,269,146,124
25V680,2026-09-10,26fc731c90c6356af594c7749b4834c720745ad387387d0bd2382ebaa92216a6,217,146,61
25V681,2026-09-10,1210475d588b876a0a6c64029d776a7cc82dd71de128d6b6292f0aa3897e40bc,269,245,63
25V682,2026-09-10,617d17745979258b18e4244bf7ff484a1a4ba732462b1f6f805ca427a2d080a7,278,290,51
25V683,2026-09-10,f9589e882809c5a66062c8af3595c36dba90d4903f999f2867d00e647567f409,331,345,79
25V684,2026-09-10,23a69a056459777b2200c7ef5b5e493632ff36ca13e4a2398429718c94772231,130,214,84
25V685,2026-09-10,84116e339a22c4b9e6270b052a38ebe65ddfaa03b90abc3defe4cc536bb8695b,690,352,60
25V686,2026-09-10,2a083100d47597659ef12b6dd1cea4324677dee270eb1585e5d1a6ad2f5a71f4,611,207,137
25V687,2026-09-10,382deb0acd2c1a7041d2449e9eb306e454e4e746d98554a9d36512e0fb40ecfb,374,152,192
25V688,2026-09-10,29d354ae9a708e7541b37e85b7d03d280f46a07c1ad8285bd2b09eccd7229b2e,370,425,177
25V689,2026-09-10,a672512a81104ad41de78d1ffb1728ad02d07596740d9ea7cd8b0dc2a1a335f0,350,371,153
25V690,2026-09-10,5c8814cdf86845662fba827e6d6aaac1fb37517a513d214c507b856153dbbd64,237,149,55
25V691,2026-09-10,28cd2c9cda97f0018e43acefbd6f0238bb405bca32ab029263cd5863f74b6507,427,225,135
25V692,2026-09-10,5db0db3e4fffee7aab07bd8ed09793621af5139be5f7aae6b37d674cea3842f8,184,201,129
25V693,2026-09-10,ab270ff9849b2361e33a83eaaf3c2be9000aa1bcf92120f3e2e2bac1e52d7c8a,391,350,173
25V694,2026-09-10,35db8b0e6bfe4b2de1c6683c45babaf28227ced8fed0255f543e81f43cfcdfaa,208,361,139
25V695,2026-09-10,92b648acd5c1cc4a81b30d3a3f7cadf905ddeb78fc72673c93570f055521a5e5,648,326,140
25V696,2026-09-10,2d7674d0cdeb40659b14200860b0b9a413ec5d1adc4a4f051cde8c5dd7ac26b9,342,309,152
25V699,2026-09-10,a570d5ef3cd4e7344a70c20ba6e9d918c7795d48f7d6b6f25642df41c436ee87,236,456,109
25V700,2026-09-10,aa7b1d9e5a150c00dc93cbc62ad3225394362ed0de5f7963e782ddac70087562,483,379,79
25V701,2026-09-10,d4f46acb1b115715aad305df00bd2beaa33881e7327f9f53dd6a089b26188619,261,357,113
25V702,2026-09-10,37f47b0342f9832d3af388fa990432613c2279c5e9922c94662729d9fbeb2cd5,243,216,86
25V703,2026-09-10,fd6b1cb0eaf6de2c56c08dbcbde0e7274a88bb9f0e59e527773eb7a7de491473,243,220,91
25V704,2026-09-10,008cfdaf8de4638f26d54fa93de53faadea3b89c99724a34de65d084f28d30f2,440,242,52
25V705,2026-09-10,3c6e5ca3d25183ce5bee35e8828f23227a63ed58f642e5446b4c1fb94f0acd71,215,464,162
25V706,2026-09-10,fc539b748e3bcf8c43a19df5982b5a792000424777b751d4e0bca8848320c3a2,203,268,98
25V707,2026-09-10,f55d954c831cd5e5327dbf71a5d73ecfc387a5b09495c0cc43433f89d79129e1,333,209,103
25V708,2026-09-10,c9da92c52a1f0c61c4f36f49a1ffdd3ad4849b82359ada308a0cb6aee356c3c7,279,168,79
25V709,2026-09-10,36c9c731ecbf56ecebbc4e1bfb2caa359b7056e8203007c3dac93b076a37c88d,227,280,75
25V710,2026-09-10,3f01e1a6dbb75e4bae11e9e9017a0d5fa9e48a52e14f2818d2515ea0cf614486,463,198,52
25V711,2026-09-10,cba2311396cd22c7e1eaeff210d33759b8e3c3f43a684fade72d809550d83e3e,347,326,106
25V712,2026-09-10,39876911dc7d8db21140b78d11b04a42d5d158cdbfdba6795f7529074289b201,346,249,106
25V713,2026-09-10,33054783a1896c579b2043d3f725ba68ab20e58bee5daca2e59203c1264fe1fa,193,143,82
25V714,2026-09-10,2825f3b050e5fb21928ac5783d208b23d437a4e91284ce4df1b2852be7bffb51,224,395,110
25V715,2026-09-10,0f1523ae7c07b6b6541de8c3627c6ec71574fe6d3a35253f129e31bb8dd7ed37,332,385,131
25V716,2026-09-10,9adaddb5260ae5796cd318883f858d27cb3391d8fdc1dbfd51ae25c621ee987b,329,224,67
25V717,2026-09-10,77b8c0620401cf21134b4e9d45d9b7b975d62aa15f6bdb5c71938c19b2f72eaa,306,409,114
25V718,2026-09-10,65355566787acfa019327c66447775908e2fb8c4226dd349a6d4485fa7fe8fbd,241,306,74
25V719,2026-09-10,ff7890be2347d4a13d21847fb568501cc316674e7a865a3d3b5f75f5d9a95615,554,254,111
25V720,2026-09-10,c48717dcb206055d3ee92862a49669cb6dd9099d7f668a933d704f859a9e6313,733,135,62
25V721,2026-09-10,90d0788b5945df5353e67f3bc34b1d74c0fa2eb9111fc44d1f7a227ed3afe423,364,156,109
25V722,2026-09-10,13823b4e3b00906d0b3356bc613a8dc0852ff030302abdbf0b287e76da46c49c,438,420,150
25V723,2026-09-10,9d58299f6e5dafa94e7df10570959527c4fbc0aa4b2904df8c174503866e6bf7,333,355,82
25V724,2026-09-10,d31074ee05564e6d6757d6c79b9a4565c285b69f95c11651844ca9933dbb2857,263,289,179
25V725,2026-09-10,ce2cb74b9c690ae9bd617e5ce5028ad47d39ee8720b89325b4a981594cef27c6,358,226,113
25V726,2026-09-10,00eca50fef7bd32b3fdaf8bd2042f132c3222991748210da7c35eb18923a073e,346,229,127
25V727,2026-09-10,44dfdf484749a9fb38b113962020eccade4ac2fe94d86ce3c4eef00d20a82864,258,202,99
25V728,2026-09-10,0e8ebb432d6045c05ab02bc4371b798f60b355cd3c35c98b46b6604a7e7d0d36,271,151,85
25V729,2026-09-10,caf43cf5d8675f9c41b1699fe6378a176f35c86efb1e2efd23a67377b47e66f0,369,305,84
25V730,2026-09-10,6bb646f9c1e549794f8d7121e291cdcd556c821696ecf8ba1668d421984d4c39,355,342,66
25V731,2026-09-10,f6f3c12957d37a917862aa18260c4378a313fd945c6009bb1ea3a5e18081b1df,361,288,140
25V732,2026-09-10,5eb309d28378265995ca76b8d5a5bfb172af6ea6793f033f11c6bd6e059bddd9,463,147,95
25V734,2026-09-10,f90b5c9672a9452590ee9106bd93bbbd6d5f6a62b160130338e44807f0c6cc3d,203,307,120
25V735,2026-09-09,b6394a137d561fcfbb724b26d51dab61438a4aad3c4b8be1edd6b8b4eb9098b3,406,262,108
25V736,2026-09-09,e3ee0ed5223bc8707581983fa7aa01e6d60e39ee7f0c4d7bcd0bb36660c4dd4e,218,278,113
25V737,2026-09-09,321746bcfd5234d78173bb61e64619562db3df0957ea4e91d399b450fae044a7,418,223,135
25V738,2026-09-09,ba91792a06d4ecb065e38c8900874b71335ef16d7436b163b8605b5c0ecc938e,378,297,101
25V740,2026-09-09,b998835f48f1c197bcf420ceec30c49981f042b66ecddfd1a876a76bc95bda2a,300,211,49
25V741,2026-09-09,16558fa625d4b97e14eb569e2bd414bb77fc18fddec7c59d024648ae62cf15f7,758,211,47
25V742,2026-09-09,214dd2b273f3f0dd09569f0b03deedc5bf831ce032e3b33a70e39eaf13edc824,266,260,232
25V743,2026-09-09,48309275b0968b792d2f482b8a4fa859ee0fe2c805ca998e15e35a71171c1dbb,245,269,73
25V744,2026-09-09,48fbb294fe2c36ac6baa2e59bb1673d7d1e2505e0f0dccae5292dc04312d9e46,269,493,129
25V745,2026-09-09,bb8920df68d72fb0947b9700426c09a4947f09fb4cf8c4163323870fa54f319c,349,391,109
25V746,2026-09-09,8dfeb66ca2d8f02174fedb9a867bf55d3a056b5d1919dcc129904e6f8bad66d9,222,173,46
25V747,2026-09-09,57c118c16212397874114d1f55d70b4bbc45295b759321d68c04fdd5632b2ae9,407,390,54
25V748,2026-09-09,a1e4f72298110776c88608add9bb900295a737d8ec9e9946429d81170035ccef,464,341,135
25V749,2026-09-09,9e7212448b09532fc2f1368f8c2b9d14126f9ec9509227be0e595b91951effbf,220,275,86
25V750,2026-09-09,87e47632f453d9652287bad45f0386c10ed68cb0727619f51ffde163442edfb2,422,240,81
25V751,2026-09-09,9ac5e42a421831fcff5ba4583bfbab0473d71426237d8359b56b52ba8e0ab3fa,249,252,96
25V752,2026-09-09,67ea1e423b8642697266c0bbb489ad34a5e0f0eda13d022d0d53534f44bde5e6,248,253,96
25V753,2026-09-09,868a4c2cff5849094a2b01efef851e203b0f8f5191877e2f70ff9fd212de3004,363,310,111
25V754,2026-09-09,a2241dfbf647e20320acac48a293ff1afcaeca9b90dcf54240e28909ca84e9cf,179,332,104
25V755,2026-09-09,b03a8349c7eff1819d2945050c7a7555a1b6a48f1136b4d1f1dee2f2d23b54cf,190,345,130
25V756,2026-09-09,2b76941fb73cf085d5c71a097e2e209089d70313638c89c937a4d0b7e25f8bf0,323,129,85
25V757,2026-09-09,70fefe9ed2af914c2db958807efb38c8c9478b09466fc93ff21055e2fe21a4af,350,305,109
25V758,2026-09-09,ece0ff1bbcb5717e36ccac64d0f991092d330a2083250245192fbafbc8877626,210,234,98
25V759,2026-09-09,3069aab83033a974fcd1d0da3f77d1e6367e7a2d2278de71e2e2dff8f73bc6e3,248,269,96
25V760,2026-09-09,7720db4231db204ba55bd014fb1203ee643944150736f4cc231dc6b9a827fcfb,235,365,56
25V761,2026-09-09,91b6c18667032068c8c8b94803b32b334b1be87355a70f76ac94ad47fb6acd67,195,207,96
25V762,2026-09-09,8064560e69a152739ca5a4a513cf9bb9d68b9ca785d2313062fd8f3901b2d672,178,314,124
25V763,2026-09-09,9c378e5916811d0525aa262dd6e022920e8438cecca9355a345ea2c0ffcbb5b1,529,222,88
25V764,2026-09-09,195390376db4537607993489d96196cafe21ed98d5a8cd6942362c7389716d7f,366,242,155
25V765,2026-09-09,9e34dfc20a7cba74b1d72dbb13a7acc051b042b6a6a737f9dbd53414b3cb46bc,366,357,97
25V766,2026-09-09,79d08bef6bc242d2db6e460a9e17925a1d5e35ca453b0305bf4f674abaa6bdc7,456,278,104
25V767,2026-09-09,9562dd4e36851fd3ade3b21bd16e8e55c92eb3cc7924e2685a5d3010ebd019c0,461,324,52
25V768,2026-09-09,23fa419b4a10da596fa1c7fb1e9a7eea559203aee6bab9764db25aa1d4cf9bf1,531,344,100
25V769,2026-09-09,5e53a5752df4ebf8b070d797bd2c657419a997693ed722262149081a37c852e2,350,228,89
25V770,2026-09-09,c35a0e83a659a1229229db0b1c23aaeeaef74c484092e85a30efd632b9b223ad,249,231,96
25V771,2026-09-09,5f3e5a4086b6fe393855b77e3aedc2cb5cec2fdf57d40e3962ca1080de12613e,247,210,62
25V772,2026-09-09,67084c46ce3f214aef8310aa7803fb6c2f0ccaa974b0a905ae83410d7a93eac3,225,244,79
25V773,2026-09-09,c1cd2b372e95c84a7c97db16625975c23fab3c5a02b319d4d52c70fba3fae046,344,317,104
25V774,2026-09-09,4e084b6ddf69a9b92d91ea5388344ee1cc5df2e807de18c4d44821e44bb6539e,177,280,124
25V776,2026-09-09,ebbd6c04ab7206c19d1b98fa7d3e644a0a31b2271cb826ff6a29535337420428,264,177,55
25V777,2026-09-09,556843d9f9e187b320a8485cb7ad3e411ab715967699d71753549fc9b88b99e8,320,245,120
25V778,2026-09-09,638175750ac81b930949e40b61413c307996d3cea046715a1122c84cb01c43ad,446,187,86
25V779,2026-09-09,6892db897263ccf1211423a078150051344fd747c81bb2de09bc74212503ba02,261,287,79
25V780,2026-09-09,9f29d18112a3d1c6989bddab20b253a4b1d1aca7cae1f1a772080e06f3be8f6f,260,486,79
25V781,2026-09-09,d1a4530f0e2413060b7813c01845089efb33e3e8817014892fcfcbfce4985000,236,219,71
25V782,2026-09-09,4952fc571723694a2a691130fc3896cafbc7cede5d7f1a21f805bba9682debc7,181,240,86
25V783,2026-09-09,48c84b826aa11e7b25fc3597a148d8bafc933d32b7cb133d58b118fadbf2dcb5,257,250,98
25V784,2026-09-09,47377ff7d8c8a3e82b6ce6cd54bf02865741f9180fc9933f7796451347fdfeb9,320,271,85
25V785,2026-09-09,4ef68394d59e5629ad57882146b394e540ae85119e94c563a643a5500413352f,341,240,62
25V787,2026-09-09,e25eea8ae6d4a4d18fd1de3432f6803721a9059bf4b891c84fbf979988bf2a87,340,339,89
25V788,2026-09-09,1f09cfe67bcf69fae3bc48bb06e07bd857c48a4ecba4c0caa931bdffa3c8f256,279,146,140
25V789,2026-09-09,f2ed9411b9c45890aed7ea4bdaecdcd4e651fbb8e6d97a4ed50e37c5d42a66c4,661,256,134
25V790,2026-09-09,7eebf85090f075bb235c91a4edbcefefc1e5522ea7f5f564f68a8687c0298248,345,259,131
25V791,2026-09-09,cfec2007dbf54be0c66b51686583ba7c4c77d09f508cda10fbd0fcdb9da3fae5,300,272,96
25V792,2026-09-09,c4109463906f1d4cbe460477bd85aa4de12feee19c2212165ac4e8f9230e8ab8,216,238,99
25V793,2026-09-09,47d6d9a9c219d4d6046cddd7bd6c20bea0f3c0edd59ca54064a7cd9751c48f99,393,186,178
25V794,2026-09-09,74f7d2f7e9791de958fb5f5a7d587a2ad93dfcf7669546259856dad23b65ab98,428,202,59
25V795,2026-09-09,0ed57f5b289e79764d3785fd43b977454cf2fe71e37123a696ea180705e9d001,234,290,88
25V796,2026-09-09,a144aa264ec7dc71822c6ecc73157f8129137037e43055d2efd0e64998e31d65,552,214,59
25V797,2026-09-09,8ff8ca46a0d53cac2d54f610529d1d92ae402048daec407c200309e13a4b602c,364,171,110
25V798,2026-09-09,69d105bc05b1261c9841ebd448079081d4d289230827215b5e0ec2f8d9bcfb86,414,294,46
25V799,2026-09-09,6b1ee67f1a8ab6d1ec1d7406176b73395a65bf1fca7b445a94f18c5a59343766,335,411,82
25V800,2026-09-09,00a0203597994444b06d45866a41999e5fc2ce0fc4dbce3bbd3895e5490e37f6,170,207,134
25V801,2026-09-09,ce2ffe12764f68bea603788bde7e7754e15c0944e89328d3587c2072509c26c5,342,188,124
25V802,2026-09-09,1f4e4ea10f8537d0066f1ba153804967c662256bbbdf71f5520990315aed9879,356,205,124
25V803,2026-09-09,e07232825c5f6ce401ad0c122ce8e6f562af2fc2d047a0e1f941039aaba10842,406,344,139
25V804,2026-09-09,7ac06d296761853c69d97ba815c35fc9c5757e7abfed38ec28ef68a6a0c9461a,428,358,139
25V805,2026-09-09,9fdfe7a749715a370839a86434072028dbae19ae1e130d507f000a532790f229,279,334,230
25V806,2026-09-09,87ff4484fb29e0a73c3753bb9bfc46ed52e318e653341ae3ae00febbbac352e4,454,225,110
25V807,2026-09-09,95a75268937bb127b13ca03ee2b00ddc0ad2c3fb3e880b0799d4fa9e81eae4e9,362,307,66
25V808,2026-09-09,cbf31353f216d7002c84ad581f03aa4d4b99a810ea1b6325f4ba11102ffe309f,349,388,116
25V809,2026-09-09,6d5716a8431cf3a79e518a5e87005e22fb352466ced862d58f1e89b831aacebc,363,266,92
25V810,2026-09-09,8648b821a3f397b67289b853921831b2800eb385d6c60baeb11504964426cd24,284,159,116
25V811,2026-09-09,f88d12dc06dde894660c6525cf3af71f78219111888e5f2033abc0cdd1674130,408,136,67
25V812,2026-09-09,c88cb0e76b1d72638aabe73030e31b3608c2f55797b5c2dd33a2aa167f1228cf,217,390,122
25V813,2026-09-09,d8491c2bd7e5d315592f159aceda472dc02bb62b450d66618e6f012592ddbff8,223,419,122
25V814,2026-09-09,5007dccc0635b35b4dce48ad690e468150fb16ff6e69ed74f4c91a0becff4980,187,253,122
25V815,2026-09-09,1bb8c86c7f813f075f5eb604283505b8b1a9824ff79987fb80654e1bb6265cc2,339,330,142
25V816,2026-09-09,e5b9558ef989c5a7b77d3d2e888cbdc8a406bb0ef58f69c0f79457e5f96fd3e8,342,138,127
25V817,2026-09-09,aa392ce5b38bfbd167494f50be86130155bad10002285996252ece6882051463,372,312,239
25V818,2026-09-09,1da7d61f842fda5051daaf3ed037715aa014ae4b4312758e9f51e05340c1852f,343,174,108
25V819,2026-09-09,09be5cb0518914888845152b85aff8163a26061ce15b467aa05cef348ae7a115,423,345,142
25V820,2026-09-09,fc03a49c0514eb98161ee0812773276f7eb078057fb930d7cd0d8487e32bbe8e,259,202,126
25V821,2026-09-09,ae1d325292c98c23c93770b18cd28bbf7c22d491eb6f861523770aa596cd3c6c,466,443,116
25V822,2026-09-09,1efeaf184aab993c0d6c035ec09192f203647416a3dc14b7554cce5260f421e7,358,155,87
25V823,2026-09-09,e1e47364747ef95248ea8e243a0fafa8935ace4b1e643309db9982918ec20b33,338,318,275
25V824,2026-09-09,d2afd14a715b0edcc8cb55e29a90211cf787568cd0c74cdd82fc9589889020f0,377,192,96
25V825,2026-09-09,9204f907a8ebae11fe744d2b1b6b5c033be6241271c4837b6979674634f4b52e,336,306,62
25V826,2026-09-09,43cba68e1d59935e2a8bdf6cc4e0eb119a59511e8105d7b858dbfa9422b78013,425,549,141
25V827,2026-09-09,d28062bed85f8d3d72570f0976e5a9b5c17f3460f0fd1cfb0a118197f0d16c7a,447,154,95
25V828,2026-09-09,91311b99e23106170ce6326ea582ee59212964ce4d4ced1905893c01ee2ef9ed,399,238,236
25V829,2026-09-09,2d68e780e4e98c39be017c3d41ae77ebff74bc578e3cde0d9e0d558e3a3030bc,377,172,106
25V830,2026-09-09,e596c194e42a389c7684e7b6ce117caa83420966c676a7c1bf0f53c303fee7cf,367,394,127
25V831,2026-09-09,dcfa1022ab1f7e6fc547c88f4b67be8bc1cf029f5bdbf93423a0c3aef346ce2b,326,411,139
25V832,2026-09-09,5ee03a7a4ef9fb2ed4ba07cc6e2242571c8e49afbe3b4ed415564cc0e565c689,181,191,105
25V833,2026-09-09,db490b7d37e268c1d0628edb579932ae295262e777e4efd7d96cc87520cef740,433,226,57
25V834,2026-09-09,225535c9eda1bdbf682a34d9aa848822c3b7d1807903c9c4763163bf018d238e,341,213,52
25V835,2026-09-09,2c6ec3b197e45c69248e30e7e0aaab4fd2790fac50a1fc672e53a4deccc43802,439,197,99
25V836,2026-09-09,e77aca01aa842da080bf1ec25dfb0ddc114481042fe6286a4835c16b0f5148c8,673,204,71
25V837,2026-09-09,135cbb19d4f7e5b7383bc0ed6ec41b1a21654fa9d827a7acd30ac8a74e518325,338,225,88
25V838,2026-09-09,0d6efccac1884a1b62299e6ea17aeaecfd4a2bd64f036c541c96394cb3dc38a7,387,274,108
25V839,2026-09-09,20ccc198ab9d49d6f315d920b73503ac639b7fbfdca34283b577ab7155fb13d9,252,249,111
25V840,2026-09-09,0626b36fc62e60c3f14988ab3593cc2468ae6e88f28cf92d5b586a161fa384c7,252,250,111
25V841,2026-09-09,ecc1956dbbacfe9ff45770cba287a140d06890fbd712d1831b574516632076a2,207,203,79
25V842,2026-09-09,980b2c876fbfce5b600f904c6085f5909f2e44f6c36d19892c4e2c48c9bdb051,195,180,79
25V843,2026-09-09,8dc1fac5b8c6810a97a978d3536503d5e0407d99fdb800703e2b72fa575cc145,252,215,111
25V844,2026-09-09,35d45db01a1cb88c603e0b7b9378928dd90c75f7fdfdda622321f663eae125c4,349,261,58
25V845,2026-09-09,c944446cbf70f4a764a95db10ecde69f019bf37248b8fcbdd4eb66f0edb25ff5,398,329,75
25V846,2026-09-09,6d01e92f9b8e58282b26131eba27eef9c3731a27147b85762afb3012b8eff09b,403,189,55
25V847,2026-09-09,458ae6fe59578c9eb5d2a8811e06b165da7cbe121d1ac20baea178a1be6d6a3c,211,539,113
25V848,2026-09-09,8aa2290ae507df93f5c51ec34515b04f30fabeb0494d32289a11cc4c4b321f94,211,221,69
25V849,2026-09-09,6162f3d9db23c85781972db494ae46f64214f25bb712f4d30b415b6d66c5727a,235,450,79
25V850,2026-09-09,a52ca5d403f3ecca1512ecf66250ebacb77ff5bfdcb30d03231f846017c54428,235,329,79
25V851,2026-09-09,015dd4c1ad09a5e4e09a14110111788bf6a8a42809b939b2751a6980032cd166,224,245,79
25V852,2026-09-09,351dbc68059eaa77c9b854c245505c45590775d5f08ad762015664e1779fee78,187,321,58
25V853,2026-09-09,b81ad3b0e0ae166868c2db79f077da8249afacf5a1b194d751fe623f05a728a3,199,419,105
25V854,2026-09-09,ec862a813198a9c9c4c038399a79652f2724b572d17d7c62bb727221f24865db,482,243,76
25V855,2026-09-09,147b792fb7949341cd7b676c1c5ad8e4395f7a28c2a639fef08f8112b45ff3db,264,192,88
25V856,2026-09-09,e0c4481438d69e3efa2a9886ece8c20e94f8b57b754ded00e35e6d3b56fe55d9,327,365,75
25V857,2026-09-09,ab70991101ad5e6c9089201ca3616cde70f1ab36ca589fd8b1d29586df21aae7,341,159,124
25V858,2026-09-09,aa6320fadfbdf583b2f70f161bf603c44cd1b23caacd949d75f9bd9e78ae3690,347,399,115
25V859,2026-09-09,a69dc8a6886efd633a13bf083f397ced7cd3c5ee926e1583998620506fd9fe39,732,241,106
25V860,2026-09-09,e4ffa6620007ab72701e6ab05783a67902622fb27f7e5deaf419cdd02a5f25ac,382,200,242
25V861,2026-09-09,8af58ca2b994c84424c0b3942520082ff94ddf8c1087081e34f4ce93a3f81776,214,221,79
25V862,2026-09-09,3a126b09174c9dfec996cd8ea8b1c9d57d261a4cfb6674cc05a825fc78888376,377,184,129
25V863,2026-09-09,ab567e368fd02b3969fb056cf6b4c8d8800447d6d8bb82026ae0a5852e30d40d,370,403,90
25V864,2026-09-09,48f8fd7b7b8e434ed8c7a4fa2c37153d0a738dcc50a972faa54566b60e17a076,359,422,92
25V865,2026-09-09,485e1a3ce9670c85c3e63bf6dd40ddb00a93a453fa98d384fab9b47d23e36ace,392,240,55
25V866,2026-09-09,708fe5085f838bafdbed00124944629895816e906480d955604dc28e3b2bdffc,385,188,176
25V867,2026-09-09,4043a520da86ba99d6157e62a8d2efab393548ebc8275d07419102c086647519,443,310,83
25V868,2026-09-09,67bd02b1f54ac0b81003c1b2e71ff205374b06d5b7b35fc5bf910180bcf6203b,209,349,101
25V869,2026-09-09,546337fa66dfb17dbf4a0d5bfb956a60fdd5db5dc2155edbf78d315172dce2cd,212,251,204
25V870,2026-09-09,431f603021718e0007a79f05bce7564a5d64a912a556ae46c4014aa5384a064f,193,214,79
25V871,2026-09-09,c8195a36d5909dc092b5c2f65e2fd4cba41f5b2a4e511ca1764028d072b23ddd,172,400,233
25V872,2026-09-09,500dfb6f1584418a63af4b21e1381903673dae55730f8fcc91a9f73e09f9aef1,238,278,100
25V873,2026-09-09,435819e13fb7251aff3f9b3d85168ef53ede24bf992866ed18996d67274d4892,281,360,112
25V874,2026-09-09,88a8738175e3245eda9107d7f6d08c9beb51cf29160bcce21640130f6ae463dd,353,403,154
25V875,2026-09-09,8711eab95d7f365b45030d9237de3688b2f057b0608cd5e968c55c4f7b165586,250,174,178
25V876,2026-09-09,178690107f58097b8d7ecc5706af085607f446430a88db87906a0220e81d3a50,218,461,79
25V877,2026-09-09,1626bcc03ce04707f0acc689de35d54e338a12abf9377d8e7edead6ce6b29395,192,272,79
25V878,2026-09-09,b43adec71a5d553c2c7dd09790d3efcb8d08ff26f79115490259be32eeeff712,400,401,138
25V879,2026-09-09,5b944f98e502261f498ced86836ee461d88b0b4c7643e358c3b86a7b9c9f3380,377,182,79
25V880,2026-09-09,6dcdd549f9904df74c21af5139e3b5bc408e8f5326aff57bb7169ec3b9582e34,377,170,79
25V881,2026-09-09,a58670c5da2f7f8bd78b61e55174a99a03b384a62acbeb253f50ea77b2551331,401,247,52
25V882,2026-09-09,c9c1c1de40ccf7b73f0b744c397e0509efb5758ccf1916cc71b4ee87381eeb5c,362,546,216
25V884,2026-09-09,0bb961e770e77185c01bf6ea8f7405c401700394546ed3ee403ef2048cfa24a4,334,140,130
25V885,2026-09-09,3901e0e6bdf3397e216ae80b8a93b3076697b42fc61bfd6fe544b14da2a17d55,384,410,146
25V886,2026-09-09,8358ea01b7663e82906f5ebad761defc1d5e02bc632b46ea85d2f91ef0157113,353,235,161
25V887,2026-09-09,096c49c1de1a165f0abe0c7648cb2e16dbb851453c554b8176c1c456e884a550,349,308,155
25V888,2026-09-09,0f9a179409eefea0d56b2d22c46db5b4fdf5d4d70c4e88238d8f22f608131f67,339,404,148
25V889,2026-09-09,b6ee2556a6719b3daa231fb86147a309611011aac39a95f87141719152f49fe5,402,232,132
25V890,2026-09-09,1cc2d7ec41d9a6121ec7596031ac99d93889e6af52d452edf53234983dc134aa,219,184,84
25V891,2026-09-09,967e092a278154fc13ab191c5a5c942a19a67792b577c4095fe0cb96c2284602,461,257,138
25V892,2026-09-09,f58937d60dfa07e31301a54da26e0771d1d02d46616e7ee5c81cd6f5fc8b8761,476,263,138
25V893,2026-09-09,61b06419af4c9b2e6393b3337a40b14f09b81600df350377c4d6c411319c9e90,482,325,112
25V894,2026-09-09,4e7e0f072028a83127ff3a060f057a66c0bd9e588afb3ec0fe177c566f337caa,559,217,71
25V895,2026-09-09,24cb25ba96926e8b4e036c8ef6bb2b7e195bcec17cbca2da5acd03faf9e881d4,238,229,60
25V896,2026-09-09,f29607fb0acd36697675bdc7e16e6db71e1cb73dd102f39a9b0151993bcdad14,352,402,125
25V897,2026-09-09,d6d59979fffd0b5b58213fba2afc8d7669dffaa867c44a7e50b619f63677a677,234,178,116
25V898,2026-09-09,ff6b61db27d7159af70eea72d84d735f591d41057dc751c26b529040fcd5c681,176,605,137
25V899,2026-09-09,1bc81833637279e0c733243991b6ce151bfd6f330c1125dfa459627e0ee02fb9,377,486,76
25V900,2026-09-09,b9ebab6ee14600992881e52ee07d3d9bed464062852f07d2b55ef5ab9a1cd234,320,358,116
25V901,2026-09-09,fe9e78b3481e6016f987c4174857ac3e89224559b09621732b13b025c96676c8,247,193,65
25V902,2026-09-09,4dd7b424572a917eb4f53d66d0a838d62533aa2a9ddb748a3c6bc4f93f2b548a,247,199,65
25V903,2026-09-09,f46cf09b81e437e36787535d6f2f23f7517ea425c2f325ed555684699d5f9cf1,238,313,116
25V904,2026-09-09,c1045290e3661fe5679b578b4a2885c76ef78385eae8d8b7d2cb391fb26c0f0b,206,243,99
25V905,2026-09-09,194250f2a68ca5b06a09ce83343476f1585491076fdda509b1423df786bf5e37,343,196,63
25V906,2026-09-09,f00a2a56609667eefb9a9da0784ba62692e202d106a39bf68776df9094de06ba,364,173,189
25V907,2026-09-09,724ef0197caf4fa702d97cad4b639a25497904c86fb55acdb83e32e8ac0d985b,812,231,130
25V908,2026-09-09,d675682f3650b8e0cfa7d87eb1fb0e7cea6bb0cce0297fcefee9bdc34d170e02,544,404,123
25V909,2026-09-09,0443fb3378ca17de2794f206a02ccda33d40f0d03a606101fe4d6f9a77c5d6ed,331,250,131
25V910,2026-09-09,0d4e4b59c130460515b7cd5eddcaef2d84a95810bad9069d804048ea6580b504,244,249,104
25V911,2026-09-09,61f2f2db3a03ce9d0aa4ae9ad67e777f8e99dffb1498b38d0f745514a71cbb69,369,395,133
25V912,2026-09-09,4508b22c39ac8fe297234c09bb904be8bee9f9f46dae85b77232d8a4b3e1319d,361,364,139
25V913,2026-09-09,d019690340bd13d2f396afe782197afaf88c1d8cdef59f753b61f11916226913,182,213,98
25V914,2026-09-09,e3434c9334db8c60eeb2c8d4e4398f8799fd33abb19760ccc3a31592c756ccef,310,372,197
26V001,2026-09-09,ad55cfa5fbcf14aaacfcdaa3f02451dc56637eb6bf10e74c340e4bcdc4ba56ef,509,141,67
26V002,2026-09-09,eafd34877ad7048a7f79decac2d0046c4e348ce5d0a31a602dd5a8d572acaf7f,234,168,116
26V003,2026-09-09,557dfe11388c4c44643b3cb6c3856549a1f6ee404cb52ff0059fa5f93297d1d5,349,232,64
26V004,2026-09-09,0e2782485d16998ae96d09e00d9e77095a1900a0310c4f95a67152b006ff146a,224,241,79
26V005,2026-09-09,2d4e80f080397566bee7e6fda63db1233fb4abd99efd2cea75eaf4473a37eb1b,336,182,126
26V006,2026-09-09,9971a91764a52891daebc574fc2e6b32d0da6455a6f4c5c6820aa640016a2410,240,243,92
26V007,2026-09-09,d87ad78768eddb9641f1b344e4929cd88668c55d477088f007fe55686a9975f1,176,333,98
26V009,2026-09-09,f30f62b5cc54fb19db17b65deb3d4f06915d19f7635ef31c1a86f5bfc1fdc746,233,217,134
26V010,2026-09-09,2bb833630b2a0acb72eacdb6a1aa0a4644e5520d7695220bc3da03aabba0c8c2,381,403,107
26V011,2026-09-09,3f8317648ba986870e8be3f63e1ac048749309be85ac74e4cd1e2b9ca47df9c8,650,264,60
26V012,2026-09-09,780eb4eee1c3d2cf58788885373454d9f530f779fca3df41485c2562f26989db,743,233,60
26V013,2026-09-09,b85ed0c6a37cf75a18ef0d49e515fb754d68f3ac42018ca1141104d4db6c6cd9,264,185,85
26V014,2026-09-09,f93387e1b56c24b7ae23cedd80cc7eeec1b2cd0e291fde7799ca8a2a7c83da38,291,337,92
26V015,2026-09-09,5627314570c84694db216d7498ce0243e37abe9083c7a2b901fa19f80acb600c,229,182,54
26V016,2026-09-09,f6040fb31d6313c4e4dc81f03729e3eb8c05990b1cb0b6d11c40bcea06c4337e,247,320,54
26V017,2026-09-09,d4f9b5028ac2e8669398e1cbbcf2de86e398c9920d11ebdb1d9a1872be816353,217,371,116
26V018,2026-09-09,d0d7dbcf7747489e11394d795aa42791b639b04e9a995dd5165d2cbaee582147,217,331,116
26V019,2026-09-09,a47aa5b38a0a7f3548001c1cbe12695c3bb596d37fceb054eba41a73b44a6dd4,529,360,145
26V020,2026-09-09,813077cefba10b97c75598a5adb7247cd252e77551612a9ded76dd399efaa134,489,384,64
26V021,2026-09-09,487cdeff21883643a4a4e063fb94386046cec8cd6ca0ac1e8cf62843e9e9d8ac,235,159,64
26V022,2026-09-09,b6eddb405466016174500dfd2fc6eb1ccffec422f329b7e439ec47627517fb55,336,209,103
26V023,2026-09-09,90de2a63db4c2f764b368120c8ff80e208e009714955d92f2d3ed7ec4bb76d1f,348,381,102
26V024,2026-09-09,e524d9637cf75278d7e488b4ceaf414acb04caca63ac3a36bb03d1726892be58,331,336,79
26V025,2026-09-09,179c6d3061b3f01338625973a87ee0124a68f4303ac94f7ef57e1e4499c071b2,337,403,218
26V026,2026-09-09,befa76e5858e22ebfd8534f388ceb3335a66f1c66e3f5eb7105cbbfbed4c45b3,348,211,64
26V027,2026-09-09,0af1170fc17102a3000f33b0a2ba30f778c8a21f674f59e6df9c3b9b80ea52ad,269,147,128
26V028,2026-09-09,4bb7bc3a3624a01c0ff19efc53672ffd8e6404fffc5286ea9eff594c821c71e6,670,204,71
26V029,2026-09-09,5a289027829a3a03006a4edbd80ffab7f3c9f6274db3a16c66ece8f6cd98c820,346,207,56
26V030,2026-09-09,576e19fb5c85752a9b85bb2a288d68c7eb91615e31e5aa1b8d3806677cb9fa3e,402,131,67
26V031,2026-09-09,b9129c9fdd8e24d25f93e937c721ffb7e814070f25b321210df5d18887a0ac87,226,310,193
26V032,2026-09-09,ce6d79ef9484bd95492e9b1187c4640ac04d5b15ce4ae46c3cb2cbceb51dd8a5,188,288,129
26V033,2026-09-09,6adec39028f2f22dbdc74d931826d6f37dadc009b3fd16f0b07fe84c1b9e7657,191,261,129
26V034,2026-09-09,2aace1a56302f62a3708304ce5544dab7ac99ccc3437f2f49b7f29eeec758ef0,555,310,85
26V035,2026-09-09,613acf276e4145a72f02cd0f28a374b7c13f33fdc8ed66eead76ced96963e1ee,219,315,151
26V036,2026-09-09,ea7dff0bda91c2016a02d92bb7919e7e45ee51b5b6a67f14f5bdb0d221ce60ae,223,309,146
26V037,2026-09-09,1d928f56bd22ddfc3bf62dd374edfeb7f87c9c2dac1d65c684ca8c7fb7d1a0f1,406,290,125
26V038,2026-09-09,390d92e16deb02988aa8c3afc970d1c725908ef972400848137e305b6399110b,243,396,123
26V039,2026-09-09,3a0e38bffb9c3a79f57108a1d95067f6bfdcdbedcbef92e7debe931783f8ec6f,234,220,81
26V040,2026-09-09,7e91648388ff86376e09701e97a6b547451950dc6aa65ac272aaa056700a1525,254,354,96
26V041,2026-09-09,d3bd6d36f31ca2f900687c91458decff42176ac547e42cd4fc4de9a7a931d1e3,254,354,96
26V042,2026-09-09,8fb3817a1a06c238025608d443022bef743772904e23f9cdfbf9cc067ef3a6c0,284,194,99
26V043,2026-09-09,022871324902b54a46cb73c74d8defa748500528bc3a34439bc4c4bec78c2e19,250,129,65
26V044,2026-09-09,92aa59cad2aab5b7a9a938bda69d310fcac3f717c09bebb5b0d342adeccebb05,294,236,104
26V045,2026-09-09,c36c7d23677decda3c5d1b8cdacc93b2f08c432b85adcec55387831b7cec8749,350,166,53
26V046,2026-09-09,410cf13dc30fa9eace29d3ecd050491f75e60e02fbe69e6b96a60ef275f66c06,390,483,165
26V047,2026-09-09,a165e00d89dad2b36bcf6ed632e23558755f8dee380deec2928b0b8adac3ace6,377,457,149
26V048,2026-09-09,ae4c423b15f078cb5f174830a8d7eee4bfe03e7b32d2df219231b94f1a71769b,356,218,120
26V049,2026-09-09,86499a5e3e2a7a40ec13002fa75aab49eaddbf567bf9a758d580e7daf45c54e5,376,272,88
26V050,2026-09-09,c13a01520edcc7206b6da98e331587aab87c23ddfaf574b815710c4d916955a9,495,283,77
26V051,2026-09-09,53296fd784816a049055867fe2ce2cb9d3619f677eae0a3f70b8b1bb76a6913f,656,213,90
26V052,2026-09-09,10555246411ff64fc86566ade1ce3992094d6090437842873bfcac074eacf235,235,259,111
26V053,2026-09-09,edf834f7d0dcdd4e63acf9bad0884047ebfc729c0818e535e7b1773402d2c31e,241,291,116
26V054,2026-09-09,02eceb415ec9a9ad10ea2cfe0d97ff34401b889371090d0c57ed43f4ec98ac95,429,374,107
26V055,2026-09-09,afd7fe0989c1ece32f04174b9ea043d076a2eb13e4ce5b3ac2e9f9d9cb4c7cbe,337,167,114
26V056,2026-09-09,d5d4e29a35c7f9532ab5c43744339d78bfe76453a53aa8f28af3fda0260ce5b7,336,469,34
26V057,2026-09-09,435859ad52c7799d799d28a080e8be3d6122fd81004a2e987add45362f2640eb,261,197,54
26V058,2026-09-09,3aa88d05e0a98cd0d9108e3413f0e7e099332003e2b85ed9083dc213900dfb2a,249,354,71
26V059,2026-09-09,4c8d8cd9791101c1b8e0f179b14609c576a861198a676db97d431dd425db118d,352,355,197
26V060,2026-09-09,18edbf6e5e1e35a283ba937bbca11f1b0b98189058306307b7105baffa2e99f5,188,231,101
26V061,2026-09-09,42857d3da3bf492b279a5f6811df8c5f0c8c87c7bf53f8d31f5cbe52d4a3d542,331,225,69
26V062,2026-09-09,fedce737c7f58309993d977169e702c16ed9f4be8a8298023a2391c420d8f3bb,380,203,133
26V063,2026-09-09,eabab36faa3bc4d367d30fd0b81ea5d9dc1bba21dcbf7543381d9488880b7db3,251,234,128
26V064,2026-09-09,ee8d99a3e14cccaf4a176eee9d4883f89bda83e29d21efe985bc2b6aa6ed8b70,286,385,114
26V065,2026-09-09,102d2e816e9ce04f7db7c28b7e6a8eaf124428b67599e22a2be8ec098951bc4c,168,344,113
26V066,2026-09-09,19f1d8b4a24ae21c14c307789be068fae254bd4863e43c9bebd46fcad65c7e5e,232,202,102
26V067,2026-09-09,042c12b2bfa4903030e66d05289f42c4aae72b851b8ae44b1ed4b918467ee34f,840,139,67
26V068,2026-09-09,ebc6a3dbe1a32b2e19a0ee948c9b103d10aa01d67257698f8a3e8db653d88bc7,403,207,84
26V069,2026-09-09,8eedcb9435dfa1df191d134ddfb5c814e0ca00ca0fa0a6b1ddabbfa693bead4e,363,207,65
26V070,2026-09-09,f3a68000f927888fd67a23dfc2d4f4480d471e47ba65f1c559a6b996b9a01dfa,371,223,84
26V071,2026-09-09,611992ba8c1efdfda9ec03d70843a4d5ffba70d8649c5d091aef9eaf91ad7449,300,232,132
26V072,2026-09-09,4643d820838d6dff8645a47882c04040d16ec0e4d57e14094b256154dcf6c337,400,318,89
26V073,2026-09-09,b8acfa158e234741945017d5a89463f22dd6e550ca85217ccef930613bf44d33,773,223,71
26V074,2026-09-09,7b94243a0684545d636fcc1dd9d5f7207db0b472712f8c90f5c7b49494a967b6,310,202,124
26V075,2026-09-09,5fc87b9ea5a1bab891a290615cde8c08a9012c110beae398e57aa02b2bb53d31,437,141,99
26V076,2026-09-09,203f7eb0eb4ddfcb972972ac2835b3e873c58b27541ebee66f48f5d5b3dc13e2,331,285,88
26V077,2026-09-09,4689b4257f50bfeaedfb4f0dd6c1174acbc0681f4f5fd780d9abd800854ac68e,407,237,97
26V078,2026-09-09,c60e945532c44e9d1cd6c5e738cbc56d1bc225b850711d08a6844e55298ffda5,584,382,56
26V079,2026-09-09,b8d20d8613a5609ad291882b72dd4b887d5c23623bc1ca04480ee87aa79f3606,356,272,45
26V080,2026-09-09,7b6f870358d24757e4bf6eb7892321aaf2d9309cdce0b36525120ee96839f93f,633,304,211
26V081,2026-09-09,3b180ab8b33f9d28fad819e05f0661649b674912177d43d0f7ee46c80083a084,455,220,91
26V082,2026-09-09,a45739645fc40a827d0fefb4ce01135ddaa6dbd565b4a647340fbc5181ef7dee,401,129,103
26V083,2026-09-09,95222ed3f6410f7937caf1cdbb4e306acfd528850f00490e736f84ddde9a71a1,414,307,49
26V084,2026-09-09,fd8c13cca9015bb22a1abf93a616cfbad5e101b7f91cef9f3a1921aca5cc6edd,353,188,86
26V085,2026-09-09,1923f1fa1d81790b1cf4fb79eebd568a382db840136f764dd9dde78ad4e5ec01,491,321,68
26V086,2026-09-09,9d4c1f703d5ade9d033593dda4b8c110fa505d7a4211e31340c6af09c28e188f,241,291,83
26V087,2026-09-09,ce380d0fe8c9ea8e9470af7e51d0adf5237bee8de02b21825a474a1d54bfca12,241,297,83
26V088,2026-09-09,8ed4e9732b766916601d096e7d1b03f0558ec5daf3d6bec28b852fbd1f216db0,243,161,84
26V089,2026-09-09,4d80d9aee924134bac9cf1126613c40b2cbd01be66d0defb4f3dbf35b34cb3ce,280,185,97
26V090,2026-09-09,d1b6c2f1ca85e623685c831dead3be5fe65c6c30a20926afd60a508d7cf23b62,445,328,55
26V091,2026-09-09,2431891282e7dc7ac4a8534ee7c93c4a08b608035e54adee2c377fb4a72b2977,623,256,134
26V093,2026-09-09,0ad673f43747df17d4067cd2378c3664951fc09f258afa881001498c10e0ecd8,369,147,128
26V094,2026-09-09,ed72989493e131eb7778b7ab0e4af828532e7e45547f8f812be0d1bc78d60073,228,285,183
26V095,2026-09-09,22d8074d959c828d626ab2e1a3664af564186e1b334f4d3870c3d791e82ec68d,465,193,129
26V096,2026-09-09,385d8b97db29e45767e703d67ef8354eb5dc6ba8dcde0f4aff867a8208d5f911,404,329,74
26V097,2026-09-09,029928e4c501d5a4aaec01ed5c547ee4b55a297bd2049561659de8c4c5f5c8ba,257,209,104
26V098,2026-09-09,72fabcbe4642f1e9832e7b79bfee4a14e3915cd6ade11096580844481f558945,220,362,124
26V099,2026-09-09,2a51a9bbe32790fc067c09d69331960bdafc5bdb0345a6ecd7613de23b380afc,366,354,126
26V100,2026-09-09,509de90a4f9d8c4e62fb0ffbe062e95c3ed6c31e1994554a74b5d1caf49100a8,200,329,84
26V101,2026-09-09,d97b9ecbf0f3c02f01761cf0893623c8daa2b9424f4e44b2837aae46560f7eef,400,119,98
26V102,2026-09-09,21e4212e3aecfb317269581c71825db4254c7d99e0f62f796ef6fb6ed3c244f3,237,322,97
26V103,2026-09-09,3936c637dfecd915cc13d4a36d24dd173d73937e0a2cd1cf43b1f781601fd436,477,141,67
26V104,2026-09-09,1bf01a762c0511fc2f4bdcac6f1119a01d6bd629564e8e711a0e4d69a8338681,399,588,192
26V105,2026-09-09,10c296e8f727ae9d2c5d6132de033920c371d63fc3a0b09392d589e8bb9cdeec,379,238,106
26V106,2026-09-09,3b453c064376402bc71ab9b2f6f2474d90ccc661028b5c608154acde28671012,466,286,79
26V107,2026-09-09,e8fa1e10c75c1274e4480bb1b79aa2d85b9ce648fcabc070ff961c96ca105771,276,238,108
26V108,2026-09-09,7f12aa12a3d9b6b1e18b505872ed7936ba6d535178ed8356c24b5c65f543024f,235,214,90
26V109,2026-09-09,57372cc070ba00a914b91f7f46fb4945874c04716295cdc1b0b35c2f2aa61a5b,234,217,75
26V110,2026-09-09,33bced4fe00cb4caa79cb474471c0bdcff6017dfdd6475a1ee137c3ca43426b1,231,388,129
26V111,2026-09-09,5c94da7a57c3fdb9bb8f1e0b1b636da0802028916052bde124645ebe00fba521,398,219,92
26V112,2026-09-09,01c0b45dd2ffc6169561da9d6787662375567660d8272864a54372cada9abaa9,351,483,294
26V113,2026-09-09,3ef87fd60c698726eeca2bd0a3d3f51ed533933d0b4f300cbf81ff9346b6ce12,326,525,91
26V114,2026-09-09,97c16b03af2732fddd267650a7364c10464937f2b6ebcf0a38a99ea5f0cf2854,508,789,142
26V115,2026-09-09,4a21f51f6997b1d0f90383fb4c3e6c7da9ab1ffe259ea98ad5cfb7ba1564f6ee,273,385,76
26V117,2026-09-09,a9f247994641bbfbee918d471b80a0eab648d8c1f6d17a3fd709a30bc7164e04,474,216,102
26V118,2026-09-09,d26cc9a8690da9797fd9701f508bcd0e655fff12669a1373b222601bd01d17bc,360,205,128
26V119,2026-09-09,ad9569edd393e63aee9266ea8296409f56531cc6ae8203e7013c5867ba199b72,371,201,55
26V120,2026-09-09,5a462b8dd339d5e5b4d0cafb0390f1e0c9e43e0cfea36fe45dee85fbe9d6e941,384,222,132
26V121,2026-09-09,71226a6e097f650726a032e7377a5ed5ce9385fa8fcffdca11134306e7862add,389,404,117
26V122,2026-09-09,698fb293fc5233e06e0f739297f2eb4a9af6b18f42dc293363d4cd4a56d9de2d,317,266,64
26V123,2026-09-09,bd41e7fae9cf3baae5eefc0347bfd8ae6256faa2571438209908c5296aa8f075,357,408,122
26V124,2026-09-09,95201e9e4fcde095855e47ffe65fbb9e2aafb3013f53be974045d7b07606f8c6,369,249,131
26V125,2026-09-09,77aa0fce253aa34f6631b46dc5d5df543e42488c3946974c15f9f8d723135760,314,232,156
26V126,2026-09-09,77d73af40f6821b8ced8f712ce0c668f33d6fb2b26b8a2e46db3a988a85f782a,361,239,75
26V127,2026-09-09,19ee00a9f56e9730b4be023153aa19fcd7b20150e3d3d33f68944d13aabc6eaf,411,176,117
26V128,2026-09-09,1790d3cdd6da105b7e0cea52aac0e1a286622b22d3f61ca25d1fd0d409090329,417,209,115
26V129,2026-09-09,282f5c51e462481bf47ad31c311bfd1f15ac4897dc5b4d2456771fd1f0b63323,441,266,46
26V130,2026-09-09,70d49955e25dc37acaba53f467a99f83a93eecc899c5664ecea0401831ab583f,246,188,78
26V131,2026-09-09,241d7f1e97b9b14dec016e2e7a9a1327cf363996221231e55f6955c855d2cccb,268,224,68
26V132,2026-09-09,9131143939824e0350e8514b1b8fccb8c3bfeebccb2e9d44eca2c651c0e604be,307,230,105
26V133,2026-09-09,d7c05e7434114fd669fa2aedf50445cbbc458d3ec344219339ac9fd718a958a1,253,179,99
26V134,2026-09-09,4194a74fd4457b4e43631a630ebf5448e7d7d55d1ed29113bd817dea7b082f0e,320,193,106
26V135,2026-09-09,7d0f52e8825e3ef9a977d48631f59dbc26f0f98dee819fb0c6ae275755f2eedb,347,238,123
26V136,2026-09-09,570dc79079ee93e56e465cc8136fd8206aab47ca51e18e7ce93c2e2f3f7550c9,365,320,126
26V137,2026-09-09,3ab9e22900a1cec74653f4ceb7289d3e9cc71e6a95570efb3a675789936c1716,211,416,61
26V138,2026-09-09,dc45ef6a9580629fbbcfa5cd59fa77b817cd0587d4a298a40b285aa14837d937,364,212,74
26V139,2026-09-09,4a8645fddea1383ce3fdeedaf00b55ba212e491e8ea83463afa872e544d0c88a,320,385,115
26V140,2026-09-09,d0e379a3477c814aa75407befd8216c6aae659cb428f40d6466e6b9b23359104,211,225,99
26V141,2026-09-09,54004ecaae04d2d37649cdc13686bb3add8887035df8eb6ad798c5f03a126c16,366,179,99
26V142,2026-09-09,167d8a69b6dcbf7e9d1dd730d4d21216edd627a6f31570764662817c55d461fd,207,145,60
26V143,2026-09-09,2cce118a4ba72005b7f1e3cb50f720973d9f3817f13db61d80cb2418f53d91b1,447,313,248
26V144,2026-09-09,7de7bb9dcb6337417156ba99eaacc97e085a6e70939c2afde699bac546624650,300,210,80
26V145,2026-09-09,e60e447c5d92aa267c7996656ef8ec6dbeabd12f7f5a6956aac0a1dc967d620c,332,398,101
26V146,2026-09-09,5028d3df67fa05ae1f4d53d2b97f60b108dd2aa421eba8a7d3321de208a0272a,350,150,126
26V147,2026-09-09,6f6796707d9fb2e64d8c69780ad887dd87c136526d3f501818011d1f5b77087a,252,241,90
26V148,2026-09-09,4803a50ea286fc0330d481ac999e7c654281fd804d31f276444f7cd66c706aaa,254,191,90
26V149,2026-09-09,6aa8f8e16eb08244baab65e90d46ecce859853475c61ac8e7a344d5f6b8a3327,252,240,90
26V150,2026-09-09,e973dbcd4cf84e14d2242826f8c961502da5008a5b6b2980a8db7150d0d4eeed,239,239,111
26V151,2026-09-09,ad8c50170de16f2b06a1767b2420cb89f66d048effbdedd5093830b632255ebf,182,315,73
26V152,2026-09-09,1bf626f1284a68e77f9baa31e43d74a7a61980d2a4959443316db8cee2af9743,236,332,115
26V153,2026-09-09,77ead7e930b2555fcb22e7dbb54e126701b8ec1a4d9d607d27670aba19d128de,385,365,98
26V154,2026-09-09,8b77ac56e909dee9acfc47460f0407b54d03809dd745b68667c5dfdea175b567,232,428,52
26V155,2026-09-09,393d70e29fbb9a5d29dce51e355f4241aeb524c2be503b35cf539ba5e841c04a,378,378,128
26V156,2026-09-09,364a5f86141717eb530c68e23c4d1436b5fb67ab9cc9faa679985f92f14b5859,328,400,95
26V157,2026-09-09,474da287fe2e31946807601280564326ec6839c7dca95e02f17e9e17083fcbce,358,218,80
26V158,2026-09-09,91ecd1430fb5ea1a7564952dc0a03373de66cca534f860d27f470f6553dacba2,354,322,96
26V159,2026-09-09,27f671ed49703843abd66de3ad9b6f09ade4a9d14b6cbabbeadacd1416b56395,394,191,109
26V160,2026-09-09,7bdcb2420b58336b3dc0fd8a90199f5928b971f84a7e8900eb54063453bbf9a8,655,373,112
26V161,2026-09-09,65c74d5f5bf73ac35095d06f6e4afefdd2603d954859f2977d23ab79fe75fb5b,350,229,76
26V162,2026-09-09,cc9d5cfc221b16b82f7a54ec6efab5d399e324f1327a52e50920672d02972e82,283,369,116
26V163,2026-09-09,ff6e4707f12a358069fe94604401febcfa2e8eb6f156f59cc688755ddc960067,292,189,131
26V165,2026-09-09,be26dae9ea2ff841f02953ad0c6c12522bf471d94e2ba607fb1979a208497eb1,757,402,158
26V166,2026-09-09,b04ddd0b58690e8b26eb9bc0811c6a7fed2d5b52d4a1c19f3985b86d4462242e,391,324,175
26V167,2026-09-09,ffc503e864de2b42266ba1b22cfd119d4b0bb1e87675a3189b711ac9cc44e7fd,309,265,111
26V168,2026-09-09,d09f7e9fe47792bd0489c1a335417109ac5d0fb5e97f8e654954fc537e26a5c0,379,354,109
26V169,2026-09-09,00579134cb4be6438569d7d1782a0f00534772e421b5c634eb92fadc627257ac,388,360,122
26V170,2026-09-09,392fc317d9e37663b13fc55f614dd197c0c62846b4475d808942a38a7bd9f8da,298,309,70
26V171,2026-09-09,1191bad12ee9a9cdc2dd466893cd6821d4c7099283eb727e31786951ca087b55,268,303,90
26V172,2026-09-09,0be1881d79e1527c70165269c9d89624992f6383a113ee959f38ed001fe5c633,331,470,92
26V173,2026-09-09,b9978f3243835b1f543585ad511a7ce6165f4f1f27c1312c01d116efcc37a455,626,357,103
26V174,2026-09-09,dd315bf13f5a468218be7edfed50a4bf5241d4bd60b89b068e1c2c89b6bb0386,221,227,62
26V175,2026-09-09,33284598379ae8364ee7a44e5ae271189b13ff3c1c0685c67d4d8d4c8834331c,210,216,181
26V176,2026-09-09,57cfe156308d6c584c277be9fd9cdbeb37ad311473a32d4cace6b60ef3589681,202,410,158
26V177,2026-09-09,40544dfb8fd579555db8e36cf0dbd399db235268f90cea1fa6515989dbc46b37,211,394,108
26V179,2026-09-09,22b86064acca7aad097900fe06370b27dc81cda51ac753e3d2769fcad0a221a3,260,575,116
26V180,2026-09-09,4e05ef06cafb67b64f822e04fb0cb052032682469931ec3924c47047cdee504a,403,437,123
26V181,2026-09-09,bc8bb5a5af710e9a2c7dfd055e392b64d6e641407839e25cd20b17328bb2e628,229,300,150
26V182,2026-09-09,740dc31e6fe6c226cbe042a74b9585a423db8767adb5735027a2c548a9fe7944,354,369,148
26V183,2026-09-09,1edf0d3b753821d550af9d5bdc7bbaf68fd9e96a34fc4d732fa32155062fbd04,202,243,62
26V184,2026-09-09,6a92ee6c458e6ecc3897b10ae0ac72d0fce10f973efc9eff0d2409e9f268f06c,354,282,149
26V185,2026-09-09,51e499192e70ce2d877a0b5090740f1de89ccbe67e759110b621696e140c7600,388,302,147
26V186,2026-09-09,25fb28df511e5abff2971f377eb050dddb4abf71b5e5e54cd7dc0e184cce28fc,273,286,55
26V187,2026-09-09,b2368b63016a71d4b7b0a62c8aff5cb8d246cc00e7139df6df42f45470d7cb59,347,400,49
26V188,2026-09-09,21730532876497338cdcefbccc575cbe775bcef544e665b002f12268dc3e579d,461,184,78
26V189,2026-09-09,364179cf0f2423614052ef741d84ba4e70a97ae9a1cb0d726942f14126b3b8f5,545,341,102
26V190,2026-09-09,6136f0ba2fe5825c4175b4be7a2640e273b5f40c871d3a5738eece2702f39227,187,384,117
26V191,2026-09-09,2f323bece70c9c8fa887ec20845949dd50d2086bb53c685897dd5622d56ebe8d,345,391,87
26V192,2026-09-09,b9a51294e2d40904062544cd1dc3836f631936afebbbeb1e56b301c8a37a9656,234,370,68
26V193,2026-09-09,2aa0817bce76b3d2255459a31b4abaefd19c34c53f1bc53654050ae3970a879d,267,189,94
26V194,2026-09-09,681b1b13512f18837ad657b6a06c4531daa41c0af04ff2b12ccdce416759aae0,376,155,167
26V195,2026-09-09,96bba974190f18032eabdf2907cce1254e0d5acdb3b945bcc3ebdd862ebbb803,335,432,114
26V196,2026-09-09,c783e20cb72407500218fbd90337ecd8785f8fbed99fac37ca4bbb3c02e6d29f,404,221,73
26V197,2026-09-09,5bb31e4d7f8d3dbd968b17c5b9f0e707b6dbd1ffa7439e4ff4ecd3edd6694426,420,154,50
26V198,2026-09-09,6bf0c1c763d62e6b029d749a6c9a565d327ad6ae92442eac0669ae3a7b6d6675,325,151,109
26V199,2026-09-09,5f7814271cad652611b2e05e891ce9966cb422898e82541592f08de0241b6095,300,372,83
26V200,2026-09-09,2dc08b7d8ee23661544ddd4779aa2f8f8fe7d05d69735fe24236e7c07e029cd2,471,269,165
26V201,2026-09-09,4700847ea730476f3145f943990812d1a1ef3f45d00428c3d24d51c7aec534b0,352,381,138
26V202,2026-09-09,a729b4648fd1edef81e6660779859d3c16a96f19d238e95ca9b23cdfce1e40a3,362,235,127
26V203,2026-09-09,387b49aad692fc37eadfa0827973388584c1f3e02badd466def37848a7b4f4aa,248,380,123
26V204,2026-09-09,89f99a4617242aacb2de45a6a78e1ca943bf83dee616a6956e741c3404fcae7d,343,229,79
26V205,2026-09-09,10841ac4ba55264da255a4963cc06f850e50f23ee15efa914181725b55197176,388,255,64
26V206,2026-09-09,cfbb1822f653e8aa5912cca6387ab85e0fd3eb0ef8c44c9c63bf633609b65e94,449,346,199
26V207,2026-09-09,e78f815c3fbe3f6cde47c3f0012789ff1148275cd4d29eae53e3b0bb8b2a2c95,334,318,147
26V208,2026-09-09,13bce4abbaeb32ad46184dc803cd840611079cb5fb5303462eb2a9fd757fc4ff,363,333,147
26V209,2026-09-09,2302b995751173f9e50e9653b2129abfc5c1f30ff01b0d4d34111a2fe18045b7,360,354,95
26V210,2026-09-09,6c066394e91ed52829097e13f3f04e82bf81d10cbc29608c17ec72cffb154738,691,301,180
26V211,2026-09-09,ab5a5ea3cdc4e377d636fdf6f05968e358ecf4f91a79d8ec90c34fee5c7c4598,367,163,98
26V212,2026-09-09,3b3c5db797e7b15e67f046e30da6a24af3439d96f1db4956c1c78cacf242bf87,356,149,126
26V213,2026-09-09,b2ae2331127befa00bf4d497e3924a7d374c1403131c3ca749b909b30b49b025,406,555,94
26V214,2026-09-09,bf422a52a1993b7a7e51d00ffb86bf9d50c7a4d1876ffcd66dd661aae9382a18,375,263,69
26V215,2026-09-09,2fa20c919d9ce68fc3568a518c9399f5b86063e032821070fe32307fe5af8e9c,209,164,78
26V216,2026-09-09,b0ab0157c5090fa810f846c5bbecf6512166f9f3e1cfe86c419a47b6f9fa274a,401,399,59
26V217,2026-09-09,1a0d07b8cc41cd98e9a10794cf9bb27e250f9c32f22e64a9c09372128b8aa13b,250,298,157
26V218,2026-09-09,5141d4f77760d81f63f96fba013060dbe1247d05e68b3dc1c7f0c3149f1dffe9,429,223,117
26V219,2026-09-09,1ba3f5b2d8662ae52e7f7245f7625882b76f9afb0a9e3ae363e7887b4b481cfa,249,421,115
26V220,2026-09-09,9db9c48778e6511e9dd0cd09428708a1a381146d026a0408428d19a653435f7a,297,209,58
26V221,2026-09-09,c612b6064b51db435d2a9a591866b9afc6ddd97ad488e1495fb9c2a5e9d0ae4d,221,311,113
26V222,2026-09-09,52b0fa4a7cdafa981026135593f03a07ff3b4bfc471ddc9e2cdf189456f28ae8,326,184,76
26V223,2026-09-09,608bc6780309cee470d36948a19052a26330d8142f5466bc58cc81015b24bf8c,352,223,89
26V224,2026-09-09,b5d7327640a21de50328908d8e92738902994797deb2ed01177224a550a4986e,348,394,92
26V225,2026-09-09,32055d346cf020b7dcb9b1115f72a1a3a952d11c8c8ad9a32d2c8ea7cf41aacd,338,690,149
26V226,2026-09-09,29291edf8b93ad8b6cbbb1b7e651bac838e5dbc20d2f7d82e425e5f5288ac0c6,379,176,148
26V227,2026-09-09,6f2f1c6f214eb8e5b9f25e64f364789fa03f3c0ef2238fe08cf7167282bd2f50,835,179,66
26V228,2026-09-09,f241fe32f06d27aa8ab2e63ab41233c311578a2e30ad0896591ad9eb21285b8a,230,266,158
26V229,2026-09-09,1b3676164aa2dee630b892b30ce83621dc728876036da6f35b1c6ff4358215f9,373,199,41
26V230,2026-09-09,551f2544df56b71670870e9afacc161fa26bcf0b64952befc40cf28242a46c3f,394,186,132
26V231,2026-09-09,9ed962c9759c37d49c8da9efa9ed4e30c51166636160668b29efcf047ebba592,344,298,113
26V232,2026-09-09,e25039b6abad539a48b8002e7ab8589301348b991ca2ca923e3b0969e70d7259,352,147,41
26V233,2026-09-09,edd1fa7abffc1a70d1a49fb1b2e0db49b5ebc85f156ed557d9e66248d46ef86a,208,432,95
26V234,2026-09-09,37ac479ac248e25bb344edc4e440686ba1c52963feead0ca8d13c4a7a2a5f223,445,280,54
26V235,2026-09-10,3fb664c5d4e335e06c4641f54f80532c0f7c0776f1c0a313dc9eae6d04422bd0,368,155,149
26V236,2026-09-10,ffda1ee303c7f745571fb9b8654e1dae41ca902b97024ae7bc54d88e57919740,402,279,149
26V237,2026-09-10,8e55f00fd5bfc27be9317a0e31d12c82590e6701e5a8af30e84b4da7cb85d940,341,232,115
26V238,2026-09-10,421be82e1318f703f54fde13f0880e83c52ffe8916587d1f074148cc994ca784,906,215,125
26V239,2026-09-10,c60b18cec8203896ce3c38f5d4eb5035a9c4145225ad1926b78115c1ceabaab0,673,257,66
26V240,2026-09-10,85d8d7d785e2c74e3806896d6f141a3d6c070bea8de530579077d14ee3be543d,418,397,91
26V241,2026-09-10,36ff46ec2f32b9047a6c5be3ed4777b24bd73ef845270ff3ea56adf5fe408595,229,336,109
26V242,2026-09-10,1eda6e1c16893cd8fc577abcd327abefd40bbe1941d624ee5b84e4436835b280,334,253,108
26V243,2026-09-10,4175bee1ad110bf2a4702b971682c144039f7280d7fca9a8ceea71854c8051f4,424,301,66
26V244,2026-09-10,9464bd4368f45ad0925542f620aaf6f0b99b266041a08fd74bda732bb63e3720,344,345,69
26V245,2026-09-10,ee2d602132ab81bd0f1803505784e298152650cd041e9ed14b18d1576abdb789,195,189,126
26V246,2026-09-10,261b09e729c00c638f735df27773160db64051b78b387c3f75a5fb9c7531ee5f,195,193,126
26V247,2026-09-10,9e15fff01b37616482e6b3ff4366bbc0c2a7a56c9807dfc6714a412f720a4a7a,382,259,111
26V248,2026-09-10,256e9ab075b6fe45bd8e0a756bd56ffac52b036254c8558d15b90b14baee8c4e,321,642,52
26V249,2026-09-10,dba339d57177d78602c661babe038cbc5a874c508db940f2bd196577a6477096,276,181,83
26V250,2026-09-10,c5a2a7fb6a6a83b3573ba29d930444ba0009c2b7ec3ee86ae8fa69757ba48a59,251,340,124
26V251,2026-09-10,342d12702846bdc4e25f2d29e291884c4b75843e807d5ed734c13c1bac26ae52,251,341,124
26V252,2026-09-10,692a7094edf22695b7d45a7a7ec8b1903240d31b02a920647e5af7113598f700,397,277,97
26V253,2026-09-10,81067abb6bba9c3562e1d6c506310f92bd7197ec65da8395a5ec071f9e997807,179,432,136
26V254,2026-09-10,5458d12f32d13ee0295c89926edec24f61854dd8771f0966884e0eea07ba12da,354,249,79
26V255,2026-09-10,27346d03cf8ec5bbc95948a7cc835c8080674f3c7a61eddfb395545eb2153936,258,194,90
26V256,2026-09-10,4e924035c05e6207f1394c768ecaea7a833bc38d933a10b862b53bb4bfa9a94f,258,160,139
26V257,2026-09-10,29174f1866a43239b21935521eaad31068c5011788e93a93acceb1fc470d0b48,329,212,150
26V258,2026-09-10,b8f1f7625804b59a418e735ce4d4e48dd55d7192cda1de89c6b093febed6893e,369,335,131
26V259,2026-09-10,cd0b94d9d6cedf5e5b4d2b17661861d7f9490f79266d66cc36e7ac7fd3fb23ae,330,185,55
26V260,2026-09-10,70701d4716a4ce099aad84b05b4087e7f8b180c0f14a42f6ae62f211f9602dc1,455,299,100
26V261,2026-09-10,4f9e9b2f5a90d53adabb7579c42a2cf01986770b30f0c35cc841c88364eee92d,441,289,100
26V262,2026-09-10,1ca045900161c04789cc98c3de93facdbb16e8d03a236d9917764193ca5ee543,339,522,149
26V263,2026-09-10,c4aa073f75f81289254a543f93a6e4dd57a149e2651d2c6231e67ee804c25775,203,177,107
26V264,2026-09-10,6784ec0b11bc5f5b4998bf7878e92c690477e06db588a9e5822f47dd0f691a3d,280,221,135
26V265,2026-09-10,6c565182347d8aee5623ea8d290569421828fac7eff349cd01027b83f10d9b00,200,267,115
26V266,2026-09-10,70e90e8f551e4dc03399ad19b2edf976f818ab61eb05c4d55246306514a53d19,246,255,80
26V267,2026-09-10,290cb7b4bb483f973da2a7b2ffa000620f8aea633b82045ff4c1c4d7103b125d,361,172,100
26V268,2026-09-10,15b0a9010b5c5830a7198024f2f3cf1463af28ffb6a43efbcfd6620bf43539a6,362,167,109
26V269,2026-09-10,0b449058d0bda8e0c3620266e55bdb59bb329529326a6afb4e14ab12a76dd9bc,322,330,137
26V270,2026-09-10,86b9b316f3afabb5c7cbb0f290165e335228ec4e31f5c957c5aa5fdfcacf568d,387,332,130
26V271,2026-09-10,4ac12a6edca7f9fdb6bea782f818854eed173785e8fba699f4b0f802e0527053,246,278,139
26V272,2026-09-10,8faa1553082ab4162c75e0b6b90b57b4e85cb3bc6e31edf71d146f65b1963745,238,128,76
26V273,2026-09-10,3c481ee1c298ef8eba2c6f98e7d54cc5ecba30d731ae40cea4be0e8f81057a56,207,328,100
26V274,2026-09-10,a176c51566fef3c5521f6b38eb230b89679827ad39ba40d7891f5b96e1d68de5,191,214,52
26V275,2026-09-10,b0846414b0b00f4a458137fb49e3b8a020aed448ca6e7bc95c241d6743097749,361,190,106
26V276,2026-09-09,6d325ed68b9eb2fd7623fab4ae8dec8110459053d5a6c3e9b455e64eb9918069,273,194,99
26V277,2026-09-10,0e5b8e5a47b62cd74fe85c60f9fff2bb2d69a8af5319749b12de77f5d26e5dd0,254,316,86
26V278,2026-09-10,7eeb14bcd8fb8d8a9d77e7c846dd0a705ac71a650921d9a0e6b15aa02a20db62,299,364,123
26V279,2026-09-10,57b21d181329018b14dcc8da216262cb70943ef38809011ded61fcb589460b61,186,301,85
26V280,2026-09-10,95d6df1b561bed4ef6263df0ada5338f36105219a34c6e59c9e1a84cc9f5fffc,123,250,99
26V281,2026-09-10,c3e445b9403664443e088f232542b5ae2d3c6f99a75b38ce01dfba7e97438f7e,353,237,150
26V282,2026-09-10,a0f131540d8890bf3286eeb7318b469660b4d7e8a58f01b01f5f8a8ad79c7b23,216,306,118
26V283,2026-09-10,2cde57fa0d36ed373ff64c7f22c0eaf66c5123c95acf40ec0580f974a7fe6e0a,235,374,102
26V284,2026-09-10,fcad55dd3318d4b6617c4dfaf76f1d049ad3b0b6548abee6cda2d487eae4c889,207,169,113
26V285,2026-09-10,e4ec3764c8960224620a9c98694fd0a0260f38a00805e082a7e09127bdb593bc,228,183,95
26V286,2026-09-10,d049510f34723fc5b0d96b9bca62adee02b94c80365d680641daaf95970c2df6,233,229,97
26V287,2026-09-10,14c262d8f34bb32b74465ad2608834133a8062b9a07a2419166247079b91ff6e,233,243,97
26V288,2026-09-10,e530240fac39ebc8d8bc50c1cffadabd216873a65c57e3dd7f9fafab8438c8ce,346,246,54
26V289,2026-09-10,23266c0c7b0e8e320dcdbe4014d2075dffc375cc950746193dc9cd8944ed6477,525,459,57
26V290,2026-09-10,4e86ed442a2320a5d546cd7c6ac64f53f02c3540f46774e76685ee6b8d5d616f,436,116,111
26V291,2026-09-10,f46cdced8a834910f075b905187c087a5e39569cf9a89bd4fb8814820e446620,308,217,107
26V292,2026-09-10,531dd1a7446666d947751640b35b8e988aa300860217ffe16fdba91c42df386b,211,416,119
26V293,2026-09-10,7f07703b6f7ff5782ea432d24c66433fa426d58f705d46980a5a31ef8c16b5d9,180,330,134
26V294,2026-09-10,3f5d735858502081ce3d55974c4d51b9c1e0bce9fd2425b6507acbc403e1ff0e,387,284,55
26V295,2026-09-10,be26ad08bafceee8e69a624356483bfd043efa6e88779cd0f513e4676c97d6b3,354,215,61
26V296,2026-09-10,578d18f6008355d434844058a7237c9e478f33dcc55ccb27927b8e79c70eab2c,265,168,79
26V297,2026-09-10,1f14b68823e68dd0b93c38a227fd16bbbde01fef3270b6c3dba45f3f7ebbf883,209,378,119
26V299,2026-09-10,f2b9b37832d75a8fe998624d175d98bc5e58864624849e8fd7bf7a2ac29bcffd,456,266,84
26V300,2026-09-10,821884ee950835d5f652046fced3b200e79d376da03ebe3dcc231f05d1e6a44d,448,335,153
26V301,2026-09-10,82e9ebb188f298fd976ac0792b6c016767fa1b372723428f7dc76c0ff1461de8,564,355,90
26V302,2026-09-10,846679dab46e0f9f66d4b446b4900807cf1d8b814a18e249ffde274d78df5dce,332,243,165
26V304,2026-09-10,388a2ebc2f5af912c1ee851598bd2f9c06952d78bc71742107659fba07e05d2d,437,315,125
26V305,2026-09-10,46ffbf50682ed14da1ef783094a0d1e21d3d3915c1f3454db0caf054e58fa06f,536,262,90
26V306,2026-09-10,34d03d21789e8aa4c7108d72e5a1d40881bba846b7acc399b33d6f4ac975f10c,742,178,136
26V307,2026-09-10,51cf9b024687bab17aab7ddd431d45cd427d0265a55250aaa295dd3b6b626cfc,485,161,144
26V308,2026-09-10,cc482f8667412ae31f5e62a867c0d48cf92af0229fcbe465b8e9f992a7c3534d,321,147,53
26V309,2026-09-10,e57688497126c888179f17995ad4cb4b347d72cf551f2ceda70cce34a9cb3194,321,202,52
26V310,2026-09-10,2fd0e2a3abf3997f5199ef738300bacddcb0e56cfefee6fb81e36efecef7d051,322,407,118
26V311,2026-09-10,6631dacd0be31e2c6b3cb88adc7676a6182ff8e7bc1c8c6e7de99e042d61573f,264,201,55
26V312,2026-09-10,1d707d399e57dc0e27d42ee37fd2b4bebd6a94c7ea155b9d93bb48791d2c45b2,190,160,79
26V313,2026-09-10,8d2608a8e1dbc47b352d78113a375486187308f5a657e390df2964e2b7537fdf,215,186,88
26V314,2026-09-10,600d2622abf75e8f2fb5d0a079c3d02aec4ecb130b4d23767ff9bd176908b3a1,412,200,56
26V315,2026-09-10,980cbdcc0dbe70632e1999d2f76fa9c167c0c6d824e1dbdc097c6c84cae5acc6,253,222,133
26V316,2026-09-10,48e7a21247a7db6c2672d30cf76ca13b137d66abee075557d896273fa4a42940,344,287,49
26V318,2026-09-10,47075e2ae0ca7212942c3568ea07c2562628b2c4560188d2c5ef87b09b051b38,211,161,79
26V319,2026-09-10,b8c2d6adf077e784b7767f377f11687af012863f2774523a0409176d82457760,210,164,79
26V320,2026-09-10,2d7018a943c04e6d5217faab669bf81fd4429e45531b88f8bb0e3c8cc091b773,523,280,52
26V321,2026-09-10,ec7dd1e40bd5b793abc9440ce1074f9299b0ea80563b8044a15535bccf9734fd,350,395,115
26V322,2026-09-10,0023e26b5acdf5015a5529794fd7e34e7893f9045289cf663b4148d113f0d34a,225,179,132
26V323,2026-09-10,373b28b8ce2435bba3b3359661c9e3b2fde44a9ab0e1c00aa69cd45cc398309b,187,354,115
26V324,2026-09-10,fcbd4d196ec7da20fdffc5e01d920c338729a8496479127b417cea7755f0c9a7,290,173,87
26V325,2026-09-10,060b08ec95dd644e7ac75d4bc0cc72672f1b819ca75b469428f0605e48b9841f,426,320,175
26V326,2026-09-10,749edac234255200d772eec2b35874af83607688aa31a94015ba8b6690b38edb,352,366,116
26V327,2026-09-10,1e8744807d286e71b55b57923827cc54f379343baa71b70e914302a9c2d00fe5,411,410,116
26V328,2026-09-10,b0bf51e2eef2bbfb168fcb1700189ddece1715a5caa42bb9480068491649a4cb,374,390,71
26V329,2026-09-10,67d784c1c728f2deda57d6452739566ed4a88fd05f778d5e9ff2d8f342823dbb,443,200,133
26V330,2026-09-10,ac6d11ddeb6bce0ed78d60a991096d6d6df1d663cda82c877c404903d5e65c1e,381,237,108
26V331,2026-09-10,988d612498fd55947f25e364c47f875d51803d437318fb4f408847fdb9b0414c,364,323,149
26V332,2026-09-10,1df6e76fe576df0d6ee123f2fa5ded3aaded2a61a369baf709b5f75e42e5d004,472,597,80
26V333,2026-09-10,65f63c1314ee74767d94bbc73bb77b2aa05c354fc5f2efdbe355b3f4999b91de,201,254,79
26V334,2026-09-10,578ec1dfbefc6ea27b78e2cff5e08d69db96cbbea1fde794a77af91609803aff,390,124,132
26V335,2026-09-10,144b9f84d5d87fd2f483fd65a07878c712da7c7fd7d541d91d789fe784e29869,361,524,176
26V336,2026-09-10,77980bdab2ecd58ed2b66bf496b094b95d2e74ba322a428671b147d7497c541d,315,219,132
26V337,2026-09-10,779c0b58720fa87f8ed734cffde8e0b781116766d4503b08a3f34218fe969629,171,195,131
26V338,2026-09-10,c9ff9c447931a21d8c3e0ec85e261acb2a907c8ce8a7e4df5f337ce1f5c6633b,327,182,80
26V339,2026-09-10,00b8557423225f610af3ad67693ff90a90c7f35563bc7ae7931e6f9d60eb391f,167,217,113
26V340,2026-09-10,cde4552fc739f2a1c2db99da754b97c6e454cddcc83f2ce97fd979bf72fed6bb,446,302,91
26V341,2026-09-10,f46132fe6d861a077f90fc1bcc3076ed82d39d916eedf62aca4c1aeee83fe9a2,295,559,172
26V342,2026-09-10,4e998339b40d4bfbf519c97b60ab0abfd169bf98a2b454a9929c8498749c18de,206,382,148
26V343,2026-09-10,3515295591e5959210c952d8613cc50f2e663275cd6015244933e4dd05fbfef7,441,159,62
26V344,2026-09-10,eefcf469cda3ee5bd47f572b4e561026995f189e4e3c5fde2cbbc843a0b11b8d,534,258,128
26V345,2026-09-10,4c67fc9bd416c3700d5dfdabc9930f6610954e3c2bd9b97c7257662478c417e2,586,232,100
26V346,2026-09-10,20aad9b51bec498cf8b9472fc30342d186d8b2e34195d0c4db0b656d59e133fd,415,259,80
26V347,2026-09-10,a214242baafd3834cf0f30f5e3af23422d066c13cb431f37063fd7b7f4286df1,240,449,79
26V348,2026-09-10,d2eebf508bb8b8968c9a7fdc65c5322d2256f751396507574f846422b7c7ffa4,379,197,107
26V349,2026-09-10,6f7647b6474b08e56f307b30789651366727da916f9a902ada80e3edf6871b9b,192,251,79
26V350,2026-09-10,2c46e1b3d7a587e4ec23ab6ce418abb0bf84ccb35c84d3ea1b1467eeea77e72e,510,188,119
26V351,2026-09-10,06d36e965e4f41975598709265a1555f62d95721f0800533f5e7710da2b38440,497,215,119
26V352,2026-09-10,cc4aa89ecf518021674dab1a92d99a21b16961203cb0741394efa0ea4f2f39f8,181,170,95
26V353,2026-09-10,dd5cfe2f913ef11c889b3d7579c0cbf4b78d298d09471d3aefcbeb6508c8c403,317,402,102
26V354,2026-09-10,08732c6f2a5d1f7e088cdf9058d439f63546dddf338d7705799f752c5992c587,224,218,113
26V355,2026-09-10,be109fdc8ace5ddf89e4523b3423b559eb26f23935053bb9ff0150263a8a08d7,437,351,241
26V356,2026-09-10,a91a0994a05b6461aa8367d0f06ceea738f3a1d2379008e70f17015165822782,332,329,114
26V357,2026-09-10,f2ac1b5c99264b8ebd07ddcc85295bcc40c10ac7abe0be43c220d6e5f5d0e4ce,114,245,80
26V358,2026-09-10,531c94df036ae8ffc5a4e6fc232a909cc1ba543f4039d6071454990e0b6a0eda,165,181,112
26V359,2026-09-10,f386a7de431c88da9511f20954b6544d2518a7bf0810e72a18e3f18ac28b45b6,489,281,49
26V360,2026-09-10,2e3283d65de3f1210c07a451537e99a7b2dc37931b506364b7fc0087957b9c51,217,392,139
26V361,2026-09-10,f5a6d482f072b40039d608c387b773f6fb4fa479cc2292ede6e3098142029ebb,218,410,139
26V362,2026-09-10,4785c88ae5492fc8784f7b32a88d846a8924ae36bc9cb930ad603be6e8c15c81,629,219,44
26V363,2026-09-10,073c2647d8b5a5b75fb7a298ebdbe7fc3c57c8d0ed102914594dbdd29ca58d20,508,273,44
26V364,2026-09-10,03001ef8b2c06825f5fac57d57326b5c338f4bb90dbe753d317be7fa512e1eaa,238,177,79
26V365,2026-09-10,045aece950d8bda7f8357434234d32ef719e6c0e7ac3a0fdfe59eca4bda50474,582,554,160
26V366,2026-09-10,56f56a37d74df57a6ef62411c2c0c7d6ae723b9fa0b2ca764f7954ec3b3702f2,476,245,114
26V367,2026-09-10,5ff9768640cadecf409293adb9a046969181ff3887945aca990a3d46d8be3e3d,430,315,138
26V368,2026-09-10,b95b5e4d6c005d6a851eeb14365d660a5e625a8fe06460f1fb4e30802487a4e2,465,165,94
26V369,2026-09-10,3c00f52b424e079d85bb5168d6d2628568b555d954685fcac06497a4766a8d7f,349,235,66
26V370,2026-09-10,a7ffeaac8b7a4a626beb6379b7714678154e8b22ce604c30e2466683554c0c4d,358,516,154
26V371,2026-09-10,bfa43826b0055406f7cb458070d7153a42ebfcb68d4721e1a89b73fac14ce3dc,377,261,132
26V372,2026-09-10,50b0d2e56fa6834bb2344d2f761cb4fceae23b130b1080d705db29c8addbebf0,356,413,157
26V373,2026-09-10,c46160ece1fa7eb5389c56f5c64e8cd4acfaab7fb31f30c3b6268cdfeeb8c6da,337,485,113
26V374,2026-09-10,392ede1c04cc5577730e17e6e91d5670dbb03643eea56c7267fa1af29a3f2897,343,399,142
26V375,2026-09-10,fbe2e93256faca91d89b88af2a805982c014635312eb67512e10772801754f55,338,323,123
26V376,2026-09-10,db987ee14645308ae784e28a9f23db6652cba06d6fb8701fe31840b557960d5c,519,278,137
26V377,2026-09-10,0336118915fe6a431555287b6a75fb5d6b9d367463b97c2490bea070b5b48427,342,276,108
26V378,2026-09-10,83a79351aedce10fbd024ed309830a0a34446df3b1f4da63b35a5d463f901e7a,316,315,114
26V379,2026-09-10,6b281cc487c578008cf4cbf3c13622fc6566d985ccdf5f0c220f185b9aeecaae,227,147,134
26V380,2026-09-10,595f3971674fa065062c531040d73bd45951d504293bec6c559092135bd38b2f,345,503,72
26V381,2026-09-10,4b09ad6ca190bfc5645367b6c20f632a54f80a392ff5036e9f6d8f453a15646d,342,427,127
26V382,2026-09-10,3b85f172557e07a2b082b73c36452eba2977630e157e370e5bfa01a801990c8b,254,284,55
26V383,2026-09-10,fbc2a8e9e6cdb56d5f68ca2e3e6485ff8702ef1920db804722cf984624c16297,236,154,64
26V384,2026-09-10,e53573cf73bc99eab2de1ef90ab6b051c5c019a31a8f1b0dd2c68dcf73e25aab,392,212,160
26V385,2026-09-10,9cfb2ce64c57205a6d375b53fda9c9e51f38d044d00697d6e1dbd4f4d96892c6,228,316,133
26V386,2026-09-10,28b809d9c4455e93be5b1e4a49df1fc38bc923cec37e46cf87d3105a08ed65c7,237,207,141
26V387,2026-09-10,045f8d6f549ffd1c569bf6de468637990e3261429069965ba6326f9df996de45,237,195,127
26V388,2026-09-10,48ecd8483733c4edb95a10e1645f5b321c9f59bfb76a5193c98f51e496607c8f,367,375,126
26V389,2026-09-10,9ae6cb5a90af6178cdcf9125dff292204d18117671d8e7b52f7a2bc948b8bb4f,261,271,84
26V390,2026-09-10,f1645bbb8d0c7449e1c843b31a153b2426ba0b236c2c07b50a6fc01e13b9ffa7,231,368,115
26V391,2026-09-10,fa8d58ec36a82e6550ae4053c28a011cda4ce4f7e2309c12a0838d4d22c4f551,191,336,134
26V392,2026-09-10,abb027c6452fc4ab93852a20c3365bd026d6facbcc911664b7777b4915147a37,250,187,212
26V393,2026-09-10,0cf045b7e558e87c84c0e46c7e8dccc6e261e0d7f09c2a6569309b8f71307c3f,279,276,64
26V394,2026-09-10,77aef794158169bc9a9da67cd96e4d97feb3b4397d67fd3fa53f82c7bbf6706f,456,199,105
26V395,2026-09-10,f4033aee40e1e27fdad5c18b6c3f56eb278a2d5b066ad3b23814f5efc87a012f,227,322,199
26V396,2026-09-10,e7c73640d3870e64ff65b189ac97c0a773a4d92c71538363b7bce77c4f5743c5,339,292,71
26V397,2026-09-10,0482d44dcb3952f47d4ecf8716dcd4c0b979e872e60a9ebdf4d74651cde01677,421,308,151
26V398,2026-09-10,9548dab971ae99ba82c34c3178119111e6b01104f2f4da8a89145348f32590b4,228,219,46
26V399,2026-09-10,3076f9d13bf21d99b21d9a0ebdc820e9ec1584bd702d459ac0e3978d41d01859,405,170,142
26V400,2026-09-10,181a4eff34ea6a10d27b463634d757075b4360e57cbf4ff7e6c8ea0941d3f39f,389,344,149
26V401,2026-09-10,5ed5c21627ede7b2c3f8c2024fd836945f822a43e45c560d3f847685ae074201,339,279,65
26V402,2026-09-10,c7f0dc621eff015bbdc31a88b8605c7d9947fc58e5f4bd0e909f1f5f005f5e72,530,244,84
26V403,2026-09-10,c0eb0eb4c71162c788bee8331461467a3b7d7d6ea72256925f8be8d79defbb67,369,148,82
26V404,2026-09-10,8050ec24fcc5c9591616c277417931e40579db89f9ea1d5cfa027de46271df27,328,160,68
26V405,2026-09-10,0f19a8a8033ff1d5b52ad2629897cc7fc566099ceeb16331a0f2e0882b0709ec,178,143,105
26V406,2026-09-10,4f5beebe8049ae688483403c17670c956c32766c1c94e4d22373ec2caf943024,185,226,79
26V407,2026-09-10,caf9894870e0f47b7b91705c60780fad53dfc678e4b48e08657419e74871b2e8,371,223,88
26V408,2026-09-10,ba9ce6d61b2b2792dd270f78f2a991bc5a6ba18fe9c318ef09595b5eea0c0a0d,371,190,88
26V409,2026-09-10,cd456ff2822264228c9a019032d8fefdaa6759fdfd5617906b0249f392ce04ac,245,227,188
26V410,2026-09-10,f0b5d0a75f182e08ab59f691dce944bcc109b033e759cb7adba423ffedefee0c,393,265,231
26V411,2026-09-10,7ffd0740179eedd3fa206c831729cccd48672357068d5dd515fa8b47a5a4e0c3,208,354,125
26V412,2026-09-10,4cbc8c2070f042ccf3c514cbed7fd2b2674e7f1fbeaabc6059aed29e6f2eb319,338,374,65
26V413,2026-09-10,e9653210d510e77a101d2c46d55a0a4aa338252189020aca0801cfd08948ecee,346,440,129
26V414,2026-09-10,8df24b10b08ab6af431bd5b6ec2de2ea87477a586937b111a8e7e815bb57a9a5,371,427,100
26V415,2026-09-10,16996b9c1e8e7a0831d7cb03e2ce206cdbf39d4f216151d3a0518bbae5a1451e,766,221,135
26V416,2026-09-10,a1ae026250bd01538b51f148cdac8b4b800d59572b7df53d210bf69898f3d5aa,356,321,68
26V417,2026-09-10,bc0da3c9697acf6d8ad226173c3291fe55f2874dbc1cc52d41d530cc69928865,369,130,195
26V418,2026-09-10,3c954caf4a4e8a7558a4e88e73f2d18cb2b132c22a4748b9938eb171334ea696,344,266,127
26V419,2026-09-10,9fb0ac1ea06a147ec3d0cb0620a71cba05218ec6bc8b0288040fbcc8cc4efb08,372,360,129
26V420,2026-09-10,a3a8e846ea92018d0e6a1cc5bdadcd8fe1c5a61b17228c89c36c2b35246635fa,177,422,135
26V421,2026-09-10,36f401646d1e92bda6bf454c014477f298fec7b9df74e935d6cb1f8f68fe8858,503,345,156
26V422,2026-09-10,94a31d6fd5593c2e3edf1f3bb83f41f671a544687b01fae5701e6e473a53b468,497,423,231
26V423,2026-09-10,2a82090209da6fe4ff76cbdc99371a1dc6371e7e66e2f725d6fb77786141bbed,394,349,116
26V424,2026-09-10,bfd7446eba96eddb5e3141d84a91243db4b1c50ed62777f881512e78629a5864,363,147,136
26V425,2026-09-10,618ae92bd1e2a722ddfe2d152f0a072a3216fe5520905d033508aa9da7dfcc76,463,374,132
26V426,2026-09-10,ce890909bd97aee1217b6ca7de2de77190ca704c3d057dfcc6944b471a497485,209,141,148
26V427,2026-09-10,d3560a25576411d24f6b3910540d4faf4cbf4fbd6ad39347356e80235c189b3e,209,182,148
26V428,2026-09-10,3e6e65bce9de9930fd340cdf89bc803d977f3259dfaa640fe2007b964832311d,364,155,41
26V429,2026-09-10,f6f27216c693b2be58e3e6d166c2570e5e441d25ff3ffab5697087bb9c650e62,255,238,84
26V430,2026-09-10,fcab06d8b01e5e9af356f6d4de03bdcc2066b1b3c59d21d0111bbaf1e9bfb4ff,598,240,36
26V431,2026-09-10,81ec54f959363dd686365ba84b074c2b11f22443fd80dd9720f58bdb373cd3a4,508,197,36
26V432,2026-09-10,a2859a320ef32779043d2fb07febec2f74715d97b0e79774c0ac7cc585ee7f33,502,196,36
26V433,2026-09-10,84c1eba051c2896ec4757e44c7200e6e0089924ceca94e904a2a8a53b2547b29,256,284,131
26V434,2026-09-10,1edd2e1f84e0f48c8ad9aafc3f004c193885614fccbfc4c6e704e09ae432768b,202,157,39
26V435,2026-09-10,da1dcd82378578041ee277960b442464d1381d26258e3c143016677b1151f0ef,277,171,138
26V436,2026-09-10,cc5eab5b2b038d0ba97d5c0079b637888389a4115517f6478bba7c020e6f38f2,390,397,90
26V437,2026-09-10,6924670c5de5ca7f68725bd1d863599e751132bc3d84a05f165ec6ee28d4f4f3,329,281,116
26V438,2026-09-10,ceeefe0a3196c7ec56eb8ef777ee440b6149e089cb2fce7121a626124715dd76,403,405,34
26V439,2026-09-10,e6ab8b54e9b960e04ee0b1d9df1f9393e1a19b6fde750634a1fd7e289475a875,228,348,115
26V440,2026-09-10,a157ad57509feafd117f0a819dbb28260b5a4f37c0d64adce8fe5bbb4e2dc797,366,169,49
26V441,2026-09-10,110b80072064cd2d40f9328192445d80c6fc56d2506fd9ec0026ac8a9f7158b8,466,253,69
26V442,2026-09-10,a4dbc01e63a63c9e87cabaf831c183671929ca43782e432f2e52758c377b3cca,334,438,110
26V443,2026-09-10,a45aa18d2b1ebee2049e1460721e4ba30268790d61e9428cb6c856b281ac0be8,317,283,102
26V444,2026-09-10,3d66405c74c041a53ece6214bf1107829d750b469f3d60a35cb33c5d40b7f9dc,410,212,102
26V446,2026-09-10,4ed0b410092ea4c617d5b93f5b121c9c53610c8a4c39f686576841b6076f8c5b,260,244,65
26V448,2026-09-10,8bbf8faff98d21a5b5e0e04f064ca878bb5fd9334415e67b1b1fa3735fce6b87,583,140,84
26V449,2026-09-10,a497d89de1db3b40dcc73afc44ec06cb05344d21fd713ebdf2f1d51cb6f5990b,203,155,64
26V450,2026-09-10,b523172f56b76b134d0b234968ab7ccc515e20bb238a4272dc6d0b43bcbf53f6,286,250,65
26V451,2026-09-10,4040ab783f13c1acf467c96509a10884e857af9907b9bf4d837d8be2192f3b25,690,238,115
26V452,2026-09-10,d39adcd80e3a3c00ac07a6287785da726481c8c42d35472a9ec204b13ab0197c,448,208,103
26V453,2026-09-10,b0467cfaac1759e5cf359ce5adfc447c3a7f843ae456c70dfd63f91344b7259d,272,217,75
26V454,2026-09-10,99a452b678fdd3da91c77ca3d5cd38b38cefe76ca219e6ca3cfcb9d8fc451952,203,210,101
26V455,2026-09-10,2e9a0bfe266aee2fff5c034d4cbbf2c01850c62da9030c3dcf2098e7cfb4d6fb,512,431,55
26V456,2026-09-10,f9211f4264dfc403dcb3b89d11e743fa993f21d1747195498b3834626a5f1f5a,387,220,54
26V457,2026-09-10,f7063512ca45daf878b539a353db2815f07302a3b15923a58245ab7a6b97baa1,428,214,96
26V458,2026-09-10,7fb443a9b40bd7b08866f4216d9ed4babb657628b13b7673d80d4a38607abd6c,474,256,115
26V459,2026-09-10,6b10f5114e59798f175fae98afd48efc79fb1aac18c51e4c89c6260bd468d456,465,219,45
26V460,2026-09-10,7b04ae906b3b4b0e521e5c89ca7655a54e37a06eee842bcf8d3bffdce2e90826,296,378,109
26V463,2026-09-10,e7f2e0484cd8c59fce783b294c9733426e351a9e97a7010f8bdc9a65569d6464,366,163,139
26V464,2026-09-10,41d411cbe694e4fb0b78cc64c3a630600d2cdc1257ebfd9ec78088618034fe84,208,191,65
26V465,2026-09-10,975ca18ea649bd5db42d56ca0b91b22fe76cd828143ccb74c5ce4198edfdb56a,219,330,98
26V466,2026-09-10,2d23a80a2116e8c675cfe9d5b09c6942de817d0bf99e9223555a655186db4bdb,303,203,237
26V467,2026-09-10,d228dedab3232f5baebd5896354b476198b7242cf652b0c805997f16d37741f6,303,204,237
26V468,2026-09-10,17591b0f48fa742bbb16cb11e7559b9077869282d0575fd3773b46a1bdaa06ec,600,167,98
26V469,2026-09-10,07f9722a4856593c69777bd40a8ed0def1a88b32ed00b931b40d663f180eaa72,224,327,166
26V470,2026-09-10,0d9384b070aadb37a8034b7874883f7ba421f00bbae97ea7574766335a8ea028,328,216,110
26V471,2026-09-10,28d8118843ff6a465ebab84d8474965c9199ff2a34bc6eafecede61503a11438,184,206,70
26V472,2026-09-10,235e8384885aa95be2a0dc1f18b91dce8fb58deb7d697f93338ccea1737db5b7,202,272,85
26V473,2026-09-10,b5fc267cb5dfa4a6be2f0f3ffba99ec77f31b941ae22c428597590486f18e05f,342,277,131
26V474,2026-09-10,de504693aa118c126161df82698f5a5beb80a79013b34624a49d6dbfa02dd7b5,218,278,167
26V475,2026-09-10,784ba916bf02b12cf5508de21af06a8cf8d33a00428fd6926afa0bd1502c83da,215,278,106
26V476,2026-09-10,2ebe0ed50f4d4eac803da27e75d555ed3398e89a4f0b6f9a95ec46eb21a982de,404,365,114
26V477,2026-09-10,ca0371fdd34fa08e2c6417ba6102d12c0e5b5566cc0d558bd38ce51b530c5ed1,265,278,65
26V478,2026-09-10,ee7e31ccf999fe1008abf4b94995a31ccbe02f16b417822f142235255c854395,381,335,118
26V479,2026-09-10,cd271b2bb7adc8198474c1867f706c25d81eec6d6244661cec0d9f1d0c21ef05,191,186,81
26V480,2026-09-10,5c6afd6f3d79e3763cd91f60d1fce9c4dc140d957b984c2800faa598c491d5a8,255,165,49
26V481,2026-09-10,77f079482b366b6efbb89ec27d56a78485b6d34d986e2f405e341a099eac140e,313,450,59
26V482,2026-09-10,eede4b69a12cc16e90c3e84d262bd3f76ab08c6e939d4de45a570e5bd8ee917e,229,178,79
26V483,2026-09-10,28fbf5a60ff9830510744aca028b77cedf042cd1499301adfa400a470133ef8d,208,237,118
26V484,2026-09-10,d7ce4a91480f811cb16eb5e376cd613c9c1c1cf814a6c3f6a017d3fa472564f7,172,470,119
26V485,2026-09-10,0792ca8d49aa6e5d205e82ecc0697341ef0c2d8b29c35332a78a5bb6ab766512,426,640,111
26V486,2026-09-10,4f267cde591f1cdcb5475e0127c3dc44073296bed390b0f7fd2534764bab7d6e,201,383,119
26V487,2026-09-10,f4b4a7ff92640813eae0a2976c7b94ce7894d8c2bd870ed9befabcc2e32daee6,484,178,78
26V488,2026-09-10,a4addf6653a7c95a3e0f51f9481e4a9a62c2b006d404ed8a4ad6e948fd1475da,231,113,107
26V489,2026-09-10,94bf144b04cce0227e3f3a3332809ece01e81022f2905ae6caa0e4cca03ca679,526,429,108
26V490,2026-09-10,d81e9f2b98e4eca81d9612c7b0fd05f059243f17268c9144b2c8d5284a034270,258,172,98
26V491,2026-09-10,b575d107fd5844a76f8d4d1757f6c0bb48da672bd523d4c6d8f10b8ff5338645,236,375,119
26V492,2026-09-10,db0b02ede76212ed7993edbef77cfaafd1480b1b3becd3f59de132570a1d4ae4,236,209,56
26V493,2026-09-10,dc24ab8892bed86b64686148fe84d6b3f351fcd470c5aa6d46da4b1d8378292e,351,178,64
26V494,2026-09-10,62f2304c3409b13317e14f1b85c62ccb4b3b03b0f88c20747df47b9253655385,426,216,94
26V495,2026-09-10,aa64c0230267658325d29b6175eedac0996a3cbe5064816e44f2d480bf42040b,400,295,134
26V496,2026-09-10,4582c289d828ed62b301ba234671feb013996e308c4a0546477836169a693323,408,188,98
26V497,2026-09-10,821ad1256998ca309cfb2547f9549dc7a1c8f3573e37b0b1b78c5f2f420c5c57,197,130,79
26V498,2026-09-10,bcc3b8b9cc69d1d7b74696a27324d45e9c4648323e5a8fe6a51ea1052ad928c2,331,212,150
26V499,2026-09-10,85ce9af30857d71c8b9fbeb81b3395af27bd45ce97d8d28a624179f25d7b6151,243,137,64
26V500,2026-09-10,a634dfd9002db0310c97fbc7a70a543134df2c0448e829287899be10cf8f07c5,547,189,126
26V501,2026-09-10,eaa7b1aa1b6d79f15c8f586fb292a3ae8b0168495a61680d1213f975ebc7f0d0,221,202,106
26V502,2026-09-10,4ee021e553b3cf64510eb3c164b732d3a0f24522210e53439ae8faedff94205c,259,221,128
26V503,2026-09-10,f8bbf9f97d6f0c8a7d0826bbe56e0ff2a836fba049a4af6e54ebbde75327590e,245,223,59
26V504,2026-09-10,2ec1655906e2d068eaa3211ea1b9d6c8db51bfd64f0888c991a3b70ace936ee3,214,375,199
26V505,2026-09-10,88b3c462afb21690c576af80670f2520fe4563e619c33e23d6b866b4b3a01f73,201,221,103
26V506,2026-09-10,c2622fdba41f931d28ecd3fcc6005ca7c5c6691a66b69eb23932477d133ad3e9,211,295,85
26V507,2026-09-10,5425354d2f8bb2242a9481ab4c8d7d017c71bf4f20ad4327de2a7f99edd9109b,221,346,115
26V508,2026-09-10,a6457471dfffb7dbfbd68bc29bf5a373e192603f58d19d83cbcdcc9a17502141,418,326,72
26V509,2026-09-10,02a1ecf15d94bbe26e1475ed99287f7ee22c909408ae9e06ded886c341fe08cb,262,110,90
26V510,2026-09-10,03aecaba1698046758809438b20f78be3fad203e1a9326b8d8e0d1fc4080c6ca,352,186,119
26V511,2026-09-10,a827aa23237b252f06e2c57a4340b3ab32b249353d2a9e055f87b6292ba90f95,250,556,112
26V517,2026-09-10,19480bcdb37220ceb57a0b95ca348ce2c8e334536dfcf78e99e358e151c5b473,283,194,64
26V518,2026-09-10,9f5c7dcdb51671a42eba36fe932b25d71c7ecccfa012f7895952442bb923f7c4,211,169,69
26V519,2026-09-09,30d96e16cf37ca295f28892f63302ec997945a1670a89705392b0ee0018b802b,272,225,162
26V520,2026-09-09,eb82597bc90755a1e81cd9d9e9f3d5736bffbcbf230ef8539df3f64d289675e0,272,168,162
26V521,2026-09-09,7debf65a0f997ae7bd1a679fc1ee17ffb1a60f3f06404c7a65335eb4fc342393,257,326,199
26V522,2026-09-09,6874fd95926c68a7c3b6798ac9abd9f3af6c91fd04b6c4c675c055f3bb810f65,265,332,120
26V523,2026-09-09,9bf57ac340085416488730464b581ee724b5e6ed313a7d341e1d469a422f8205,265,333,120
26V524,2026-09-09,56d69eab239ae0f3450b7f977bd726903b2186a245298d9030513b483a8f6c9e,384,198,112
26V525,2026-09-09,843560db3e9ab43cd2da7cb37165d03b6b75d92cb84031bd120bdae279fa0111,443,324,213
26V526,2026-09-09,7ecc4e0d2789812024bbfedcd635d56b37bb8deda216d64f093102d2823962a7,369,254,79
26V527,2026-09-09,418b234e3de050811674fc8b0215aeb51b66f7afbaae26bc6f04f5fdab60e157,343,213,154
26V528,2026-09-09,3daad9954883c1f42739e57989d4bef67c5a233a7211fadc70cfb43242025605,565,202,91
26V529,2026-09-09,c3aae566aa487e9bdae56483c40efe3a8f87576a47d8090671a5da559c81b7cd,370,189,79
26V532,2026-09-09,f4ced2a04afa4235710eed2c3389727205fca235d117a25342ea84e6cdb865cc,329,180,205
26V533,2026-09-09,b9b5b72a910b4b988880c5295b4a88c222ad34a060e318db3c966c661203a929,270,310,199
26V538,2026-09-09,3d6746c7adbcd02422d08c11384055aab47e4522088bf8420badfe141b3a074f,228,243,65
26V543,2026-09-09,de05c88610c07fc930a8f9c6c872242e4227d9ef93c8787fd6aa0af6308767e9,235,178,55
26V545,2026-09-09,7f3c914ac8937ea9e7f80b987b72d72452f324a7716f3845031bf44c7fea9c2c,420,361,99
26V546,2026-09-09,7a6ee33154f9e02d679bd629df39d80d0dd4ab8cccc875a81b425adc82bbc982,213,491,203
26V547,2026-09-09,e7c3637a53130299fa6e4d918a231815d5351c67cecb37379f76ecfc61fc6d4d,491,518,188
26V548,2026-09-09,c1892695541025056aafa6c263adb0ee31bcd580fd691878a08fe1ca7eb3991b,494,252,64
26V549,2026-09-09,fd91316e4bf120dace01add61ad20d29114627cfb866386222409c45bc2fae65,352,427,125
26V550,2026-09-09,668dfcc0d7c6399df532b2b070f94fb8d7774a6d31ff6e867ae064b92dd31bea,421,283,153
26V552,2026-09-09,5b93dd630c64eabcfdf972eb367b638a955a8ca91c4cfe37e20c44ab40930815,223,305,110
26V556,2026-09-09,d1cdb76824c902fd3baa51786b993f6ee3cca74c78b2f71143f2df4e43bf3adb,254,224,85
26V558,2026-09-09,25b7176da9108d884c5e67a4e068d3e48bf25156e239b9cc6fd3e5df81d4df1d,377,221,128
26V560,2026-09-09,79b29b54b1b29a26e5f8a7bcd7e5dac80cf6784dfc5fc1656cd126872b14e4be,378,288,116
26V561,2026-09-09,e118ac9b091bebf66602aa2f9737f43d66148b759e40332abec78deb3e18b407,384,425,69
26V563,2026-09-09,3eba088673e0fa187442af75ccc3398bbbe9e65672ed9a38d4d947b98ae2cd35,164,222,82
26V564,2026-09-09,cfc050fe38dc92a13b3d3d288f547414e38d6f1e94c547f5c1f5b6c770020fc6,215,179,107
26V565,2026-09-09,4678a03eb8788ee11444207386020bed677fe12827f7f77fcdd491e049dfaf0f,262,312,85
26V568,2026-09-09,3e3c8099a431c310bb286ab5a75259b9ac2863c198796f67addd9908e33e9a18,296,160,64
26V574,2026-09-09,6159fc58666099ef02c3ba7a6097f33e2957341abe344f68ec2b79299060e13f,293,333,65
