campaign,defect,consequence,remedy,first_read,last_read,edits_seen
10V598,d8552aea,37c1dadc,567596c4,20260821,20260905,0
10V229,271c1f6c,643a15e9,b89c359f,20260821,20260905,0
10V317,f73edc0a,a4177275,0db3ccf7,20260821,20260905,0
10E029,69feeaee,5d10e69e,2d9cd34d,20260821,20260905,0
10V330,0a1d750f,aacd48fc,a8f1b0ce,20260821,20260905,0
10V319,fafc1063,bee3bbc4,e40bb097,20260821,20260905,0
10V365,015d7191,bf74890a,9b95cf94,20260821,20260905,0
10V327,12d43b60,e8dba649,dc3154ac,20260821,20260905,0
10V331,2c93686a,9e0c7382,2436889f,20260821,20260905,0
10V334,129c38b1,abfa50fc,e9523582,20260821,20260905,0
10V484,e92df05f,3afd0cb6,fa631369,20260821,20260905,0
10V437,4dc366c6,3afd0cb6,7c5a6b3e,20260821,20260905,0
10V341,06dea19b,617438f0,021af8cd,20260821,20260905,0
10V345,0c38bb52,62ba230b,dd794cda,20260821,20260905,0
10V348,615cae28,baa0a622,8af243fe,20260821,20260905,0
10V363,00c31eae,b4e35ff0,0b94b7ba,20260821,20260905,0
10V364,249bfa4e,1f58ab67,7adeb6de,20260821,20260905,0
10E034,bd75d272,5636054b,8deaec65,20260821,20260905,0
10V370,e1ea48f8,d0643efc,d985deea,20260821,20260905,0
10E036,eedb6c95,df7a9fad,68fabea4,20260821,20260905,0
10V377,e55c4c52,a44e95a7,b9385f4a,20260821,20260905,0
10E039,0636373f,779a3cbc,96c9fdbe,20260821,20260905,0
10V408,9256b2b5,9da3f645,7691385f,20260821,20260905,0
10V387,f80f86b7,f416db8d,e519dc99,20260821,20260905,0
10V389,b79ffe83,1243c809,757722ce,20260821,20260905,0
10V390,788beab5,ce9db07c,eeccb30a,20260821,20260905,0
10V392,204e80e6,779a3cbc,3f6e83dd,20260821,20260905,0
10V393,6aa2de1f,9ac3adc3,de37ca32,20260821,20260905,0
10V395,d4bf92d8,c467eed3,1573a9be,20260821,20260905,0
10V397,f88e74ef,cbc0ded7,fc274832,20260821,20260905,0
10V402,8ae49229,77260a6c,9171b9c6,20260821,20260905,0
10V403,e040d62f,cd889fbd,66581b38,20260821,20260905,0
10V409,81f55416,e85054be,fa940889,20260821,20260905,0
10E045,6e790347,dee663ca,3a2ccf84,20260821,20260905,0
10V456,6087bd2a,3afd0cb6,7cdf96e4,20260821,20260905,0
10V416,fda45805,9f391008,aabdec42,20260821,20260905,0
10T019,f9ab0b28,b20f4893,3bc7336f,20260821,20260905,0
10V423,175cd7e1,bd098114,9c9b57df,20260821,20260905,0
10V430,e8d7edcd,8f53ef25,2719a065,20260821,20260905,0
10V433,95bed0f8,48d9a42e,5e7e18a8,20260821,20260905,0
10V435,5440df42,8f53ef25,51131a28,20260821,20260905,0
10V438,eba3566a,8f53ef25,5012f106,20260821,20260905,0
10V441,fb42590f,b38096ee,7a0ec215,20260821,20260905,0
10V443,e568a218,3afd0cb6,59d69586,20260821,20260905,0
10V446,aee21f5c,39e1d40c,b50e5a2e,20260821,20260905,0
10V448,45a9e87a,bf41ab47,5e8204f7,20260821,20260905,0
10V449,d639a263,1fa4c5be,378c967e,20260821,20260905,0
10V451,41f49fad,46e90a22,5f85b571,20260821,20260905,0
10V458,6f6ad603,2e3859d0,573d4435,20260821,20260905,0
10V462,278c88c3,8f53ef25,45bf6edd,20260821,20260905,0
10V466,ece6f8c2,6a49c9a8,ea74c1d6,20260821,20260905,0
10V464,9aaef75c,8f53ef25,8fee8c7a,20260821,20260905,0
10V468,d080a879,0ddd9967,c1aea34a,20260821,20260905,0
10V470,57c1f7d5,66e49d96,e13831fb,20260821,20260905,0
10V475,cb8580c5,9f120dab,42ab5506,20260821,20260905,0
10V488,527fcd10,8fa0ef7b,ef3ca921,20260821,20260905,0
10V493,84665d0c,09cad366,79e54b34,20260821,20260905,0
10V499,96de88be,6aaab44b,844ba2df,20260821,20260905,0
10V501,15af3cfa,866a6796,4f37fa33,20260821,20260905,0
10V506,3e86da54,866a6796,53a22799,20260821,20260905,0
10V508,da7413be,09cad366,af921eb7,20260821,20260905,0
10V513,890bd9d7,46b7887a,7db70611,20260821,20260905,0
10V583,a88c15b8,09cad366,d4bc40aa,20260821,20260905,0
10V515,5b4a9dd1,bdd5bf58,6eeb1f03,20260821,20260905,0
10C006,3cfb39e2,01e874e3,b7337253,20260821,20260905,0
10E052,3af87eb9,b8a5efaf,96912642,20260821,20260905,0
10V524,edfc454c,97809091,a03814da,20260821,20260905,0
10V526,95bb0fd8,8f53ef25,0bb26387,20260821,20260905,0
10V548,4c9bb9ce,0a3a0449,efdfa5ec,20260821,20260905,0
10V532,bd793448,0a3a0449,34405c57,20260821,20260905,0
10V547,79148b83,8f53ef25,b43c35b0,20260821,20260905,0
10V559,44113078,355f4c8e,db916e51,20260821,20260905,0
10V567,0f2b8c30,72b1db84,aba5fd2b,20260821,20260905,0
10V552,ae3f7535,72b1db84,0d72ef8e,20260821,20260905,0
10V558,59ff8248,d278bdef,a5a28553,20260821,20260905,0
10V568,4d3b3adf,34c7d8dc,7a89d08c,20260821,20260905,0
10V569,b7871ad6,1363c686,fc1f3f69,20260821,20260905,0
10V580,1b9cf457,866a6796,694c5980,20260821,20260905,0
10V584,85805c76,1363c686,aaf3c560,20260821,20260905,0
10V590,9835e100,23994e39,5c77c00a,20260821,20260905,0
10V587,0e25e5d0,1363c686,0d1fdba4,20260821,20260905,0
10E054,44202972,9b84f8a0,bc914317,20260821,20260905,0
10V619,43f494d2,0ee1e691,901ebdf7,20260821,20260905,0
10V595,bfaafc1c,bf244fa4,82a212df,20260821,20260905,0
10V606,25cb502d,0d23207e,dc72b3a3,20260821,20260905,0
10E057,2868b03d,43decd99,aa050a68,20260821,20260905,0
10V616,3ab0b6af,fd627e4d,e3d4e496,20260821,20260905,0
10V623,3f961b16,4de518ef,f42b22b0,20260821,20260905,0
10V625,74ffc45a,d40c60f6,b3be7500,20260821,20260905,0
10V632,51d7a806,2fccf7ad,993f6a2f,20260821,20260905,0
10V628,4a7dc53a,870d1c43,2067d654,20260821,20260905,0
10V657,2a818d87,8bf6db87,b6be6cd7,20260821,20260905,0
10V636,77fe880b,2b339b94,ddda24e5,20260821,20260905,0
10V653,0d8fedb6,3afd0cb6,16b9844e,20260821,20260905,0
10V638,afe21922,aacd48fc,f016153c,20260821,20260905,0
10V641,7b8cad1c,0a3a0449,9804ca54,20260821,20260905,0
10V645,4c2132f1,0a3a0449,9f4e511e,20260821,20260905,0
10V651,ef34d332,1363c686,b7ff4bf7,20260821,20260905,0
10V655,6fe6e3f1,8d514dfe,3661dd5e,20260821,20260905,0
10V002,6b15e857,ba99a295,9cb2fba0,20260821,20260905,0
10V006,2d60679c,6cf4ceb3,76e8d067,20260821,20260905,0
10V454,ad155189,3afd0cb6,3e553839,20260821,20260905,0
10V007,29328755,b367191d,4ccdd2c1,20260821,20260905,0
10V009,7f55c8d7,c2250f08,6929e505,20260821,20260905,0
10V008,87944b9b,239281e3,9f69b399,20260821,20260905,0
10V016,5f08b136,88086bb8,f0510377,20260821,20260905,0
10V020,e11ef47e,2282ab7f,c37fb84b,20260821,20260905,0
10V025,f441ac28,8187fd2a,ee6a69bf,20260821,20260905,0
10V036,975c08f0,3786da4f,a9b4ee7e,20260821,20260905,0
10V037,d15b7d8b,859f37ad,d5ffc320,20260821,20260905,0
10V046,e5f585fe,fe1e8ebb,2b890fb9,20260821,20260905,0
10T003,74d4f317,b5996f71,fe8292fc,20260821,20260905,0
10V053,7885b3a9,6804ba7b,57e8b1a2,20260821,20260905,0
10V056,0f74297b,3dccea01,f4f47c37,20260821,20260905,0
10V060,21f2788a,eaf01d9c,4c21613b,20260821,20260905,0
10V061,0224a8b4,bc01363f,38b95b4a,20260821,20260905,0
10T004,4a913666,b5996f71,d9b6f00f,20260821,20260905,0
10V074,727ad0e6,23ed4cf9,2f05d645,20260821,20260905,0
10V083,d29f0fb5,ae078feb,f123e16c,20260821,20260905,0
10T007,f4c2a2fb,b5996f71,a0787c37,20260821,20260905,0
10T008,ce455e45,b5996f71,71191268,20260821,20260905,0
10V091,8cc935cc,ccd8558d,7c14761d,20260821,20260905,0
10V093,7625c189,e652834e,bc554b7c,20260821,20260905,0
10V095,4f6bfb48,5891992e,2dae880d,20260821,20260905,0
10V096,47b6dcff,0f747ce2,fcf1352e,20260821,20260905,0
10V098,151c4eae,556d3ed4,59aa99f7,20260821,20260905,0
10V110,01fc9767,38447661,563b10cd,20260821,20260905,0
10V106,445cb800,92205fc8,9538003a,20260821,20260905,0
10V108,4b9da7e7,180fe986,a53e8788,20260821,20260905,0
10V109,6c40838a,4b48cc0c,3ad7411b,20260821,20260905,0
10V178,696cfad9,671f1510,f38ee4e7,20260821,20260905,0
10V114,fb8338c0,4b48cc0c,c1353a7b,20260821,20260905,0
10V116,ee0f4129,4b48cc0c,5dc2717f,20260821,20260905,0
10V125,61e0e31e,85a914e0,7173fc74,20260821,20260905,0
10E008,0599fa23,7e077c31,8ffa90e9,20260821,20260905,0
10V131,3113eede,92205fc8,59b28ae2,20260821,20260905,0
10V139,5c796447,c2c44071,4ec915fb,20260821,20260905,0
10V134,20f3dcde,4b48cc0c,60759328,20260821,20260905,0
10V137,317e6e85,92205fc8,d65ab14e,20260821,20260905,0
10V140,8285d4a9,b88e5486,9264a6a0,20260821,20260905,0
10V143,b850bb86,4b48cc0c,57a665e9,20260821,20260905,0
10V144,bedb0826,92205fc8,7f8b65f2,20260821,20260905,0
10V156,7db116de,92b87275,ad76c37f,20260821,20260905,0
10V160,e754abd7,1b8ccb47,3c4dd8d5,20260821,20260905,0
10V164,7708d370,c7e854d1,a4c58eca,20260821,20260905,0
10V171,7008f691,4b48cc0c,bec39e32,20260821,20260905,0
10V253,4d776c8a,6fd13460,076af928,20260821,20260905,0
10V174,8426b687,a82f8a28,249081dc,20260821,20260905,0
10V179,eed4efaa,b89db890,445ffc9f,20260821,20260905,0
10V212,1042f8f6,940d7f96,28db5e60,20260821,20260905,0
10E014,b52beca2,e04bcf18,6488971d,20260821,20260905,0
10V190,8c900d2d,03b4d570,a7632ac4,20260821,20260905,0
10E015,4c837159,3e3715e2,25d44ad5,20260821,20260905,0
10V197,cc219fb4,0ae90f25,1f259d4c,20260821,20260905,0
10V199,4243b497,e04bcf18,302f267d,20260821,20260905,0
10T014,23a149dc,1fd914ed,e70b1f4b,20260821,20260905,0
10V203,8278a192,92205fc8,1d2caecb,20260821,20260905,0
10V204,0cab8ce0,4b48cc0c,0dabc209,20260821,20260905,0
10V207,23458eec,92205fc8,ec8f4461,20260821,20260905,0
10E019,35c7e1b1,849c7971,061c4e77,20260821,20260905,0
10E020,3014d25e,4e703c0c,da6d68a9,20260821,20260905,0
10V221,b4482fe5,f322eabc,9b5ae034,20260821,20260905,0
10V224,a20ddeae,aa2845ee,bc484284,20260821,20260905,0
10V226,a44a799c,00608d05,acf4390a,20260821,20260905,0
10V234,13206b4e,dbf22951,16b8aee2,20260821,20260905,0
10V217,4c4e9290,25309e42,fc757dd9,20260821,20260905,0
10V222,920353a2,aceaff5f,939723a1,20260821,20260905,0
10V244,1fdc3147,b3633ae9,024baa1c,20260821,20260905,0
10E022,98dd6a56,5cb0abea,20d45c75,20260821,20260905,0
10V248,6d1791c6,20238947,fc4b02c6,20260821,20260905,0
10V257,cb0eb9af,4b48cc0c,df6aa52b,20260821,20260905,0
10V262,b68d0a60,4eb0682b,622a651c,20260821,20260905,0
10V275,43cd116a,8dd94603,891c7070,20260821,20260905,0
10V263,243e9b76,4b48cc0c,c39d4308,20260821,20260905,0
10V266,4835a55f,049b79bb,47242bcf,20260821,20260905,0
10V273,6a464e3c,a0486fce,88a76021,20260821,20260905,0
10V276,e086342e,5dd97dde,5f3c50a8,20260821,20260905,0
10V280,1df0f436,f44129ad,c8889288,20260821,20260905,0
10V281,89daa469,2308a807,5a7f5555,20260821,20260905,0
10V288,94ad4b31,6c90578b,308207f6,20260821,20260905,0
10V292,0ce15223,b34c1f9e,e106abe0,20260821,20260905,0
10V294,87989908,2c1e027a,a3b60611,20260821,20260905,0
10V295,4210d78d,5af801e0,e77d7bc2,20260821,20260905,0
10V300,b6ede4a4,6cf4145b,66823cd2,20260821,20260905,0
10V301,5ef72262,a6f963ae,6949c190,20260821,20260905,0
10V302,3c4ea096,0e05c15a,e7eb387e,20260821,20260905,0
10E028,92a45375,98a58004,96e8945e,20260821,20260905,0
10V312,8e3d30bc,dcb4d852,d05e82d4,20260821,20260905,0
10V374,4ad1e413,1fd89406,4bb81cfe,20260821,20260905,0
10V313,aceecca3,106567be,03a5f0cf,20260821,20260905,0
10V336,6ebf3046,27d31d39,a7a8cd57,20260821,20260905,0
10V318,cddcf31a,42f68af8,6b30502d,20260821,20260905,0
10V323,1b54c4da,78f7f622,4e9be2c2,20260821,20260905,0
10V325,9223875a,8dceea0c,59a5625a,20260821,20260905,0
10V328,a50005f9,65526bff,d1db0358,20260821,20260905,0
10V329,ee68abf1,3f04ce22,c3aad7d2,20260821,20260905,0
10V333,fb26ea27,dac3efde,48a20936,20260821,20260905,0
10V337,75a60c67,27d31d39,6fac0db9,20260821,20260905,0
10V338,c14a22f7,5d5ac8ae,6275fa07,20260821,20260905,0
10V339,9d0c570c,b3ba490c,eb559e98,20260821,20260905,0
10V525,e47211b7,1363c686,7ffb36c6,20260821,20260905,0
10V201,d37fdb23,355f4c8e,5e510bf7,20260821,20260905,0
10V340,766899f5,617438f0,021af8cd,20260821,20260905,0
10V351,f8f5f166,56309bef,a2c58da9,20260821,20260905,0
10V401,7c7910b6,779a3cbc,70c8723e,20260821,20260905,0
10V352,3ee1c319,92205fc8,4758a983,20260821,20260905,0
10E037,d811ce9a,22d9c535,13606aea,20260821,20260905,0
10V354,bdbe89cc,92205fc8,bd471956,20260821,20260905,0
10V355,e217627e,26c01dd7,84cb440d,20260821,20260905,0
10V358,0b2609b5,7b9c87f5,6cf0cdcd,20260821,20260905,0
10V361,39674f64,21942125,d101d280,20260821,20260905,0
10V362,ecc27658,4370bc59,6f53d66c,20260821,20260905,0
10V369,87b9aec3,b223e163,3a7d94a9,20260821,20260905,0
10E035,c8b95674,c956c6ab,455e6d30,20260821,20260905,0
10E038,01e74302,9e09f333,2cebb565,20260821,20260905,0
10V378,fbed52e2,171e0788,e3cb5985,20260821,20260905,0
10V384,06a60933,f416db8d,b6d747d3,20260821,20260905,0
10V386,9a0555db,5f5f3c11,af5199ec,20260821,20260905,0
10V394,772ae1c4,9ac3adc3,de37ca32,20260821,20260905,0
10V396,269dc348,cbc0ded7,fc274832,20260821,20260905,0
10V399,e5bc7585,0b356145,e4343d9e,20260821,20260905,0
10V400,a058a948,fa15427a,980d1c26,20260821,20260905,0
10E044,14806bf1,e5655179,d8cb4c27,20260821,20260905,0
10V407,7e7346aa,446042b5,ce0b01d0,20260821,20260905,0
10V415,ffd48d7c,3afd0cb6,e9fcef47,20260821,20260905,0
10V413,c15c1336,069eb7e7,d2f910a5,20260821,20260905,0
10V418,a630d30d,e332e112,b8cfdd04,20260821,20260905,0
10E046,876def06,f3aa20fd,e3536ec1,20260821,20260905,0
10V420,b8a3fe03,3afd0cb6,7557fe5f,20260821,20260905,0
10V436,3eb6fdd2,1fdbe8ad,0eea28f9,20260821,20260905,0
10V442,5d5d21fd,fab22c80,7577ff50,20260821,20260905,0
10V439,aa16c03f,8f53ef25,07010ba6,20260821,20260905,0
10V440,2e006e1f,3932ea05,cc43f57f,20260821,20260905,0
10V444,8c35178f,16e50ade,aa544ed4,20260821,20260905,0
10E047,3919f344,74ffda26,259c0f89,20260821,20260905,0
10V455,76212545,3afd0cb6,446bf79a,20260821,20260905,0
10V460,0df01504,e808b78d,3cee96b7,20260821,20260905,0
10V461,610b6469,069eb7e7,78ead48f,20260821,20260905,0
10V463,9444d75c,26c5d3d8,797ea291,20260821,20260905,0
10V469,eb1009ec,069eb7e7,05a4f344,20260821,20260905,0
10V471,e0b640b8,66e49d96,7d8d3480,20260821,20260905,0
10V472,f41b3bca,0ddd9967,c1aea34a,20260821,20260905,0
10V492,1a91fedd,6862b262,e01e083f,20260821,20260905,0
10V476,ead929ab,8f53ef25,7239557f,20260821,20260905,0
10V482,99026cd3,8f53ef25,b88a51b1,20260821,20260905,0
10V495,b9964c74,09cad366,1e012eac,20260821,20260905,0
10V498,32f269e4,09cad366,6c4da464,20260821,20260905,0
10V500,14b44a04,09cad366,53979c41,20260821,20260905,0
10V502,59f2fba4,09cad366,34788dd0,20260821,20260905,0
10V504,a0307a2c,6aaab44b,b09bc90c,20260821,20260905,0
10V511,fadf5221,a58bb694,80d576cc,20260821,20260905,0
10V517,47146c6f,d9f82d35,fe49adee,20260821,20260905,0
10E051,29da3174,39c04546,284ee38f,20260821,20260905,0
10V518,aadbc91f,669b45f7,fff55822,20260821,20260905,0
10V523,c7cdce8a,09cad366,71a557e5,20260821,20260905,0
10V534,0c9fad0f,0a3a0449,327d3a8d,20260821,20260905,0
10V544,12170a52,09cad366,b7657e0d,20260821,20260905,0
10V550,0ddcf6af,548f99e6,3a1533e4,20260821,20260905,0
10V579,c2532583,d1644b40,aa13c125,20260821,20260905,0
10V553,36e353ac,1919ea71,641e0bed,20260821,20260905,0
10V566,1afde02b,d8b27ea6,11a2bb65,20260821,20260905,0
10V434,60a532ff,3afd0cb6,ba09e113,20260821,20260905,0
10V570,6d42f7ca,6289c7b1,50c598b0,20260821,20260905,0
10V575,3cf58c0b,637fb356,5fc456a9,20260821,20260905,0
10V581,92057b9f,26ccd338,c85b9faa,20260821,20260905,0
10V578,08a72394,d64f71c0,5905329c,20260821,20260905,0
10V582,35e3f1c1,c7391aa9,b1f63acd,20260821,20260905,0
10V588,e40542c9,1363c686,c061b008,20260821,20260905,0
10V417,3ba717d5,3afd0cb6,3525b752,20260821,20260905,0
10V589,5bebb1dc,ff37f17a,8cf7553e,20260821,20260905,0
10V591,03a350eb,eb9e2d92,3a865503,20260821,20260905,0
10V592,5e630ca2,b8a5efaf,8ad782f2,20260821,20260905,0
10V594,c6f552d6,5c79afbb,f76024a4,20260821,20260905,0
10V599,97cf73fe,78cb4a4c,4aecfed1,20260821,20260905,0
10V604,9a11a8d5,b8a5efaf,5c55695a,20260821,20260905,0
10V605,dcd72521,a805dea7,77328886,20260821,20260905,0
10V608,46ae46d8,dbcd6d04,54ca3ac5,20260821,20260905,0
10V609,ca317ccf,1363c686,254cec39,20260821,20260905,0
10E056,bf74534e,5f5a6e90,95454c78,20260821,20260905,0
10V648,713dcd63,6f024369,3ec50823,20260821,20260905,0
10E058,587efe35,ec715cfd,26bd42c7,20260821,20260905,0
10V627,90ac4738,5055764b,db0d575a,20260821,20260905,0
10T021,173b0d48,4026348e,71473037,20260821,20260905,0
10V630,76863dc1,6f2f9439,948c48b8,20260821,20260905,0
10V631,916a02f9,34680a81,7e8ce5f1,20260821,20260905,0
10E060,aca8132c,0cb7b06a,26fa7a87,20260821,20260905,0
10V654,8ecd8246,4f60740c,b80a2820,20260821,20260905,0
10V142,c48db82d,b34c1f9e,86645a4f,20260821,20260905,0
10E043,6a5835e9,3cbc09a9,0fc45d0e,20260821,20260905,0
10V305,bb48778c,9747b0f5,faca7587,20260821,20260905,0
10V306,86fe8bcd,44f7f3eb,f9e65b91,20260821,20260905,0
10V309,aa8eb68b,20a5d9f1,e7437ffd,20260821,20260905,0
10V316,549a5365,51617c72,4dddfd2f,20260821,20260905,0
10V321,845b0141,6c90578b,aed51261,20260821,20260905,0
10V322,a3844f26,6c90578b,aed51261,20260821,20260905,0
10V343,8bdd7000,a03e8178,51a5780a,20260821,20260905,0
10V324,27059748,4b31aa7d,8f2a06d8,20260821,20260905,0
10C003,d8426f53,aa3d3d4c,ce422576,20260821,20260905,0
10V332,c261c843,e9d15d08,a645016a,20260821,20260905,0
10V344,d47053fa,00085fbb,407c4bdf,20260821,20260905,0
10E030,33089414,85e5d8ff,36c791a0,20260821,20260905,0
10V349,2b73f28c,5aed03dd,e6b2eb5a,20260821,20260905,0
10V350,d8535a29,27cc4b00,bbb42d74,20260821,20260905,0
10E031,60080985,f948b4bc,323dfca8,20260821,20260905,0
10V353,fcdf26b3,56309bef,c56bbd20,20260821,20260905,0
10V356,7ef899d4,927029c1,155357db,20260821,20260905,0
10V357,9ae1298e,b4edeba4,a71803c4,20260821,20260905,0
10V360,7b4e6425,c8eecf3a,d654b080,20260821,20260905,0
10E032,2faf8a8a,fab22c80,acb064ac,20260821,20260905,0
10V367,1a53b863,06152299,5f5729c7,20260821,20260905,0
10E033,f3ef205c,66e8b945,084bc6a0,20260821,20260905,0
10V371,ff4aa7e0,f07d6a3e,a638e9ef,20260821,20260905,0
10V372,d322001f,8b859b52,256849b1,20260821,20260905,0
10V375,1c810dc3,4f305667,846c2398,20260821,20260905,0
10V411,dca81a96,1fa462d1,5631245b,20260821,20260905,0
10V376,b537c4fb,b8bd288e,d1b2b1d9,20260821,20260905,0
10V379,b40de216,55b6ae4c,78163342,20260821,20260905,0
10V381,5f842a6f,3f54c6ec,33533753,20260821,20260905,0
10V383,e515b819,ade6fc07,9b73b7a1,20260821,20260905,0
10V398,a65d0a4f,c090bcb9,acf0ad03,20260821,20260905,0
10V410,e2461d93,bf41ab47,39565d7e,20260821,20260905,0
10V412,6be1c72f,656b94ab,f8a09ad8,20260821,20260905,0
10V414,9b90c641,0120c5ba,ac921366,20260821,20260905,0
10V421,8793a124,9e09f333,970e4670,20260821,20260905,0
10V427,3e397d07,8f53ef25,9ecb759e,20260821,20260905,0
10V428,811436a9,3afd0cb6,b1e5b840,20260821,20260905,0
10V429,8b1fe09b,8f53ef25,92888321,20260821,20260905,0
10V447,3a6239ee,39e1d40c,78d6337a,20260821,20260905,0
10V452,db00fee3,b52854d8,f647b7b4,20260821,20260905,0
10V453,04379817,93f6e253,9c5bbc01,20260821,20260905,0
10V011,b965bf58,0515fabf,93fb7657,20260821,20260905,0
10V467,69a9b449,66e49d96,528d8704,20260821,20260905,0
10V004,675dac82,03b4d570,6faac1a1,20260821,20260905,0
10V012,ff16823f,43bd10dc,df8d4e8b,20260821,20260905,0
10V013,82e38281,2277a397,687245b5,20260821,20260905,0
10V015,14869c54,7723b67c,c0e39f24,20260821,20260905,0
10V150,f6a45ee0,3c1b791a,7596fc4e,20260821,20260905,0
10V018,c350317c,fbe05783,de5fd4a0,20260821,20260905,0
10V019,e04f08d3,4a17ed4f,8b3d59a0,20260821,20260905,0
10V034,29ce3bc0,4e99c564,0de61d8f,20260821,20260905,0
10C001,a400bbad,00b3fba2,a0bd64da,20260821,20260905,0
10V045,6bc1f31a,6f44ff45,7c28c100,20260821,20260905,0
10V040,047e5bc9,19c8e893,e2812429,20260821,20260905,0
10V042,ce4b8df6,ccd8558d,500d0002,20260821,20260905,0
10V043,977ea72d,a5999190,2ca21565,20260821,20260905,0
10T002,e27b2080,8697333f,bd8d7770,20260821,20260905,0
10V057,8cc48903,3c745c46,015d0460,20260821,20260905,0
10V062,0da95da6,b845e49e,abeba85b,20260821,20260905,0
10V064,bd01f5cb,cca0b668,2feef5cd,20260821,20260905,0
10V066,08e7b4be,f2d8cd6a,89c9a54a,20260821,20260905,0
10V067,5302e037,0397d25c,5f91690f,20260821,20260905,0
10V068,f6340eb9,7e86ad79,ca163b52,20260821,20260905,0
10V069,64995bce,ad24f1cc,74217dd5,20260821,20260905,0
10E024,4e9b9e4c,76a78d6a,a8b93984,20260821,20260905,0
10V071,cb484a2a,106b0707,0b73e7ec,20260821,20260905,0
10V076,c25d1f1b,0025c6e6,ed0e0d99,20260821,20260905,0
10V085,7949740f,c36ca262,8921c0b5,20260821,20260905,0
10V087,fed9aa4c,ce685a08,8e437167,20260821,20260905,0
10V102,4f966fab,4e17a613,938424be,20260821,20260905,0
10T012,7a9ac82a,f69a3b0c,a54eebe7,20260821,20260905,0
10V146,2cefaad2,9aa537f5,4c7ac0c2,20260821,20260905,0
10V101,34cad1ac,0b0c33b4,ee394d80,20260821,20260905,0
10V104,49c54809,069e7222,b5571ccc,20260821,20260905,0
10V105,04ae5c69,51dec9aa,ba2701e5,20260821,20260905,0
10T010,b7f51683,b5996f71,12bf7004,20260821,20260905,0
10V117,f4720967,4b48cc0c,f34bad63,20260821,20260905,0
10V123,a2a05c66,92205fc8,9f9fcc5a,20260821,20260905,0
10V133,4266507e,4b48cc0c,60759328,20260821,20260905,0
10V136,c72c5189,92205fc8,7c6c66dd,20260821,20260905,0
10V138,53c0da86,507a2670,8462c41c,20260821,20260905,0
10V141,8aa39ecd,574dab0e,b55edaa5,20260821,20260905,0
10E011,1f2fdafd,751e3bd3,469150d3,20260821,20260905,0
10V145,409a1bbd,aa7c4cdc,b9097ff5,20260821,20260905,0
10V615,a8f41aa1,355f4c8e,d1ad2e00,20260821,20260905,0
10V148,508f2eb0,1581a1b7,a4c58eca,20260821,20260905,0
10V155,ea3b6397,01da8713,ad76c37f,20260821,20260905,0
10V161,fdb346b0,ac641dc2,350d8943,20260821,20260905,0
10V162,da7c2b74,56f77f3b,a2eabfee,20260821,20260905,0
10V167,225b33a9,03b4d570,0a72c90a,20260821,20260905,0
10V168,9ed62b8c,e1224266,c35a3d13,20260821,20260905,0
10V180,2a97a1ec,d86cba2e,bc300f00,20260821,20260905,0
10V184,04306f9a,1a52795b,db6a63ec,20260821,20260905,0
10V194,9c3e9da4,899e7ce7,93c5d6f6,20260821,20260905,0
10V172,c1b80af6,0ad5bc31,f2324a06,20260821,20260905,0
10V200,6f5570e8,c24ea481,0a530783,20260821,20260905,0
10V173,a40470da,92205fc8,ffa592c2,20260821,20260905,0
10E017,a2acc720,12d52057,28251976,20260821,20260905,0
10V210,880bb8ec,28ee78e6,5cd1ac6c,20260821,20260905,0
10V214,0f603f43,d870f54b,c148c372,20260821,20260905,0
10V225,1ea82dba,b28c4f28,7898c332,20260821,20260905,0
10E021,810cf51f,2c62f0ae,5cf8a313,20260821,20260905,0
10V227,8e37f164,5f5f3c11,7d8213d6,20260821,20260905,0
10V232,dc1e6b27,84352a66,e07d4048,20260821,20260905,0
10V233,474abed5,87fa6421,849ea027,20260821,20260905,0
10V243,92934a9e,92205fc8,86b2bd31,20260821,20260905,0
10V247,eefa14da,42f68af8,6b92de64,20260821,20260905,0
10V249,5d6c6fcd,f08b2dae,ca7e7014,20260821,20260905,0
10V250,80dd227f,f9db32a6,e3793cb9,20260821,20260905,0
10V254,81fd71a6,39e32557,11ca0d5c,20260821,20260905,0
10V258,cb497146,92205fc8,2f34a566,20260821,20260905,0
10V261,40f32cae,5d5ac8ae,8c083dcf,20260821,20260905,0
10V264,fa2d9cea,92205fc8,8229438e,20260821,20260905,0
10V270,0dfafa9e,5d5ac8ae,eb1c8e5a,20260821,20260905,0
10V271,d3007b8c,5d5ac8ae,1c8b7a97,20260821,20260905,0
10V272,9d55c230,bc863dde,8334f199,20260821,20260905,0
10V285,3df64acc,aacd48fc,7c3e1b9a,20260821,20260905,0
10E026,9bc51d5f,6c90578b,9f4b2ed2,20260821,20260905,0
10V473,336461fd,8f53ef25,56bddd32,20260821,20260905,0
10V477,5c1fd349,8f53ef25,b201dcdd,20260821,20260905,0
10V481,063549dd,4df41075,a06af9d1,20260821,20260905,0
10V483,3fbe6c0c,8f53ef25,8677bf06,20260821,20260905,0
10V485,3f86d6ad,d6df67be,d6d85e0b,20260821,20260905,0
10V486,38070ecb,11eebdbe,b97d8d4d,20260821,20260905,0
10E049,87fdf978,15940311,ffc54023,20260821,20260905,0
10V490,9a684430,8f53ef25,3091065b,20260821,20260905,0
10V494,4554bdb5,09cad366,b1322163,20260821,20260905,0
10V497,4280f553,09cad366,288a13a7,20260821,20260905,0
10V505,339ba638,3afd0cb6,04d6c72c,20260821,20260905,0
10V507,f42693fd,fa275309,7bccc4f2,20260821,20260905,0
10V514,28b3e25e,57326039,78c420c2,20260821,20260905,0
10V516,752fd9c0,f0dbcf51,71ca1982,20260821,20260905,0
10V519,c95825b5,8f53ef25,2b39b4e0,20260821,20260905,0
10V560,e8c778a5,5f46cf77,efbf6401,20260821,20260905,0
10V527,bb3decc6,8f53ef25,71d3bd72,20260821,20260905,0
10V528,aa09fc60,8f53ef25,1c673cb5,20260821,20260905,0
10V529,bebd9548,8f53ef25,238424c6,20260821,20260905,0
10V536,c79d7d92,24ded8d0,794c15a6,20260821,20260905,0
10V541,a4c0362a,2279ebad,14790231,20260821,20260905,0
10V551,dce3b275,bda2bef3,1cf2dacf,20260821,20260905,0
10V554,1521c82d,56881638,5156838a,20260821,20260905,0
10E053,82d0b373,dcf942f9,a1470956,20260821,20260905,0
10V562,d3dd7166,0a3a0449,2d69292c,20260821,20260905,0
10V571,1ce0653c,46ea6ddd,dce81bfc,20260821,20260905,0
10V563,60783764,ef5b1c01,d2f00412,20260821,20260905,0
10V564,df3567cd,6ea7b47c,7b10b686,20260821,20260905,0
10V565,2d134693,1363c686,0f255af9,20260821,20260905,0
10V572,13b7f3ab,1363c686,e84f42f9,20260821,20260905,0
10V607,6be2dd2a,6f024369,0c0f95f7,20260821,20260905,0
10V573,95b8fba5,1363c686,aa928415,20260821,20260905,0
10V574,783f4367,0c29ae77,d1612bbe,20260821,20260905,0
10V577,b5e3ef9d,c9f67d84,39f0bcf3,20260821,20260905,0
10V593,85d2562d,0a3a0449,26db2bb4,20260821,20260905,0
10V602,e227bc01,8f53ef25,1cb9fd43,20260821,20260905,0
10V603,b026f961,c7fa518a,57a815f1,20260821,20260905,0
10V611,11278e9a,115d9995,eed05128,20260821,20260905,0
10V613,9d79582f,78cb4a4c,91ab1ced,20260821,20260905,0
10V617,eb8a047c,1363c686,caabc7e9,20260821,20260905,0
10V620,add77471,314e5844,ac0c0c9b,20260821,20260905,0
10V624,4db679cb,aee34561,fcc81254,20260821,20260905,0
10V642,30ba852a,f54aacee,735ecc55,20260821,20260905,0
10V610,32b22dfd,bf8504b0,7b359c93,20260821,20260905,0
10V177,b709bfd3,671f1510,f38ee4e7,20260821,20260905,0
10V183,78aa9547,1a52795b,db6a63ec,20260821,20260905,0
10V029,3bc6dcad,4992a7fd,954bec57,20260821,20260905,0
10V001,0ce076a3,c443b7bf,0a7c4890,20260821,20260905,0
10V005,9149cbf5,da26fe3b,70e0be85,20260821,20260905,0
10V010,dddbd1b5,43bd10dc,2d693e1e,20260821,20260905,0
10V014,003f90cb,2277a397,99b38e01,20260821,20260905,0
10V191,44a53061,97d87679,d6a3b3bb,20260821,20260905,0
10V021,5a94a64e,4a17ed4f,6532aaab,20260821,20260905,0
10V022,f50ffcb4,4a17ed4f,ad038380,20260821,20260905,0
10V030,3a954271,07df79d6,cdc19aa3,20260821,20260905,0
10V031,f1356afd,84b83c77,7c6982fa,20260821,20260905,0
10V033,9581653d,4e1dd147,4ee06239,20260821,20260905,0
10V035,2adf85a2,bc863dde,b0422630,20260821,20260905,0
10E002,9ae171bb,c125db61,9bcb89e7,20260821,20260905,0
10V050,e5205d7d,2277a397,c7d5e5e2,20260821,20260905,0
10V059,f93fb48a,93977b85,23d09545,20260821,20260905,0
10V047,b3bb34c2,db1a66ba,829090d8,20260821,20260905,0
10V058,e307a154,e801b1ef,4dd63270,20260821,20260905,0
10V080,d77a5266,0690bc81,33a49b41,20260821,20260905,0
10V073,bded8c92,295f3720,21a18e1d,20260821,20260905,0
10V075,3f625f04,0702ebe4,d6c21763,20260821,20260905,0
10V077,e306faf4,52965021,2e3bc641,20260821,20260905,0
10V078,62165dda,2d83bfbf,25403c81,20260821,20260905,0
10V084,d3926a35,cb99ce00,0e8c1864,20260821,20260905,0
10V088,f6034990,10008d72,ebb936b3,20260821,20260905,0
10V090,b1de2b2d,7e8c9fe7,f19049ec,20260821,20260905,0
10V097,f6f1608b,6c0abc07,19f4e630,20260821,20260905,0
10V100,31de405d,f5c5a8b0,a348ffd2,20260821,20260905,0
10V113,5b01cb75,4b48cc0c,11ee855d,20260821,20260905,0
10V118,a076f66f,11101f15,43de5e37,20260821,20260905,0
10V119,3459afdc,4b48cc0c,0bfec82b,20260821,20260905,0
10V120,d324eab2,92205fc8,152a398b,20260821,20260905,0
10V122,dfcba5b8,4b48cc0c,1c681405,20260821,20260905,0
10V121,8d6b745f,4b48cc0c,e2cdbd5a,20260821,20260905,0
10V127,5644dc3f,6c0abc07,d703f8c7,20260821,20260905,0
10V158,f0b3b464,9134e393,379fab24,20260821,20260905,0
10V159,01a4f3d2,0e009308,9faaa6ee,20260821,20260905,0
10E007,dd356bcf,8aeed76f,bde8f530,20260821,20260905,0
10V128,94f9ba8d,4b48cc0c,42f3e634,20260821,20260905,0
10V129,e3fac3cf,4b48cc0c,6fb3bc8a,20260821,20260905,0
10E012,a921161b,5c420261,8ffa90e9,20260821,20260905,0
10E010,37d3e56a,df7a9fad,75f4c566,20260821,20260905,0
10V147,a8e8c002,bd786d9b,dde4a41d,20260821,20260905,0
10V170,c6080ade,cca0b668,2a04518b,20260821,20260905,0
10V151,5d042fdf,4b48cc0c,c402e052,20260821,20260905,0
10V152,f8a044b2,9bdc0133,5620350f,20260821,20260905,0
10V153,ae21ed8b,92205fc8,e641f1b5,20260821,20260905,0
10V154,4e2fa76c,7cd66d1d,0e2e6aab,20260821,20260905,0
10V165,4089c956,651dbe91,88675b94,20260821,20260905,0
10V181,8a69f41b,abff2fbd,540a49df,20260821,20260905,0
10E013,086fa65f,3d6c10b7,bce02615,20260821,20260905,0
10V188,f1300718,cefce00c,03744097,20260821,20260905,0
10V189,939c0e67,f9acb99b,f00b7d5d,20260821,20260905,0
10V241,48cc64b4,6894d020,c3806997,20260821,20260905,0
10V310,f3b6645c,c090bcb9,981286ce,20260821,20260905,0
10V198,1d446573,bc863dde,24d65127,20260821,20260905,0
10V202,43d6d790,34ccef6c,1ec20bfa,20260821,20260905,0
10V205,ca1a2c5c,92205fc8,4e110fcb,20260821,20260905,0
10V206,e7bd72bc,4b48cc0c,9b7862cb,20260821,20260905,0
10V213,f6f34cc8,e8287717,545ad995,20260821,20260905,0
10E018,c31bdc33,bb003034,166f3d87,20260821,20260905,0
10V220,a49f4279,25309e42,ae2a2f5b,20260821,20260905,0
10V223,302a6fdc,936346c5,01fc698c,20260821,20260905,0
10V228,aaa3f7db,aea4cb6a,79ca31a1,20260821,20260905,0
10V230,8317089b,c819b416,2aac3df9,20260821,20260905,0
10V235,e5e0541c,7a416a49,8d173e7c,20260821,20260905,0
10V237,a64972cc,3672aec0,97ec5952,20260821,20260905,0
10V242,286d4d29,4b48cc0c,548fdbb7,20260821,20260905,0
10V246,b0ccfafa,42f68af8,83c5fc1b,20260821,20260905,0
10V251,5ab86f62,9134e393,e04b5b09,20260821,20260905,0
10V255,1af5749a,e97d766c,01f341fe,20260821,20260905,0
10V259,b883e9f5,933fceeb,2e86bbf5,20260821,20260905,0
10V267,dad394e2,5f7900bb,29dd01a9,20260821,20260905,0
10V268,e4b7d5dc,c0167580,994f2bf4,20260821,20260905,0
10V274,b7e74913,63348fd3,cdbdd8ba,20260821,20260905,0
10V277,2e41de2c,6fd13460,076af928,20260821,20260905,0
10V286,43e78a4b,239afc63,a3155e95,20260821,20260905,0
10E025,12425fb7,c090bcb9,db9f3f23,20260821,20260905,0
10T015,489dbd00,3d7d3d49,d3f3912b,20260821,20260905,0
10V287,fb439210,0cfa3bef,acff7109,20260821,20260905,0
10V289,be1c16db,c090bcb9,c0f1d3ab,20260821,20260905,0
10V291,c62db232,b34c1f9e,d348b83a,20260821,20260905,0
10V293,e878a5ec,02b4f7fc,4ada07ad,20260821,20260905,0
10V299,629acd71,e85054be,852f9a12,20260821,20260905,0
10V303,5b87584f,89505a4e,aa652705,20260821,20260905,0
10V304,0040f60e,2dbf3ba1,959e4ec0,20260821,20260905,0
10V307,89f4ec08,44f7f3eb,f9e65b91,20260821,20260905,0
10V633,d9402811,6f024369,6c608259,20260821,20260905,0
10V639,47934d6a,57d01846,ae465e37,20260821,20260905,0
10V652,3604d5f1,0a3a0449,22ad6db1,20260821,20260905,0
10V658,819ef9c9,1a14d7cf,337ccf66,20260821,20260905,0
10V659,f77c0351,b14451aa,331a629f,20260821,20260905,0
10V530,55565b0c,8f53ef25,e65b675e,20260821,20260905,0
10V531,5b59283e,09cad366,d592a652,20260821,20260905,0
10V533,dd9f5742,09cad366,ef62facc,20260821,20260905,0
10V535,26fad59b,2d4a7ed8,1432b386,20260821,20260905,0
10V537,f6ef29fc,cab25946,47156b5d,20260821,20260905,0
10V538,0b108229,774ec7db,70823563,20260821,20260905,0
10V539,7f6a35cb,09cad366,23c03cc8,20260821,20260905,0
10V540,2d5dffa7,ade55eed,0874a2c4,20260821,20260905,0
10V543,b8aad7b1,8f53ef25,c7d5c255,20260821,20260905,0
10V545,ab7ecc34,866a6796,3b44e66a,20260821,20260905,0
10V546,81fb671d,8f53ef25,19da8154,20260821,20260905,0
10V557,475151d1,355f4c8e,dcbec3f0,20260821,20260905,0
10V549,785aeea9,8f53ef25,b9833742,20260821,20260905,0
10V555,6adcaeb0,89376d23,137229e4,20260821,20260905,0
10V556,fff645dd,d278bdef,76f92060,20260821,20260905,0
10V561,06ffc1fa,0a3a0449,7669546c,20260821,20260905,0
10V576,5dab04d7,0c29ae77,a0c8054d,20260821,20260905,0
10V585,5f4b72c4,1363c686,dc92436a,20260821,20260905,0
10V586,0092bb09,17573654,b155592e,20260821,20260905,0
10V596,1e24abb0,6f024369,c774aa64,20260821,20260905,0
10V597,3d845d9c,6f024369,14a03a1a,20260821,20260905,0
10V600,4da5f298,a4ed18f0,f0d2fdb8,20260821,20260905,0
10V601,8df6dffb,3ce4bee7,721f545f,20260821,20260905,0
10V612,496a051f,1363c686,52d8ba01,20260821,20260905,0
10V614,366466a1,8f53ef25,330f04cc,20260821,20260905,0
10V618,82dad6bd,0a3a0449,83e3dad7,20260821,20260905,0
10V621,2df15001,ef77d6bf,9420dd34,20260821,20260905,0
10V626,f4f9d542,1363c686,dc00c704,20260821,20260905,0
10V038,c6f14b21,92d03b8d,c9afac9a,20260821,20260905,0
10V086,f7f44c43,0e4ed64d,c30f9a89,20260821,20260905,0
10V163,a5437c10,4c89f369,71a84dfa,20260821,20260905,0
10V629,393d9434,b652d06c,73aa8c5e,20260821,20260905,0
10V634,62175a73,4988eb14,85854861,20260821,20260905,0
10V028,137c87e0,b38403f2,53eb05e9,20260821,20260905,0
10V637,bb183760,0a3a0449,9f4e511e,20260821,20260905,0
10V640,9f00803f,51e81c7e,d86773f2,20260821,20260905,0
10V643,370060b8,b1ec58be,5992983e,20260821,20260905,0
10V644,d94b5e75,6380d207,c27733b6,20260821,20260905,0
10E059,45742f62,61a99716,464c87ce,20260821,20260905,0
10V646,91bcc720,92d03b8d,832420d0,20260821,20260905,0
10V647,a3966973,6c90578b,1299b348,20260821,20260905,0
10V649,704625a4,1363c686,52cc8395,20260821,20260905,0
10V650,5169443a,1363c686,64bf9100,20260821,20260905,0
10V656,b757b786,e0d35ed6,0d573831,20260821,20260905,0
10V003,5bd6348e,9af3a784,77a06f23,20260821,20260905,0
10T001,304dae66,b4e2087f,810b3e56,20260821,20260905,0
10V017,9f2aaab9,fbe05783,ed561ba7,20260821,20260905,0
10V023,eaa06094,bf3d2089,ed32bea5,20260821,20260905,0
10V032,0cc4bd55,80eccc8f,822b68a1,20260821,20260905,0
10V024,e23997c4,bf3d2089,7ecb7f1e,20260821,20260905,0
10V026,896d4b30,2277a397,ee5cee33,20260821,20260905,0
10V039,3940fe49,88b1a2a1,b2cfca18,20260821,20260905,0
10E003,0ba083df,4f28bd44,12d67458,20260821,20260905,0
10V044,61d720e7,3856cba1,2bf2e90a,20260821,20260905,0
10V052,e76cb4bd,580d8d0b,774e3504,20260821,20260905,0
10V048,4cb147ae,2277a397,ae083812,20260821,20260905,0
10V049,2cf11301,90ae1963,4989919a,20260821,20260905,0
10V051,f5381779,dde9202b,415fe6bb,20260821,20260905,0
10V092,b2bdd3e0,9f223990,435b6360,20260821,20260905,0
10V054,63b77e6c,3dccea01,1784f094,20260821,20260905,0
10V055,901fc978,7fa0f591,d5472f0f,20260821,20260905,0
10V063,9769dd1d,3995b7de,62c22c72,20260821,20260905,0
10V065,e7bc8f25,aacd48fc,6d8ad114,20260821,20260905,0
10E004,0f975c69,9e0cff73,b991775d,20260821,20260905,0
10V070,1f38d7da,1833b2f8,02c39723,20260821,20260905,0
10V072,5c74839d,9f79774e,ff28597c,20260821,20260905,0
10V079,5d4764c8,2282ab7f,c2501836,20260821,20260905,0
10V081,d2e0908b,988cc08e,f98fc547,20260821,20260905,0
10T005,48c4b876,b5996f71,c85862ef,20260821,20260905,0
10T006,fc3b2800,b5996f71,4f0b14e4,20260821,20260905,0
10V082,34995a06,2e542486,e518e981,20260821,20260905,0
10V089,15d9257d,397e77bd,2b85bf13,20260821,20260905,0
10V094,3b34fd73,5891992e,9d87c588,20260821,20260905,0
10V099,db0ecba1,92205fc8,dc6aa648,20260821,20260905,0
10V103,e5688dcf,069e7222,c6c20a61,20260821,20260905,0
10V107,dec00887,091570e9,06854b6f,20260821,20260905,0
10E005,db1191ef,6608d284,c5849783,20260821,20260905,0
10V111,350e0fa9,4bf43660,ee63b543,20260821,20260905,0
10V112,29384c93,abff2fbd,8f0d66a0,20260821,20260905,0
10V115,fe223f55,11101f15,ae76e711,20260821,20260905,0
10V124,bb8594fb,e7978d2e,7d2f8156,20260821,20260905,0
10V130,e860dd7b,92205fc8,2b7dc432,20260821,20260905,0
10V135,677bd13e,80e06e94,43e1f876,20260821,20260905,0
10E009,81d562ff,cde0ccb5,ff795b59,20260821,20260905,0
10V132,b76700dd,7b230943,3733da00,20260821,20260905,0
10T011,1866667d,25ed1d68,38968684,20260821,20260905,0
10V149,10cb3dde,66724c8c,a173785d,20260821,20260905,0
10V157,5dbd9327,2549e289,ad76c37f,20260821,20260905,0
10V166,0aefc1ad,4b48cc0c,9b37b85f,20260821,20260905,0
10V169,cc7a5880,cca0b668,2300a524,20260821,20260905,0
10V175,33c0d310,f57be208,dfc072e7,20260821,20260905,0
10V176,7e8532f3,a461531f,7aa63dc9,20260821,20260905,0
10V182,7ed17402,92205fc8,5a152e31,20260821,20260905,0
10V185,a7791301,f1a57211,88c3dbda,20260821,20260905,0
10V196,921ea78c,66badbca,0fa3d13d,20260821,20260905,0
10V195,0af0798f,abff2fbd,a8f38703,20260821,20260905,0
10V192,8cf3da26,6b3f724a,d49dc7f6,20260821,20260905,0
10V193,ea46d6a9,6ac26cdd,5fba2b5e,20260821,20260905,0
10V419,3543c2ca,3afd0cb6,f73a81c6,20260821,20260905,0
10E016,f61ebfd8,f427b663,2ca3c9d7,20260821,20260905,0
10V208,8974750f,849c7971,24c53332,20260821,20260905,0
10V216,1f8040a6,661111c4,e2bcc91d,20260821,20260905,0
10V209,1fc8f268,7d4aeb41,12471171,20260821,20260905,0
10V211,09e4aaa4,4bd36b5b,1038a6e8,20260821,20260905,0
10V236,70eef5ac,4c56d539,2084fb2c,20260821,20260905,0
10V215,807b6851,aacd48fc,38d6e0f4,20260821,20260905,0
10V218,9b4fca13,290a6ec3,6cc387cd,20260821,20260905,0
10V219,0c877b3e,c98d80de,a215ad40,20260821,20260905,0
10V231,77b9c270,178cc90f,21633902,20260821,20260905,0
10V238,e6e8bea4,2ae008d7,3093bd4f,20260821,20260905,0
10V239,83b2637e,9efc2318,6f3a518f,20260821,20260905,0
10V260,74c8991d,be577775,6863ebb9,20260821,20260905,0
10V240,4e1eef54,0f6ec026,6530306d,20260821,20260905,0
10V245,420b45ce,f3246397,af3f38fd,20260821,20260905,0
10V252,e7bc4bf1,57ad9670,13ef3936,20260821,20260905,0
10V256,a0126c88,4b48cc0c,df6aa52b,20260821,20260905,0
10V265,b39c1df5,5f7900bb,35034254,20260821,20260905,0
10E023,836bd87b,483901ad,c06933f1,20260821,20260905,0
10V269,1e14d2aa,50043c9b,e3112736,20260821,20260905,0
10V278,c72d3ea0,4b48cc0c,e4c18b4c,20260821,20260905,0
10V279,f16c864a,92205fc8,99bf850c,20260821,20260905,0
10V282,1da4c228,b8d6011f,f9d28b0a,20260821,20260905,0
10V283,4b7bf998,283c28cb,ccfab74d,20260821,20260905,0
10V284,9c7c2f25,4bf43660,6af57874,20260821,20260905,0
10E027,430fa067,897a3d84,47233488,20260821,20260905,0
10V290,9c642c1c,c090bcb9,6df927aa,20260821,20260905,0
10V296,f19170e4,6c90578b,387d247f,20260821,20260905,0
10V297,58546342,6c90578b,25125b0e,20260821,20260905,0
10V298,14084279,e85054be,bf27ceb0,20260821,20260905,0
10V359,a9283271,d733023a,cfa8477e,20260821,20260905,0
10V308,8e286eed,a722558d,9ca6e840,20260821,20260905,0
10V404,69a3307f,7b23a005,562fe0c9,20260821,20260905,0
10V314,f8270912,c090bcb9,981286ce,20260821,20260905,0
10V315,7aaeb225,b14b7eba,ed77b2fd,20260821,20260905,0
10V320,e82f4c12,980fc8f2,6f13a95d,20260821,20260905,0
10V326,fc7874ce,c8a78242,e429dfd4,20260821,20260905,0
10V335,cc3a07e0,9f8421e8,1eeb6199,20260821,20260905,0
10V346,67ccabe9,65dadc7e,b775937a,20260821,20260905,0
10V347,90d0a439,e90c040f,3d57aa3e,20260821,20260905,0
10V366,7090cde1,00dc63b2,07bb43f4,20260821,20260905,0
10V373,c5afb156,9281487c,19687a77,20260821,20260905,0
10V405,396f0b2f,350cd748,95b4ad97,20260821,20260905,0
10V380,764638dd,55b6ae4c,78163342,20260821,20260905,0
10E040,0600e313,ba2318c4,5c6ee3eb,20260821,20260905,0
10E041,cf78835d,e4ad606a,2456f997,20260821,20260905,0
10V385,26c13e24,948f10c3,c3c6ca4a,20260821,20260905,0
10V388,2680d34c,53825078,45d1c0e3,20260821,20260905,0
10V391,06c49786,3932ea05,e1a506ae,20260821,20260905,0
10T018,c1ea03d9,7b082e02,cfdd05ce,20260821,20260905,0
10V406,3b8bd56e,3afd0cb6,2ce23bec,20260821,20260905,0
10V422,96f66ecf,3afd0cb6,542cf5e4,20260821,20260905,0
10V424,1ac9039d,3afd0cb6,3caf8b8a,20260821,20260905,0
10V425,3d322529,73374a9f,244ec1ab,20260821,20260905,0
10V426,d2ba16e5,4c58eb5e,35a58dd5,20260821,20260905,0
10V431,c9e34a4c,8f53ef25,04c9a87e,20260821,20260905,0
10V432,506411e6,8f53ef25,1041d381,20260821,20260905,0
10V445,919ad022,3932ea05,7d479e4a,20260821,20260905,0
10V450,15693ccb,d361eda2,2e5a9e14,20260821,20260905,0
10V457,d2ba16e5,4c58eb5e,e1cf428b,20260821,20260905,0
10V459,16f37c38,a139d2b0,9790bf0c,20260821,20260905,0
10E048,097d38eb,069eb7e7,f5283f52,20260821,20260905,0
10V465,f101c7f9,734bb470,088a4b4b,20260821,20260905,0
10V474,d6435454,2aed7996,5ad1cacc,20260821,20260905,0
10V478,c943a053,09cad366,0288c576,20260821,20260905,0
10V479,aa2d3ef8,8f53ef25,16cb3fab,20260821,20260905,0
10V487,2be6d30e,66e8b945,b97d8d4d,20260821,20260905,0
10V480,a2883a85,5285c907,89775f03,20260821,20260905,0
10C005,e8b007bd,8fc154d0,5869de14,20260821,20260905,0
10V489,f3cae9f9,0cb7b06a,e3346755,20260821,20260905,0
10V491,ee4edbde,8f53ef25,e4fc5847,20260821,20260905,0
10V496,431b6c88,fb95ad49,70bd3fb8,20260821,20260905,0
10V503,2e8e7006,069eb7e7,d9b61fb2,20260821,20260905,0
10V509,89788dc4,09cad366,e80fc298,20260821,20260905,0
10V510,56294ed7,09cad366,ea2b5c7a,20260821,20260905,0
10V512,4c9a771d,09cad366,c48d5c8a,20260821,20260905,0
10V520,ea44e84a,3afd0cb6,adda408b,20260821,20260905,0
10V521,87b2989c,3afd0cb6,29f799a5,20260821,20260905,0
10V522,bcbd8ed9,09cad366,e2782ad0,20260821,20260905,0
11V384,47468db9,4e4f36b6,9aa085a7,20260821,20260905,0
11V421,ab48c388,1491100f,c0d616e8,20260821,20260905,0
11V422,88f6d079,1491100f,bcb56ea3,20260821,20260905,0
11V448,8ad84ef8,eb8f77c0,b53e1c4b,20260821,20260905,0
11V425,ed923977,1491100f,722b4404,20260821,20260905,0
11V389,a32579fd,3cde06de,72bcc661,20260821,20260905,0
11V397,ac6ecbff,84ca0b65,235fd42b,20260821,20260905,0
11V394,f793a815,115d9995,5124094d,20260821,20260905,0
11V398,36847faa,b4bfef40,cf18bb3b,20260821,20260905,0
11V396,40728c05,43decd99,b8a52f72,20260821,20260905,0
11V427,c834e3d8,c3485b0d,732f0fc1,20260821,20260905,0
11V431,1d90b384,1491100f,e751bf91,20260821,20260905,0
11V433,e8022093,ccdc18e4,b5d7f260,20260821,20260905,0
11V435,d6fc5f92,8f53ef25,5143895d,20260821,20260905,0
11V441,b6fb9dc1,1aa337bc,44034f31,20260821,20260905,0
11V443,3983a1f4,7a672ca1,405b89c1,20260821,20260905,0
11V450,2a65fa8d,60313561,9e557320,20260821,20260905,0
11E047,0a9244ba,a9b96b87,90496081,20260821,20260905,0
11V445,ce74a249,c2bc4ebc,8889a8f0,20260821,20260905,0
11V447,5486efdc,d5a8da70,aa7ec2c1,20260821,20260905,0
11V012,35dcb43c,ebb75b23,0dd9deef,20260821,20260905,0
11E034,856de4ff,ca2d997f,f4d09bf2,20260821,20260905,0
11V462,26786ff8,a0d0d1b3,0240660c,20260821,20260905,0
11V465,9ec5b674,68d19e09,04004bfe,20260821,20260905,0
11V466,2279fea8,db056de8,96199522,20260821,20260905,0
11V471,c172998f,1491100f,331d9f77,20260821,20260905,0
11V491,b1201711,94625913,b1c472d1,20260821,20260905,0
11E040,ec0b016f,f8d5f6cd,142e781b,20260821,20260905,0
11V481,511daf6e,4a400ad0,e4ffbbaf,20260821,20260905,0
11E041,a0c5e2dd,f8d5f6cd,142e781b,20260821,20260905,0
11V495,d170d994,401fb6c7,8f391849,20260821,20260905,0
11V502,f6ac20cd,e250e061,d66534d8,20260821,20260905,0
11V518,081c6ea9,1491100f,d578f88b,20260821,20260905,0
11V522,d90d16e0,83ff018b,d92c51fb,20260821,20260905,0
11V523,9c05658b,f4b30451,17cce67f,20260821,20260905,0
11V525,33511700,1491100f,9fb4a871,20260821,20260905,0
11V528,96e89129,3ff15bc8,f7969e29,20260821,20260905,0
11V530,86f8f79c,1491100f,5ddb2d63,20260821,20260905,0
11V533,54f7de1a,23a445ec,ef7fc2ca,20260821,20260905,0
11V532,a2ff89b1,1e73ca0b,907b4a0c,20260821,20260905,0
11E046,ed8db59a,3c8e3192,b615dd05,20260821,20260905,0
11V537,2914a65d,c156f8aa,152d43b8,20260821,20260905,0
11V539,c17d5b5f,8e97b69c,2135ddf8,20260821,20260905,0
11V541,c409dbc8,0305ae4c,38543710,20260821,20260905,0
11V548,9763c99e,d28a9fad,c6850854,20260821,20260905,0
11E049,dca21cf8,6dfbecc5,76bdf4a1,20260821,20260905,0
11V550,a77a64f6,49c61367,d0968ed9,20260821,20260905,0
11V554,be5312d9,c91f164a,99cf7132,20260821,20260905,0
11V555,0cd29651,f1dfbdda,c1e837b1,20260821,20260905,0
11V556,795bf4f7,c91f164a,a5fa2cdb,20260821,20260905,0
11V559,98b82ef9,65e361df,c420b956,20260821,20260905,0
11V569,b128859f,57ecf0d5,e2afb096,20260821,20260905,0
11V570,17557b26,1491100f,6197dce9,20260821,20260905,0
11E051,67a526c5,504e6cc0,a8e53588,20260821,20260905,0
11V577,afef4db2,39d354f7,59305a91,20260821,20260905,0
11V578,8d7463a5,57d1b81a,5eedba67,20260821,20260905,0
11V582,352c7b9c,67669169,881d3d55,20260821,20260905,0
11V583,e4662d07,2fde585d,8c93b68a,20260821,20260905,0
11V584,3ac7884c,1c683efe,85babe2f,20260821,20260905,0
11E054,c423336b,4bef46a4,347fab0e,20260821,20260905,0
11V599,f21081fd,1fb4545b,f20cc03c,20260821,20260905,0
11V006,9764ae98,c090bcb9,67094f56,20260821,20260905,0
11V601,f2718d4f,f1dfbdda,c07369f6,20260821,20260905,0
11V602,cdffa929,e8924843,53e6514f,20260821,20260905,0
11V605,3227ce5e,7cd4065b,2cdf5740,20260821,20260905,0
11V003,811fd197,eb057bb8,34b413de,20260821,20260905,0
11V008,f4a3ecf6,6b772fb7,96db549b,20260821,20260905,0
11V010,3d8b993c,fb0c037c,553c2d62,20260821,20260905,0
11V011,802475cf,7e0c4137,4ffd074d,20260821,20260905,0
11E001,14820159,4827f29d,b30e082a,20260821,20260905,0
11V013,1c32815d,ff394e43,1d31083e,20260821,20260905,0
11V017,0d65fb15,8dddf39a,d9eb2e12,20260821,20260905,0
11V019,e7e5254b,26c5d3d8,7b624ec3,20260821,20260905,0
11V023,cd940175,e120334c,2e03f5ca,20260821,20260905,0
11V029,4bc551e5,aacd48fc,4c608e56,20260821,20260905,0
11V067,fa0d0440,9cc31303,fe2b4372,20260821,20260905,0
11V030,fe7b8135,bc4ca192,cf51bf7c,20260821,20260905,0
11V034,55565b0c,8f53ef25,fdde9d09,20260821,20260905,0
11V039,5aabc7d0,950a8fed,8d61e618,20260821,20260905,0
11V040,05003e2a,8f53ef25,aeba4ec3,20260821,20260905,0
11V042,94f866b0,8f53ef25,bde4024a,20260821,20260905,0
11V049,4c986e58,203bb446,5015fd8b,20260821,20260905,0
11V050,0ae03dfe,9aace8a5,a96be845,20260821,20260905,0
11V053,aa36b23c,cc0a9d8e,651a1dac,20260821,20260905,0
11V060,582c2101,8f53ef25,1e926515,20260821,20260905,0
11V078,bd64a4ae,01be39c0,25d6eb5b,20260821,20260905,0
11V065,a244cd10,1363c686,641c6131,20260821,20260905,0
11V549,61fc4449,4e2f628f,f1532ac1,20260821,20260905,0
11V071,57a83b5c,8f53ef25,412ee64c,20260821,20260905,0
11V074,88eaff6d,5aa814f6,1701de78,20260821,20260905,0
11V603,ce1239b4,c69c0c2b,ebc4a263,20260821,20260905,0
11V081,5577115b,991f7d0c,ee13d919,20260821,20260905,0
11V090,a8b8805a,f6ff99d7,1af1593a,20260821,20260905,0
11V091,56563f31,0a3a0449,0e9be967,20260821,20260905,0
11V092,95d94381,8f53ef25,7cc7dfd7,20260821,20260905,0
11V100,50cf36b9,31e1404a,7a1b4bb7,20260821,20260905,0
11V093,020f20f7,d248c449,0a20e889,20260821,20260905,0
11V103,6c6e5185,1363c686,b01fb69c,20260821,20260905,0
11V105,9ee55910,f64f1259,a910b457,20260821,20260905,0
11V106,d82750bd,30819e9d,20eeef46,20260821,20260905,0
11V116,6a1bf4b8,8f53ef25,01fc12b9,20260821,20260905,0
11V117,c204c20a,3d62cae8,7448ebc2,20260821,20260905,0
11V178,d698be41,be5588e3,74c5cb5c,20260821,20260905,0
11E006,7557a86b,355f4c8e,c3438eea,20260821,20260905,0
11V118,e76ae05c,8f53ef25,0abc8e52,20260821,20260905,0
11V120,f52b0241,8f53ef25,6df31ca0,20260821,20260905,0
11V122,16e3a77d,6f024369,c2993a69,20260821,20260905,0
11E008,51daa430,f1dfbdda,b12e4d62,20260821,20260905,0
11V128,4d85517e,ad4c4674,b6d05f75,20260821,20260905,0
11V129,55565b0c,8f53ef25,16cc1999,20260821,20260905,0
11V280,9990b2a4,f5837cf8,d3446dfb,20260821,20260905,0
11V133,d2dee491,8f53ef25,e989ab83,20260821,20260905,0
11V137,2e50100d,65e361df,f4b70469,20260821,20260905,0
11V138,9998ebb0,1363c686,c741d953,20260821,20260905,0
11V145,578c6592,432341e9,e4b69bad,20260821,20260905,0
11V146,59d80377,617438f0,f6707da1,20260821,20260905,0
11V152,ef97f3ad,1363c686,d7e1f919,20260821,20260905,0
11V155,36d271b7,8f53ef25,061b6387,20260821,20260905,0
11V156,80359531,4a94dc12,38debc45,20260821,20260905,0
11V158,1152763e,247091ad,840c7b02,20260821,20260905,0
11V164,e11edbe7,8f53ef25,1083ff3b,20260821,20260905,0
11V165,2cbc0227,8f53ef25,14f3d6b1,20260821,20260905,0
11E010,79afae35,9ed4a491,013966ab,20260821,20260905,0
11V175,f9d710d1,00e89565,dad8e673,20260821,20260905,0
11V184,6bab42ce,b8ea3e5d,eb2e9eb2,20260821,20260905,0
11V185,b00d269c,74dbd9ec,4cd6e9f4,20260821,20260905,0
11V186,6cb52998,322e29f3,017763ba,20260821,20260905,0
11V189,f9ef31f9,3d57dbd5,4a92c3d6,20260821,20260905,0
11V193,3a24992c,ea30d614,53a8b006,20260821,20260905,0
11V194,41ec9908,f1dfbdda,6a058eeb,20260821,20260905,0
11V195,8e398e14,e62b54c2,c238f87d,20260821,20260905,0
11V198,3c2a7601,8f53ef25,9c941957,20260821,20260905,0
11V219,1ce97f80,9dfcb00e,ec4c2070,20260821,20260905,0
11V225,77d8c8ed,e250e061,cdf8734a,20260821,20260905,0
11V226,95cd66f2,a2a35f43,63ce5375,20260821,20260905,0
11V229,c2c08a56,4a400ad0,f03db1ac,20260821,20260905,0
11V230,cf85a01a,b26f3d7d,32b8f25c,20260821,20260905,0
11V234,98a3232c,4a400ad0,47785929,20260821,20260905,0
11V262,6adc79ce,4ab043ff,8fd7ad9c,20260821,20260905,0
11E013,c92d224c,64e0e6e6,9795f3a0,20260821,20260905,0
11V238,847aad44,460d5ad7,26f403dd,20260821,20260905,0
11V244,4551d825,b62982fb,6b1ecd69,20260821,20260905,0
11E016,e877d87c,ec715cfd,e3cf0459,20260821,20260905,0
11V255,c3144468,5fbb91a7,c02c70ee,20260821,20260905,0
11V263,25d11813,ba122c7f,0639309f,20260821,20260905,0
11V265,2f593269,4a400ad0,c9481354,20260821,20260905,0
11V266,bc3396f4,8f53ef25,720d4d12,20260821,20260905,0
11V269,5983e768,1363c686,00ca0d35,20260821,20260905,0
11V270,5c179c22,256b654b,28b41df3,20260821,20260905,0
11V272,d7516753,4a400ad0,f7cee188,20260821,20260905,0
11V273,42a7413a,75509690,749b15ac,20260821,20260905,0
11V278,6ac3b636,bdd6dac8,a898901c,20260821,20260905,0
11V293,6db29ebb,2d77894f,622329d5,20260821,20260905,0
11V294,80b30af8,85370248,ed2cad57,20260821,20260905,0
11V295,47e69eb3,71f6bda5,80b018b5,20260821,20260905,0
11V303,f1b5e425,5fc2c263,27ca2e75,20260821,20260905,0
11V305,6a76c33b,0a0867c1,e6ec78c3,20260821,20260905,0
11V308,5f9a4b7f,af3d3e22,6f7bf971,20260821,20260905,0
11E020,6412b91d,269caeaa,f4b08ec2,20260821,20260905,0
11V310,288bcbdf,013ecb7e,79c70f5f,20260821,20260905,0
11V313,1af25ce5,97798479,28c21df6,20260821,20260905,0
11V315,3eaad6d6,f06a2d0a,614e6837,20260821,20260905,0
11E022,d80fca20,94ac4999,79062a1d,20260821,20260905,0
11V339,0ac94600,7cdd06ff,1070d882,20260821,20260905,0
11V316,a731f5a0,a89a98da,fd5ad371,20260821,20260905,0
11V317,7a4bfcb9,1206dbf6,9520526c,20260821,20260905,0
11V320,0ea565b9,58e1528c,ca5d793f,20260821,20260905,0
11V321,4ac592b0,519c2974,296a42c6,20260821,20260905,0
11V325,f965904f,2d9ab638,48fbb3e5,20260821,20260905,0
11E032,cf5ef474,e7c41b97,cf51f1d8,20260821,20260905,0
11V335,cc25aeeb,03678203,076326f0,20260821,20260905,0
11E026,8098dcbf,489b9263,083f59e2,20260821,20260905,0
11V342,2d897d5d,097ddfdc,c61ffd95,20260821,20260905,0
11V347,5b3b0aef,d6f3be1d,7de4ed80,20260821,20260905,0
11V350,d3b6a8ea,aa791c79,87869012,20260821,20260905,0
11V355,84005b58,aacd48fc,2df8447d,20260821,20260905,0
11V360,5b058b46,4f011122,c61f93e2,20260821,20260905,0
11V362,9ecdbb36,8f53ef25,b2c8f72b,20260821,20260905,0
11V364,b063e4ce,8c3a6ae3,dfb45524,20260821,20260905,0
11V370,2fd04969,08ed872e,117b0959,20260821,20260905,0
11E030,28839b6f,20d9ca29,e80b4632,20260821,20260905,0
11V379,4555e2c1,896044ad,4a82f073,20260821,20260905,0
11V551,70422e88,db58caea,b6e5527a,20260821,20260905,0
11V385,51c9d78a,45adaba4,c7f34ac8,20260821,20260905,0
11V434,5fececb5,71df5d49,b0c796d0,20260821,20260905,0
11V391,a90bd9a9,8f53ef25,8980e20e,20260821,20260905,0
11V402,a1de2aa0,c4548a30,5fc86b99,20260821,20260905,0
11V403,011ca490,aad3f02d,ad0e4afb,20260821,20260905,0
11V404,1347ea06,a848d431,93566106,20260821,20260905,0
11V406,ef2edaae,5eb3a244,179fc3bc,20260821,20260905,0
11V410,c61b6869,71772a9b,34df40cb,20260821,20260905,0
11V436,c5285319,53c154e8,2e65b9b8,20260821,20260905,0
11V412,51c852f7,584e93a1,c607fe5f,20260821,20260905,0
11V413,5a3f914d,f7ac7e8f,42d8f1b0,20260821,20260905,0
11V423,25625f5c,1491100f,c45386c0,20260821,20260905,0
11V432,0c94036e,1491100f,383ab1fc,20260821,20260905,0
11V437,3f60deb0,012051df,f9c87db7,20260821,20260905,0
11V438,659d9fcb,3f510488,2856fe73,20260821,20260905,0
11V440,33829413,3d3c50e7,80909a1c,20260821,20260905,0
11V442,10459a6d,9b45efcf,733910d6,20260821,20260905,0
11V453,d42b362e,c9437047,944005b8,20260821,20260905,0
11V449,66d5bfcc,1363c686,fd7b8dfb,20260821,20260905,0
11V546,4cc86b5e,462cbbc8,0217deb3,20260821,20260905,0
11V451,dfec9974,4d06e214,a67e4d1b,20260821,20260905,0
11V455,5bbcea87,617438f0,598a0a9b,20260821,20260905,0
11V461,3e896c6e,636441ff,fec7878a,20260821,20260905,0
11V477,1fec7631,1d36c1b8,0e24f940,20260821,20260905,0
11E037,c6057c29,4e670dcb,a4d83c65,20260821,20260905,0
11V496,2f458d52,38074fee,68d213f6,20260821,20260905,0
11V460,b0b8dc6f,636441ff,80c889d5,20260821,20260905,0
11V464,459012f8,186f241e,2bc5cbc1,20260821,20260905,0
11E044,93a32ec0,db570a9e,2bc111f0,20260821,20260905,0
11V510,7e34188c,9b939948,2e665515,20260821,20260905,0
11V476,daa3ce6c,6ac976ad,c08f03c4,20260821,20260905,0
11V478,b4d227a9,546f685f,f47b1463,20260821,20260905,0
11V480,2fcda731,1491100f,35a37e51,20260821,20260905,0
11V483,0c97b19c,823c1fbb,fa87d2ad,20260821,20260905,0
11V485,a4547177,1491100f,5aa894da,20260821,20260905,0
11V494,ef7dbc1d,b58d108c,8a66dad2,20260821,20260905,0
11E042,8e308380,c8bbad3b,241c3276,20260821,20260905,0
11V498,2b50d41a,d24e072d,b5602bdc,20260821,20260905,0
11V500,6466652e,fff7258e,005b66cb,20260821,20260905,0
11V506,b1a37fb5,970694d3,373b24d0,20260821,20260905,0
11V543,6e6e187f,5b3438f9,40824d23,20260821,20260905,0
11V517,7ff67554,c8bbad3b,5655a64c,20260821,20260905,0
11V524,c9f56c2b,ddb4ebfc,c2d8c859,20260821,20260905,0
11V526,cd42b098,0395b6b1,c4c3ec14,20260821,20260905,0
11V535,852d86e8,e80857b3,d4178c12,20260821,20260905,0
11V536,999d8b25,ec80cd95,4503b26a,20260821,20260905,0
11V540,9954bf23,e250e061,9b5e263a,20260821,20260905,0
11V542,d5b729cf,b38403f2,f3e290e7,20260821,20260905,0
11V082,5d67a9f3,1363c686,508843a6,20260821,20260905,0
11V102,2f10d26c,a995c51f,7a1b4bb7,20260821,20260905,0
11V104,d17a2243,8573d613,845bf202,20260821,20260905,0
11V108,5b76298d,93800af5,f7c31c45,20260821,20260905,0
11V126,b67ffb49,10334dc4,30face05,20260821,20260905,0
11V130,aa1580e6,9baae56c,4d64e43c,20260821,20260905,0
11E009,2b6f73cb,da510ecf,12b1871b,20260821,20260905,0
11V134,aa8a2636,450fade8,a163eaa1,20260821,20260905,0
11V144,4c1ce003,d2229f01,294c5828,20260821,20260905,0
11V157,aa8dae25,e9f4bbea,29ee1af1,20260821,20260905,0
11V159,f7148b10,c952bf27,e10223cb,20260821,20260905,0
11V160,636437a0,b738bf10,39dad8e3,20260821,20260905,0
11V163,fc200086,8f53ef25,7c9080dc,20260821,20260905,0
11V169,241e6d35,3d62cae8,8f709c88,20260821,20260905,0
11V172,17f9a8ac,0ddd9967,283b521d,20260821,20260905,0
11V174,b598c9c3,00e89565,dad8e673,20260821,20260905,0
11V176,71ba3f9a,aacd48fc,6b032315,20260821,20260905,0
11V177,17319a97,006116de,1fc8291b,20260821,20260905,0
11V181,36ba2ce4,6fae2976,300aca21,20260821,20260905,0
11V183,8ca5cff5,e332e112,bd031959,20260821,20260905,0
11V187,c0c2c32d,4a400ad0,e684d64f,20260821,20260905,0
11V207,f8305f13,355f4c8e,5bb59387,20260821,20260905,0
11V209,05966aa0,7b4df6f0,00897fbf,20260821,20260905,0
11V210,4264bf31,2f6e4a68,b7d4d0e3,20260821,20260905,0
11V213,199b1c85,a9af94b6,05997359,20260821,20260905,0
11V215,1cca898f,4a400ad0,2032bd17,20260821,20260905,0
11V223,41456de9,e250e061,87bc068d,20260821,20260905,0
11V231,c8a7042a,1363c686,a811eed8,20260821,20260905,0
11V016,df5a7d16,380a37a3,ed93969b,20260821,20260905,0
11V235,2e7c8e0e,1363c686,59cc7bc6,20260821,20260905,0
11V344,964defae,3939287c,3d961ce6,20260821,20260905,0
11V343,77b8517a,46c4c91c,3116f30b,20260821,20260905,0
11V014,e1fc2205,ec386ce0,31030ec7,20260821,20260905,0
11V015,1b794b8d,aeddb21c,66ec5e0d,20260821,20260905,0
11V018,17c6f1f6,8f53ef25,1eed0948,20260821,20260905,0
11V025,6d8b1218,5caef27d,d4b57e56,20260821,20260905,0
11V026,a45fb5a6,8f394908,5922f97e,20260821,20260905,0
11V032,f3ec28ad,3d62cae8,34fb0ed5,20260821,20260905,0
11V033,c0747e59,8f53ef25,5afc198c,20260821,20260905,0
11V035,12bc474a,8f53ef25,38f6baf1,20260821,20260905,0
11V037,6f48d951,557d4135,9188af43,20260821,20260905,0
11E005,538c59ef,557d4135,715e0d5c,20260821,20260905,0
11V041,5fd18752,8f53ef25,9c9e4bea,20260821,20260905,0
11V055,774bb207,a9b71a5b,95ef7e4c,20260821,20260905,0
11V064,aa0671fd,09cad366,391af287,20260821,20260905,0
11V058,4dbffa4e,baa0a622,66d47242,20260821,20260905,0
11V069,2525869c,1363c686,64c17c6f,20260821,20260905,0
11V073,e7777930,1363c686,404acfbc,20260821,20260905,0
11V088,360df28f,65e361df,cdbfc948,20260821,20260905,0
11V077,dce3b275,bda2bef3,293671df,20260821,20260905,0
11V079,2acc1a5c,8f53ef25,0ffeb82a,20260821,20260905,0
11V086,832989f6,be4f6222,4a70f15f,20260821,20260905,0
11T001,def26da1,3f59f7f0,b3272ec1,20260821,20260905,0
11V095,d541f9b5,63cebae7,32198b7d,20260821,20260905,0
11V096,27607a21,70559fed,a43a86ec,20260821,20260905,0
11V575,387ab78f,aad79a2e,f680a869,20260821,20260905,0
11V330,b48a1d48,5d7106bd,633491e9,20260821,20260905,0
11E023,af6be061,e725fccf,d2b011b1,20260821,20260905,0
11C002,a42f5688,8ce66922,173db829,20260821,20260905,0
11V337,aadb9d63,913df44b,5dd9e88d,20260821,20260905,0
11V351,eb6106fa,88e87a36,688fa606,20260821,20260905,0
11T006,9176456b,9b6c0e9b,8ad705ae,20260821,20260905,0
11V354,7e900a52,7f1be42b,cdc1b634,20260821,20260905,0
11V356,9644b1b5,80cacce0,ddd865da,20260821,20260905,0
11V361,067b6ce8,8f53ef25,eb26f627,20260821,20260905,0
11V382,e719ec29,8f53ef25,f90a6e04,20260821,20260905,0
11V386,f76d37b4,2c95dc46,6513973e,20260821,20260905,0
11V392,80ca8a89,f0908e04,942b893d,20260821,20260905,0
11V395,47e30b5d,b15e64fa,faebafe6,20260821,20260905,0
11V407,80544f80,27f3fb9e,911218dd,20260821,20260905,0
11E031,3619d3a5,1491100f,a033aba7,20260821,20260905,0
11V408,406c9b10,2628fbf3,8ccdf62e,20260821,20260905,0
11V414,360870de,ab2b5253,d0346b75,20260821,20260905,0
11V416,a5db8e0a,b191bce4,83affdff,20260821,20260905,0
11V418,e8551e29,aae0f3b1,064aa24c,20260821,20260905,0
11V419,799b7aa8,e6b44977,e199078d,20260821,20260905,0
11V426,a4ae36d1,c3485b0d,1d713de6,20260821,20260905,0
11V428,371cab62,c3485b0d,c87112fe,20260821,20260905,0
11V429,1fed889b,72d1c638,903965a8,20260821,20260905,0
11E036,2fa49d75,db056de8,96199522,20260821,20260905,0
11E033,177d3ab5,d1687cd4,fa3c379b,20260821,20260905,0
11V454,0f8792ab,1c6d6dac,2290ef11,20260821,20260905,0
11V486,70588046,4e6da386,510596b5,20260821,20260905,0
11V470,5365dd73,c9876aa9,8f7e1810,20260821,20260905,0
11V472,91652a57,955744e3,56d268c2,20260821,20260905,0
11V473,086cc759,6c8a5243,e2ddae7a,20260821,20260905,0
11V475,a45be0aa,12c7e25f,5b865a73,20260821,20260905,0
11V490,b01536a6,377a097f,d63f7158,20260821,20260905,0
11V497,1b38d8e9,ebb75b23,76eb6197,20260821,20260905,0
11V505,602cf530,6d223ef4,72c21f0e,20260821,20260905,0
11V512,e6da5dbd,68e1e5b2,23cb7ee0,20260821,20260905,0
11V513,38fc4bea,3d3b18e4,c238c0d7,20260821,20260905,0
11V514,0e791af4,82b57ea1,8778859e,20260821,20260905,0
11V515,e0d52480,d3164f39,da09c274,20260821,20260905,0
11V520,c345995e,1491100f,dbe2ae7a,20260821,20260905,0
11V594,b26aa4dc,43decd99,60b60fc0,20260821,20260905,0
11V531,5109bb00,1491100f,b3dbd6fd,20260821,20260905,0
11V534,68d0c097,5df50a74,6ed7c63d,20260821,20260905,0
11V538,5e21a62e,655ad807,6dafc838,20260821,20260905,0
11V547,dc6c9e8f,1491100f,ae0b4727,20260821,20260905,0
11V562,45b7797a,b8ad3582,38e89726,20260821,20260905,0
11E048,9e87410b,4e2f628f,dc4b5761,20260821,20260905,0
11V552,95e1d2e1,f2d0fbcb,a0231eff,20260821,20260905,0
11V600,7f30286b,d9962f38,0361fd7f,20260821,20260905,0
11V564,1322f6ac,ddb4ebfc,85366d04,20260821,20260905,0
11V566,1b954e6a,b36bb994,0a23e51a,20260821,20260905,0
11V567,934e10a9,04e374e4,9144d212,20260821,20260905,0
11V574,99efb14a,1f889070,8eda090e,20260821,20260905,0
11V573,88f8779e,21fc83e0,8f53bcdb,20260821,20260905,0
11V576,952ce29c,21fc83e0,8f53bcdb,20260821,20260905,0
11V579,d7b4c3d1,94266a01,586d8ea4,20260821,20260905,0
11V580,992cb608,9f71c793,2a95eb44,20260821,20260905,0
11E053,95948fc8,b6a25169,3d39036a,20260821,20260905,0
11V588,a65436f8,34e3baff,c7091172,20260821,20260905,0
11V591,bd2b7a07,f153ac9a,b9172ee1,20260821,20260905,0
11V592,5cfb8d6f,2ea74d98,0d7309a6,20260821,20260905,0
11V595,6a649d3f,e080790f,52113fa1,20260821,20260905,0
11V596,ea53e7e7,f8272639,34df1df9,20260821,20260905,0
11V598,1b1a4172,a1b2489b,9f5158e2,20260821,20260905,0
11V604,d7daa2f5,b41dd5f5,a1f6e7ca,20260821,20260905,0
11E056,df05fa2d,6903a34e,e11be0dc,20260821,20260905,0
11V606,e4688de4,8f56f3ee,407ec39b,20260821,20260905,0
11E057,8fdf2db0,827307a1,e376e0aa,20260821,20260905,0
11V285,ebd8beaf,730c49c6,d4def1cb,20260821,20260905,0
11V236,b5e8f09b,480d5822,cd22b1b4,20260821,20260905,0
11V237,f2d031ec,9ed4a491,43ee8dda,20260821,20260905,0
11V241,14fe1b60,f1dfbdda,c58c5960,20260821,20260905,0
11V243,6f4f633a,e250e061,3e5b3709,20260821,20260905,0
11E014,599698ba,d16c1260,e7c0c298,20260821,20260905,0
11V256,45608414,d429a5db,548b176a,20260821,20260905,0
11V271,a9a0c1fd,8a77947f,64abe322,20260821,20260905,0
11V287,cdbd619d,2860e789,5a25cc00,20260821,20260905,0
11V301,110e0cfd,04eb024d,7fdde20c,20260821,20260905,0
11V307,a2264175,f4979fbc,89e9d463,20260821,20260905,0
11V298,0d25d0f8,bb2f6328,8bd29b44,20260821,20260905,0
11V560,4cfd136a,aeaa7659,c57abae4,20260821,20260905,0
11V561,83a04466,2239cf69,cd43086b,20260821,20260905,0
11V572,b42fab1b,489b9263,2c2a42d3,20260821,20260905,0
11E052,5e4d5f43,436937f1,381c986c,20260821,20260905,0
11V581,3e74cd9d,65e361df,fd25fb07,20260821,20260905,0
11V586,3c7cb9c6,ddb4ebfc,7ada4ae5,20260821,20260905,0
11V597,663cfc7f,34a0e984,32ac21f5,20260821,20260905,0
11V299,dbd298a0,db6916fe,dbaf77df,20260821,20260905,0
11V302,658496de,65e361df,e478260f,20260821,20260905,0
11V304,7659ecdb,9d614a20,9e72b9bb,20260821,20260905,0
11V319,ed303fec,8868e782,0d595c4a,20260821,20260905,0
11V322,0e55b02a,597693de,23e62e6c,20260821,20260905,0
11V323,8315ffc4,ff02c490,ee1dc36a,20260821,20260905,0
11V327,08a11971,344b7f8c,e7c7b7c4,20260821,20260905,0
11V329,edeb5a7b,ca908a85,0f8eea88,20260821,20260905,0
11V571,f53ca8bf,e250e061,6e48119a,20260821,20260905,0
11V585,27f514d3,489b9263,88859147,20260821,20260905,0
11V587,eea2d4a7,4ef151d1,5c94c669,20260821,20260905,0
11V589,298822b2,4e2f628f,e724c8f5,20260821,20260905,0
11V590,86a1fe57,ddb4ebfc,f33fc445,20260821,20260905,0
11V593,42dfaf10,2ea74d98,990c5ad3,20260821,20260905,0
11E055,82b4ced2,7cd4065b,239b198d,20260821,20260905,0
11V544,b7cb2897,0fe438fa,32071a57,20260821,20260905,0
11V001,9c378d7f,1f8651c7,14e11aed,20260821,20260905,0
11V005,9c97b0a1,dcf39432,66b6142d,20260821,20260905,0
11V007,ef05d74c,b1ec58be,5992983e,20260821,20260905,0
11V101,f374bc36,b33651f0,c1831a8a,20260821,20260905,0
11V022,2ea431b2,1363c686,ab2a6224,20260821,20260905,0
11V139,77155001,2a11215e,4fac5466,20260821,20260905,0
11V141,c748f49c,65e361df,07888583,20260821,20260905,0
11V036,aab928e1,8f53ef25,58b713c0,20260821,20260905,0
11V038,acc0c1e4,8f53ef25,f5256240,20260821,20260905,0
11V044,87391c58,8f53ef25,d2b7f47b,20260821,20260905,0
11V045,77b9c912,8f53ef25,8ea2fb62,20260821,20260905,0
11V046,3c1d5b89,8f53ef25,99cdc511,20260821,20260905,0
11V047,b5c70e64,8f53ef25,047d829b,20260821,20260905,0
11V051,323dd516,ad3356e7,71f96038,20260821,20260905,0
11V054,6d6c0c24,70e4fe15,c47f38fa,20260821,20260905,0
11V057,3c02b29f,baa0a622,72cc005c,20260821,20260905,0
11V062,2181baf0,8f53ef25,df639b46,20260821,20260905,0
11V068,b1fb7452,2ebf77b9,66d47242,20260821,20260905,0
11V072,581b8024,8f53ef25,20687e62,20260821,20260905,0
11V075,3245115e,1363c686,ad7fb9c9,20260821,20260905,0
11C001,fbceb241,5657f6d2,a05a4f9f,20260821,20260905,0
11V094,dd2cf57c,9905a93a,8caa9207,20260821,20260905,0
11V098,7b45ae2f,ce822c4f,2a07aaac,20260821,20260905,0
11V107,45be824f,f73ebb9c,a8dcd36f,20260821,20260905,0
11V110,38f6a6cb,12a97b51,a85db31b,20260821,20260905,0
11V111,905c8b08,8f53ef25,be979193,20260821,20260905,0
11V113,0667b91f,bf3d2089,60101277,20260821,20260905,0
11V112,161223c5,ddb156c4,79aa871e,20260821,20260905,0
11V509,1dfbcd5d,93e89e85,743f9ad1,20260821,20260905,0
11V114,90cf23dd,8f53ef25,84e3b4c8,20260821,20260905,0
11V131,f4cfa043,65e361df,2ebefdcf,20260821,20260905,0
11E007,4588b33d,a25b73bc,37e310eb,20260821,20260905,0
11V121,8927a161,8f53ef25,b17d70e0,20260821,20260905,0
11V132,40405665,8f53ef25,c0c35a45,20260821,20260905,0
11V085,ab7aa5ef,1363c686,3f3743cb,20260821,20260905,0
11V135,9aa3b32e,7fce1c7a,f3ed535a,20260821,20260905,0
11V140,68c8cece,1363c686,9ec52966,20260821,20260905,0
11V192,7a6a6b9a,77b3366b,091cfddc,20260821,20260905,0
11V142,68555558,3d62cae8,4fecd090,20260821,20260905,0
11V143,6b6a266f,efda98e8,da413bb4,20260821,20260905,0
11V147,bdea0e9e,3d62cae8,66a90d20,20260821,20260905,0
11V149,d0a6382f,a6734258,298cabaf,20260821,20260905,0
11V153,0d23c047,e576e7b8,ddcd77d9,20260821,20260905,0
11V154,a8f8a3bc,8f53ef25,26ff4bd3,20260821,20260905,0
11V162,fba36674,8f53ef25,7de978a8,20260821,20260905,0
11V173,bab04f71,0ddd9967,f74c9843,20260821,20260905,0
11V179,f3b9d629,b9e59a0d,0c18d12b,20260821,20260905,0
11V190,0d7b0804,a25b73bc,3e11a6ef,20260821,20260905,0
11V191,c486bf53,4a400ad0,be50865a,20260821,20260905,0
11E011,b6b57a26,f1dfbdda,31ac8c22,20260821,20260905,0
11V196,cc377580,afff6288,5787541b,20260821,20260905,0
11V197,25936ab6,027aedf6,6dc02991,20260821,20260905,0
11V248,ab35516e,671f1510,5fbd0d4d,20260821,20260905,0
11V199,937eadc7,8f53ef25,2890033d,20260821,20260905,0
11V200,a4eb57ce,8f53ef25,7c254681,20260821,20260905,0
11V203,e4546b0f,355f4c8e,6d78f2ce,20260821,20260905,0
11V217,83033a01,671f1510,b211fb23,20260821,20260905,0
11V204,17a8e06e,47f48898,1cbdf45c,20260821,20260905,0
11V208,f9f38acd,307393dc,01ba7fe4,20260821,20260905,0
11V212,2b1f2583,17b5195f,e495604b,20260821,20260905,0
11V352,41f699c6,92a616d2,3babf476,20260821,20260905,0
11V357,e38d880c,b144ba90,38d5338e,20260821,20260905,0
11V358,bf20099c,425485d9,278aaa25,20260821,20260905,0
11V367,af42129d,499481d6,dc818c2f,20260821,20260905,0
11V371,96a3d2c2,70f64bcc,cf13338b,20260821,20260905,0
11V372,d4b2e881,cee8f91a,a035e700,20260821,20260905,0
11V374,d8c2aa35,d6f20d51,93bd0778,20260821,20260905,0
11V375,844450a7,eec87714,52da102f,20260821,20260905,0
11V378,7886fcd2,b080cdb6,4e179dad,20260821,20260905,0
11V381,3a665dac,8f53ef25,0d911c7e,20260821,20260905,0
11V383,45b8a0e6,c467eed3,82757c25,20260821,20260905,0
11V400,bd07d329,fbaaaa06,131092ec,20260821,20260905,0
11V405,5e8d6980,66cc8ce6,3ff916dd,20260821,20260905,0
11V387,69ab7eea,70bdb55e,0ce80740,20260821,20260905,0
11V409,17950126,dd31e2d6,9025e37e,20260821,20260905,0
11V411,19654134,1491100f,26291936,20260821,20260905,0
11V417,17799a1d,e6b44977,baf7dbb6,20260821,20260905,0
11V420,8c8fa23a,8f53ef25,52bdd1b4,20260821,20260905,0
11V214,f28e6011,9ed4a491,3d555ddd,20260821,20260905,0
11V216,aa24bade,4a400ad0,e0b12691,20260821,20260905,0
11V218,725cbc76,9dfcb00e,ec4c2070,20260821,20260905,0
11V220,099845cc,d40c60f6,afc52ed8,20260821,20260905,0
11V221,d451b8a0,0bb9d357,05056d97,20260821,20260905,0
11V222,802f8149,e250e061,87bc068d,20260821,20260905,0
11V224,97d0336f,cdaa7503,10d4189d,20260821,20260905,0
11V227,bf108ad3,e250e061,793225f9,20260821,20260905,0
11V242,81fb671d,8f53ef25,af574e88,20260821,20260905,0
11V246,9366c310,a540f6c4,204f9d1d,20260821,20260905,0
11V247,fe746ca4,4784146a,5d77b22a,20260821,20260905,0
11V249,e86d3002,f1dfbdda,5df4efcb,20260821,20260905,0
11V259,7e751bee,96ca290a,f90ede89,20260821,20260905,0
11V250,12d3a554,3f21cf89,705c209d,20260821,20260905,0
11V258,771589c5,3cde9462,83d69a82,20260821,20260905,0
11V264,01faa519,18325e44,fd1113ed,20260821,20260905,0
11V267,f4fea51a,d5e32a12,39658134,20260821,20260905,0
11V275,b746356d,e32e6775,78826029,20260821,20260905,0
11V279,0bc06963,19868368,5ce0a525,20260821,20260905,0
11V281,7a1f60f4,9f8802a5,714ae05d,20260821,20260905,0
11V283,235e0656,eedee253,08a77650,20260821,20260905,0
11E021,09cdcbe9,4ab57e4d,9dcb1a79,20260821,20260905,0
11V288,6ce0aae0,aacd48fc,d077c102,20260821,20260905,0
11V306,f393fe62,2bf5516b,dc8d1c78,20260821,20260905,0
11V312,a4ad63eb,7d57234b,d6f35d13,20260821,20260905,0
11V324,45a606d1,a6562175,f3c060d6,20260821,20260905,0
11V328,91c70940,c0040309,b0ea9392,20260821,20260905,0
11V334,409c0bc8,c5d9f232,b6e8f59f,20260821,20260905,0
11V338,3d7e0ee3,fef4f6b9,d972eae5,20260821,20260905,0
11V341,3e50fdd5,a7ff8457,dc4b1b9e,20260821,20260905,0
11V345,d337311a,5f5f6f91,cabb3a8e,20260821,20260905,0
11V346,3b4d0c9d,7b66bb74,527173bb,20260821,20260905,0
11E028,8308dd7a,b144ba90,6862213c,20260821,20260905,0
11E029,7ac6a93d,e7c41b97,62723049,20260821,20260905,0
11V359,3e246890,617438f0,98b8d51d,20260821,20260905,0
11V363,aead1035,fef4f6b9,58e8e53e,20260821,20260905,0
11V365,d144cfaf,499481d6,fdbd38ca,20260821,20260905,0
11V366,c7097e14,c467eed3,db872057,20260821,20260905,0
11V368,5a264c37,3935fdbe,fe3d4365,20260821,20260905,0
11V369,b8d4cd2a,e786acde,2d03a040,20260821,20260905,0
11V373,959dd99d,82c8310b,6b922692,20260821,20260905,0
11V376,4653b6b9,ba2ca936,e65e17f9,20260821,20260905,0
11V377,b48cf4a0,9c52f586,efb38ea0,20260821,20260905,0
11V380,848a4855,d9cf69ed,a347349c,20260821,20260905,0
11V388,14ae438d,8958d1ed,b7837611,20260821,20260905,0
11V390,7a3042d9,d5e32a12,e6902bd0,20260821,20260905,0
11V393,9846f930,bccbe9c9,79d4ce55,20260821,20260905,0
11V399,67886d6a,9b058988,a19063f8,20260821,20260905,0
11V401,118dbae1,2b37eb8d,580166a2,20260821,20260905,0
11V415,e662b5ba,57e82e20,145f6d4a,20260821,20260905,0
11V424,2653d999,1491100f,c45386c0,20260821,20260905,0
11V430,a9d6e624,cce96fc8,48e98de2,20260821,20260905,0
11V439,c0b293be,a65481b0,d8a08070,20260821,20260905,0
11V444,ae039108,1491100f,a2a5d8b5,20260821,20260905,0
11V446,957f7e98,d35263ae,70e026d1,20260821,20260905,0
11V452,c2896a4a,2282ab7f,8366b7e2,20260821,20260905,0
11E035,ca7a247a,99615669,49a088b3,20260821,20260905,0
11V456,6cc51c81,a22f3ec9,1a110c89,20260821,20260905,0
11V457,2eace306,1491100f,f0706ee6,20260821,20260905,0
11V458,8caf3a05,5333a7e9,2762792d,20260821,20260905,0
11V459,f3a30c90,b58cc3f7,20a9c5ec,20260821,20260905,0
11V467,101112a6,ce67cbb5,7ea5be97,20260821,20260905,0
11V468,6933934f,2f3c30f9,78f60fc1,20260821,20260905,0
11V474,4e009dc7,1491100f,35a37e51,20260821,20260905,0
11V479,8136ab37,4a400ad0,52fec531,20260821,20260905,0
11V482,cefe28a7,4187ede7,a4384f6e,20260821,20260905,0
11V020,a3f6942c,aacd48fc,323c43ce,20260821,20260905,0
11V484,ba179d9f,97809091,19b10cf5,20260821,20260905,0
11V487,e69f3b74,cd65d664,fc8212db,20260821,20260905,0
11V488,682dacf0,4a400ad0,3418f4b0,20260821,20260905,0
11V489,f26b2417,82aba40b,cb320dd6,20260821,20260905,0
11E039,57620615,ddb4ebfc,abbdb287,20260821,20260905,0
11V492,9add5ad0,90051b8f,caa8fb63,20260821,20260905,0
11V493,c32443cd,87694614,b8b37e64,20260821,20260905,0
11V499,ec9fed4a,432fa0e6,b5a56aab,20260821,20260905,0
11E045,31bba93a,ce3957d6,2fa6d640,20260821,20260905,0
11E043,b28ed66b,1c683efe,403d827d,20260821,20260905,0
11V501,29ed60a9,8f53ef25,5a69dfec,20260821,20260905,0
11V503,3f923858,4648a5f9,76285cdc,20260821,20260905,0
11V504,94e2f836,c8bbad3b,7e657358,20260821,20260905,0
11V507,0077506f,fff7258e,a033d686,20260821,20260905,0
11V508,c2583a98,ae28bfb5,ccdd7778,20260821,20260905,0
11V511,13544aa4,f000efa3,c415c9c0,20260821,20260905,0
11V516,bcc0410f,047c8c17,175bb1a9,20260821,20260905,0
11V521,9c33eeaf,83ff018b,23be66a1,20260821,20260905,0
11V519,9ed24365,1491100f,c32d28b5,20260821,20260905,0
11V558,8cbc839a,b1848308,1abe3d2a,20260821,20260905,0
11V527,706e35c3,ddb4ebfc,9ea4382d,20260821,20260905,0
11V545,7bf4f087,ddb4ebfc,956d8e31,20260821,20260905,0
11V529,e859d59a,8f53ef25,9a8525ba,20260821,20260905,0
11V553,d1e5a3da,be673030,f222af4a,20260821,20260905,0
11V557,80d8a664,9f1dbeea,2c2f3f45,20260821,20260905,0
11V565,5905f3c3,4a908592,51cd5e0f,20260821,20260905,0
11V568,b6d5b431,05311ac1,ddf72cdf,20260821,20260905,0
11V002,c817320a,ebcdb67c,6aa3d54b,20260821,20260905,0
11V004,21f19d58,d5bb9eed,f9755ceb,20260821,20260905,0
11V009,3386f843,db74091c,bb85ebf4,20260821,20260905,0
11V021,42f34c98,8f53ef25,82a14a07,20260821,20260905,0
11V024,05c83e4e,8f53ef25,67d60de0,20260821,20260905,0
11V027,d2fc982e,0c544dc1,400f99a1,20260821,20260905,0
11V028,e8dad2bf,8f53ef25,70280df0,20260821,20260905,0
11E003,dfee85fd,65e361df,3724accd,20260821,20260905,0
11V031,b1a70e81,2b21ef0c,571a4893,20260821,20260905,0
11E004,bb147249,b1ec58be,202b0476,20260821,20260905,0
11V043,0c77a29b,8f53ef25,20651ffd,20260821,20260905,0
11V048,7dd93d53,afd0bcc6,9d014086,20260821,20260905,0
11V052,8d44e683,1363c686,850bcaa6,20260821,20260905,0
11V056,ad2b700e,1363c686,806e352b,20260821,20260905,0
11V059,fc79ba98,8f53ef25,a6f5366b,20260821,20260905,0
11V061,f2bb4e9e,8f53ef25,d0407093,20260821,20260905,0
11V063,1c32f7c1,d7e5bbfd,344c8407,20260821,20260905,0
11V066,bd2fd14e,3afd0cb6,b011ba99,20260821,20260905,0
11V099,b5adbeb9,65e361df,48be240a,20260821,20260905,0
11V070,dcc3f1e5,8f53ef25,5c47001a,20260821,20260905,0
11V076,aa2d3ef8,8f53ef25,b5ac8957,20260821,20260905,0
11V080,6e4c4bbf,1363c686,46358730,20260821,20260905,0
11V083,ae29134a,1363c686,fe57b364,20260821,20260905,0
11V084,030929e3,8f53ef25,93e0ee7a,20260821,20260905,0
11V123,82c8f8e1,65e361df,5f967d9c,20260821,20260905,0
11V284,f20d5a5b,088377d5,a03f1e8d,20260821,20260905,0
11V300,9ab598dd,d7596af2,9ee63c5b,20260821,20260905,0
11V318,94c7da8f,49432974,a807795d,20260821,20260905,0
11V087,1a693ff0,1363c686,9c41ea4d,20260821,20260905,0
11V089,6634a05d,52ecd3b2,765fc566,20260821,20260905,0
11V097,5709cdcc,2469f98a,9dfda6ea,20260821,20260905,0
11V109,ce83b6b2,1f1ea525,7ba9f91e,20260821,20260905,0
11V115,127d4c0b,8c4b1414,2c36df8d,20260821,20260905,0
11V119,a95f770d,047e1788,aa7af7a3,20260821,20260905,0
11V127,934f84f2,5811ccae,dac38de8,20260821,20260905,0
11V124,31b222df,8f53ef25,8a6cd849,20260821,20260905,0
11V125,eacc5d89,8f53ef25,cd12d386,20260821,20260905,0
11V150,a2257105,64297c7d,1088313f,20260821,20260905,0
11V151,ecbdf386,7c1abf57,f6a75ba2,20260821,20260905,0
11V161,62081a33,381aff4f,9dd703d0,20260821,20260905,0
11V286,92b9d136,23d02107,8d076b75,20260821,20260905,0
11V170,848bb642,3d62cae8,bffa3ef9,20260821,20260905,0
11V290,4a638035,a2c04008,9157b9d1,20260821,20260905,0
11V136,e60b6331,33f62aec,6ca29857,20260821,20260905,0
11V148,3c3e6fdd,dce1face,0f9af87d,20260821,20260905,0
11V166,a70a5b03,8f53ef25,b52bc39a,20260821,20260905,0
11V167,0d5d3a71,6f678b25,981de4ab,20260821,20260905,0
11V168,a56c0ced,f306b3bd,2623c674,20260821,20260905,0
11V171,026fdf69,1363c686,911287e0,20260821,20260905,0
11V180,1b2a3031,af9cebfe,d3743c74,20260821,20260905,0
11T002,afd88693,566e7f3d,4245973d,20260821,20260905,0
11V188,b8b636d7,4a400ad0,5ca0003b,20260821,20260905,0
11V201,1beed8c0,47f48898,50610381,20260821,20260905,0
11E012,f0e6d8da,f04750f5,74cb7427,20260821,20260905,0
11V228,02eb4b39,dda95c54,7efaff4b,20260821,20260905,0
11V205,8985c6b7,47f48898,1cbdf45c,20260821,20260905,0
11V202,fedc39b7,47f48898,50610381,20260821,20260905,0
11V206,0ff8e9ce,76561c72,e669ed94,20260821,20260905,0
11V211,c413fae2,8f53ef25,7dcf0223,20260821,20260905,0
11E017,fae02947,0e82c0ad,79cfffe8,20260821,20260905,0
11V251,c4b9f239,3f21cf89,e3c5ee74,20260821,20260905,0
11V232,2c1874b9,21057d4c,686579db,20260821,20260905,0
11V233,8900f202,1363c686,ceae4ebd,20260821,20260905,0
11V240,da616c87,a12635e5,a57a3ab6,20260821,20260905,0
11V252,1d776984,8e9c0be8,0466be25,20260821,20260905,0
11V245,20fa8ebf,a3a6bb6f,20109f27,20260821,20260905,0
11E015,9f1a0e04,43decd99,91cfa837,20260821,20260905,0
11V253,dd7c4f18,8df3cca5,ca903a40,20260821,20260905,0
11V254,b8f38943,409e66b1,019cbf69,20260821,20260905,0
11V257,bec9b5cb,7fc190e7,10de2d34,20260821,20260905,0
11V261,c0c682db,3cde9462,8a1c4d0f,20260821,20260905,0
11V268,127d69fb,7cbb6830,0f0fe6a5,20260821,20260905,0
11V276,9210d5e3,76ca8ad9,f157384d,20260821,20260905,0
11V277,84949ca6,8e37193e,e516f4c4,20260821,20260905,0
11E018,3e5b4c66,c01f5c73,84f36c6f,20260821,20260905,0
11V282,97685349,ae96bd9c,1399db9a,20260821,20260905,0
11V289,fb9d62d0,83867a47,72c6d1b5,20260821,20260905,0
11V291,89871693,a2c04008,d6e1fc63,20260821,20260905,0
11V292,2919790b,4de3066c,a42dd2a9,20260821,20260905,0
11V296,13d20e1c,a2c04008,268c8d53,20260821,20260905,0
11E019,d07d7245,d1687cd4,6a3cacc4,20260821,20260905,0
11V297,186d6dc8,c0dba2d4,9e302b8b,20260821,20260905,0
11V309,93d869bd,8868e782,9dec4e31,20260821,20260905,0
11V311,004258fa,51a510d8,9fc3e959,20260821,20260905,0
11V326,2b1d8e2e,31f89d80,3fa2cb20,20260821,20260905,0
11V331,d4f3d717,71f6bda5,d2f5fdd0,20260821,20260905,0
11V332,cfc73926,c5d45c79,6f7a6f86,20260821,20260905,0
11V333,b375f530,c754c60d,0f56be68,20260821,20260905,0
11V340,490c8d49,7a326f4f,2798d33c,20260821,20260905,0
11E024,824388e8,99034c98,22e9be95,20260821,20260905,0
11E027,3ac251ec,74093416,9a14de6d,20260821,20260905,0
11E025,7a776a14,3f8724d6,ba4e3735,20260821,20260905,0
11V336,452e56f9,e7052dee,e6fd6d5c,20260821,20260905,0
11V348,682dd113,1111f16e,01339715,20260821,20260905,0
11V349,e0c91bb1,5f02ba37,b76c13a9,20260821,20260905,0
12V127,de5e67fe,fb4012a9,a233f288,20260821,20260905,0
12E034,4d59e3d4,9be11226,e4951fa9,20260821,20260905,0
12V447,1f05767f,bebe3d63,f34027d9,20260821,20260905,0
12V448,6dcf5cf7,e3c9cbd6,e9d53727,20260821,20260905,0
12V455,b1883bf1,99b1aa60,3eeb4928,20260821,20260905,0
12V456,b65dae81,afe82026,80351d80,20260821,20260905,0
12V469,4ad23c3c,bebe3d63,fb1da5a4,20260821,20260905,0
12V562,6bf6bdb1,c514710c,cd08b625,20260821,20260905,0
12V312,64af840f,59aad8c5,60742492,20260821,20260905,0
12V157,658e3bc0,c39492b8,82a63176,20260821,20260905,0
12V426,db143033,7d2703cb,c96b0bd9,20260821,20260905,0
12T020,6f6edb74,414a7f15,e08fcd86,20260821,20260905,0
12V598,6be2bb80,06b660bd,c612cdfc,20260821,20260905,0
12V458,54c87532,0ffbc7e4,9f6a2b5e,20260821,20260905,0
12V462,3725a8ba,52e4be2c,c8598834,20260821,20260905,0
12V466,f1d2efec,ece8eff0,0ea961a7,20260821,20260905,0
12V467,08a44c31,1d32f8ef,ae921b15,20260821,20260905,0
12V375,675b90c9,f780f588,7fded830,20260821,20260905,0
12V580,0163bbcb,8e44ab28,4a1e3717,20260821,20260905,0
12V474,d78c2866,f653477e,4c52feb6,20260821,20260905,0
12E035,b3ee31aa,733ed630,ae92000e,20260821,20260905,0
12V479,035f2455,75700898,8864f9f8,20260821,20260905,0
12T025,484c3b9f,414a7f15,d8cd88f8,20260821,20260905,0
12V487,56e2878a,3b96a1d1,0dd41d3f,20260821,20260905,0
12V404,b8388386,845c7b61,9bc7316c,20260821,20260905,0
12V405,17004f12,13cd71a8,f973224a,20260821,20260905,0
12V410,51547ec4,782a6990,23bc6a5b,20260821,20260905,0
12E030,15d21e83,942b1436,647db9e2,20260821,20260905,0
12V413,2e276979,a9237a5d,b5a97321,20260821,20260905,0
12V428,2689ab77,7d2703cb,b956c38a,20260821,20260905,0
12V416,46759f34,60199014,debe5e6f,20260821,20260905,0
12V417,1d46fb30,25b64ebe,e130ec83,20260821,20260905,0
12V424,3115645e,aeb78982,fcf39427,20260821,20260905,0
12V425,58003884,9554fc11,aaacdbed,20260821,20260905,0
12V281,21c51b63,4125024e,d45a240d,20260821,20260905,0
12E040,cb8a9f3c,9a46ae6e,0defc0ba,20260821,20260905,0
12E041,551d20ac,1a82cb7f,c874dcf8,20260821,20260905,0
12E043,89a8ad1f,f0db3b23,069ef761,20260821,20260905,0
12E045,b47ff2bb,3c350b9b,6673f1bb,20260821,20260905,0
12V501,6d6f7b5c,91dbf04b,809613a3,20260821,20260905,0
12V509,f6862dd9,49f3fe9a,00c0cead,20260821,20260905,0
12V502,86fc0903,6caf7717,b1b06e19,20260821,20260905,0
12V510,befb9a24,8b806b12,37646b56,20260821,20260905,0
12V503,1b8c7c7e,50f8c65f,f9a4718c,20260821,20260905,0
12V508,5b27cd88,65a04b51,00558c73,20260821,20260905,0
12V512,1afc6c06,eafe450a,d9fe42b3,20260821,20260905,0
12V520,535c3590,d6ac5537,2f6da63a,20260821,20260905,0
12E052,38ae2689,96119a02,c09418e3,20260821,20260905,0
12V527,ad7414d3,247aa6ed,2c5821f5,20260821,20260905,0
12V528,69651f06,ecf95573,98d4ba2f,20260821,20260905,0
12V536,076cd7a9,a1c32c1f,7c86ecba,20260821,20260905,0
12V540,b035e5fb,8fb7d72f,120e8c3c,20260821,20260905,0
12V543,f7ea5574,eafe450a,3902f53f,20260821,20260905,0
12V001,a7a5e2e9,93cb2031,fab7541b,20260821,20260905,0
12V549,f7d06aac,7f1ddb6a,d4471f7f,20260821,20260905,0
12V561,157b1a19,bd9da431,525d6898,20260821,20260905,0
12V563,efb6971a,ed88e3b8,b9c09d30,20260821,20260905,0
12V574,7c276a85,58aaf944,4bfc9663,20260821,20260905,0
12V579,e51a6a0c,9f173fdc,4dba0631,20260821,20260905,0
12V576,de6ff8e7,4859964c,8b8c1a6b,20260821,20260905,0
12V591,ef0e663a,72656133,bb6b71d2,20260821,20260905,0
12E056,09744602,9a46ae6e,07812a04,20260821,20260905,0
12V581,971663e9,759b32df,2ad31169,20260821,20260905,0
12V586,b129d9b7,e0abbab8,bc29164c,20260821,20260905,0
12V341,0182e298,29d15f97,68e9a1de,20260821,20260905,0
12V346,0ff81ac1,fc10042b,9b5711ed,20260821,20260905,0
12V348,1275f5ca,210ad783,6a0ab90b,20260821,20260905,0
12V358,729654f2,6511271f,ad6ed709,20260821,20260905,0
12V359,19e4da76,23f3f4c2,095dc8e9,20260821,20260905,0
12V361,a7adaac0,4bf91981,e8b5631c,20260821,20260905,0
12V364,0cda7175,f539761c,dc1af89e,20260821,20260905,0
12V367,99e505eb,f539761c,d38a3863,20260821,20260905,0
12V368,c952a900,23ba5640,eca73400,20260821,20260905,0
12V374,69b0a282,e1f97807,65af363e,20260821,20260905,0
12V397,61232323,64909063,018a638d,20260821,20260905,0
12V402,08afc72f,0e5b1400,d298ed49,20260821,20260905,0
12V403,98a8c6a6,351a62c7,21e9d77b,20260821,20260905,0
12T023,892fce7e,07912087,0047ce85,20260821,20260905,0
12V407,6c4d9c9c,a579a150,02dbc1d8,20260821,20260905,0
12V419,a44a1ee7,ec0dbb0a,4803c81c,20260821,20260905,0
12V409,3d6c0954,097ff471,07f11646,20260821,20260905,0
12V411,4696fe7c,927aaf23,0174a2c8,20260821,20260905,0
12V414,52897370,eafe450a,65cb25c4,20260821,20260905,0
12E031,4c0e0ce1,9a46ae6e,94bdf1f8,20260821,20260905,0
12V418,b8534d66,eafe450a,35855b58,20260821,20260905,0
12V420,6d9e50a1,7d2703cb,8ea4c241,20260821,20260905,0
12V429,b0efa260,05da6291,e35e1c93,20260821,20260905,0
12V006,1be79cdf,ec20130e,bd6a3f28,20260821,20260905,0
12V431,0b64dcf8,5c373b7d,cf79a30c,20260821,20260905,0
12V433,121f22ad,845c7b61,b99f8e33,20260821,20260905,0
12V436,5d4d8571,9d51e7de,155baef6,20260821,20260905,0
12V437,54ef05f7,845c7b61,8ab771cc,20260821,20260905,0
12V440,5d5806ec,845c7b61,90897443,20260821,20260905,0
12V442,8d5081e8,845c7b61,5cb10107,20260821,20260905,0
12V559,cb2effdb,2e99a932,67a9a033,20260821,20260905,0
12V459,90b1f3f4,b7919278,e85890a8,20260821,20260905,0
12V460,cd6df752,884914e1,3657aa6e,20260821,20260905,0
12V461,dcbb303a,984b681b,90146641,20260821,20260905,0
12V465,a563bdec,0d8f7d6f,fae52fa4,20260821,20260905,0
12V468,ff69a2bf,428c12b6,9c266922,20260821,20260905,0
12V470,d656f42b,b2d0cb84,0e028e76,20260821,20260905,0
12V473,658eab63,f030c853,69779ab5,20260821,20260905,0
12V475,3e287128,fd5eabce,4cd86a1a,20260821,20260905,0
12V476,c62f4ad6,b0d1cf47,b51fb4d1,20260821,20260905,0
12C003,bed5f3ce,dd1b88cd,253150b7,20260821,20260905,0
12V478,93b8fad9,a10f1ab1,09c7c300,20260821,20260905,0
12V480,f505198d,9096cc25,fac1b7b4,20260821,20260905,0
12V482,ea216118,e7be4496,157a218f,20260821,20260905,0
12V486,dd22bf14,30bac483,5d2a2170,20260821,20260905,0
12V484,699c8145,0be7580f,7a22a648,20260821,20260905,0
12V485,23eb39e5,1c111eb9,a4bfe5ff,20260821,20260905,0
12V488,cc8b5c30,0222dd4e,55b0e15f,20260821,20260905,0
12V491,cfab4539,d5cc86d0,bc4daf68,20260821,20260905,0
12V492,2a461932,cc734809,f3146c61,20260821,20260905,0
12V493,193bdab9,11352d16,3d3b8c6b,20260821,20260905,0
12E039,1bf005ac,09455b61,278f9a7b,20260821,20260905,0
12E042,f8b87fd8,9a46ae6e,408dc5b8,20260821,20260905,0
12V495,6202586a,3fa62793,68b10a25,20260821,20260905,0
12V496,597e159b,787921d5,2439c463,20260821,20260905,0
12V497,f92ceefd,34e2145e,73b39965,20260821,20260905,0
12V498,968dd31d,4407e86c,9a749e7c,20260821,20260905,0
12V505,418b8dd4,a1bc9273,e622fd5c,20260821,20260905,0
12V521,c9ffa0d4,f3269afb,d8e95ada,20260821,20260905,0
12E051,a76e4b62,9a46ae6e,12230f6d,20260821,20260905,0
12V523,4c330871,b459ab99,54d70c95,20260821,20260905,0
12V525,84474910,c5da5f96,a192f591,20260821,20260905,0
12V529,c6b11e4b,f44e32d0,a69a68c8,20260821,20260905,0
12V531,81250543,37826a0d,c5e60df5,20260821,20260905,0
12V534,4002b1a9,65e6de68,24bc8596,20260821,20260905,0
12V535,19a5738b,00c93070,f7f7ffcb,20260821,20260905,0
12V537,21a84808,993231e5,2698cee5,20260821,20260905,0
12V548,2c471de4,b81b5e97,eb9e6ed8,20260821,20260905,0
12V539,862eb67f,3a45d485,d5311faa,20260821,20260905,0
12V542,a1c75873,b4319d13,40fc1a4d,20260821,20260905,0
12V555,6db60e93,f5d33f91,9052c00f,20260821,20260905,0
12E053,bd39c18f,c87b6898,cbd8b5a3,20260821,20260905,0
12V551,0e14c2fe,67329f04,8ff5080c,20260821,20260905,0
12V554,0007479c,a3b43b0c,c2aa537f,20260821,20260905,0
12V569,8ace2f12,8e44ab28,0e1fbf02,20260821,20260905,0
12V570,bdca2946,40764e6e,8ae7992f,20260821,20260905,0
12V571,a42cfe5e,9879d94a,c8f61367,20260821,20260905,0
12V575,b540c6a5,8e44ab28,15c86955,20260821,20260905,0
12V588,c26401ff,81b36839,3bebc1a3,20260821,20260905,0
12V592,c6346e4a,1a495e9e,50f950d4,20260821,20260905,0
12E055,5018b84f,4cf8648d,7fc53e35,20260821,20260905,0
12V602,51ebdaf7,fc4c90f4,9942fe3d,20260821,20260905,0
12V002,08f599e3,ba4e4e73,1b9fed38,20260821,20260905,0
12V007,d340a71b,12c7e25f,0b998dbd,20260821,20260905,0
12V008,f1b79c7f,1e7be93d,57b236ec,20260821,20260905,0
12V452,7be2d1ab,7d2703cb,1d8c2359,20260821,20260905,0
12V069,ee90fe30,b6149463,08f1ced6,20260821,20260905,0
12V010,e042e341,1fab1ed7,a419b4e1,20260821,20260905,0
12V012,c49929fa,4560f5db,f6bc6b1d,20260821,20260905,0
12V013,f7d02c81,9b47c7f2,1111e256,20260821,20260905,0
12C001,0bccf759,0a46d319,7d337a7e,20260821,20260905,0
12V022,d8171f7d,82c8310b,2033cbed,20260821,20260905,0
12V023,2d3c256c,680d57e6,8678d33a,20260821,20260905,0
12V027,916f393e,1416d5cb,db0e6eb5,20260821,20260905,0
12V034,4f05652a,2a1081b7,5f9d640b,20260821,20260905,0
12V039,97353cca,1fab1ed7,d070a26e,20260821,20260905,0
12V040,63d20ccd,987223f7,fbb3915a,20260821,20260905,0
12V044,ca0779fb,31f02d1a,6372f7fe,20260821,20260905,0
12V049,f611cccf,d6585775,965c5f77,20260821,20260905,0
12V051,96a3d074,fca530ba,d9f6bc10,20260821,20260905,0
12E003,85a82d14,542066a4,962c9d2d,20260821,20260905,0
12E004,c8fec6e5,f2b8a7ee,75bf29ca,20260821,20260905,0
12V061,f7aa601f,175f4ecb,528129ab,20260821,20260905,0
12E005,000d5d7d,592861e3,c945c2c7,20260821,20260905,0
12V062,83f7b673,7131b861,203b115c,20260821,20260905,0
12V066,4b022e2f,b58cc3f7,0d112aa7,20260821,20260905,0
12V067,5867a188,7bbf07e9,d92d907e,20260821,20260905,0
12V068,8ea05de5,ec55ea69,47564256,20260821,20260905,0
12T003,e10f6d9a,c7af13b0,8b235d00,20260821,20260905,0
12V070,ea05e512,d9962f38,fe04f658,20260821,20260905,0
12V080,f2d07fca,7cd4065b,7b4b6f84,20260821,20260905,0
12V083,b90bf529,4a3682e7,f35caf5c,20260821,20260905,0
12V094,30d189fa,903b5ac7,40346c9e,20260821,20260905,0
12V096,97954951,5c2922f9,31aeb394,20260821,20260905,0
12V099,758bc896,e7bb8d0e,4430fa37,20260821,20260905,0
12V100,24aaa193,faf5f106,5e1c36b6,20260821,20260905,0
12V101,ef3cc165,ce5316ef,0e8c5f06,20260821,20260905,0
12V103,1a6e5e15,8f53ef25,8cce72e1,20260821,20260905,0
12V107,22d47cc3,8c9d3b0b,7dae96d5,20260821,20260905,0
12V112,b8d9766b,84e63f3b,5c2e41eb,20260821,20260905,0
12V115,87e81877,2eab3d9b,6cf7563a,20260821,20260905,0
12V118,1a978698,a2b9aa9c,7f09b7dd,20260821,20260905,0
12V125,bfdb32a9,4ef151d1,60860baa,20260821,20260905,0
12V126,80aa9011,7efc091a,a57d9d6c,20260821,20260905,0
12E011,8292b3be,250fb33d,07a20d81,20260821,20260905,0
12V136,dec0eda4,6cb68b21,beda143d,20260821,20260905,0
12V137,4f25f93c,530578b9,042fc436,20260821,20260905,0
12V143,13738779,f7501549,10a8e484,20260821,20260905,0
12V144,ce8e0617,827307a1,07615f21,20260821,20260905,0
12E013,be35b231,33319b37,d5d992d0,20260821,20260905,0
12V154,20bde0e6,4125024e,65d34d64,20260821,20260905,0
12V155,e71b74cc,827307a1,88c17f53,20260821,20260905,0
12V163,0c37c748,4125024e,0ba12101,20260821,20260905,0
12V156,55e2e2eb,827307a1,1cf03d13,20260821,20260905,0
12V159,8e4fbb92,b3d4c06a,78d7829f,20260821,20260905,0
12V162,42b5af00,827307a1,ade6c71f,20260821,20260905,0
12V167,435df266,827307a1,0d87c27b,20260821,20260905,0
12T009,b2c60728,5e5ac6cd,e06ffcab,20260821,20260905,0
12V169,d502447f,4125024e,0dcc4a02,20260821,20260905,0
12V170,4724d18f,1b37988b,7c48011c,20260821,20260905,0
12V172,528ba3ba,00715eb1,2ce8ada7,20260821,20260905,0
12V174,9ba78771,827307a1,9a4f1586,20260821,20260905,0
12V176,aab0c7b2,5b9017c3,eea83fac,20260821,20260905,0
12V177,842898e6,65dcb060,127b94d0,20260821,20260905,0
12V197,8ad09d6f,57e11d99,190f085b,20260821,20260905,0
12V178,765b83b6,a384afc3,08e63d9a,20260821,20260905,0
12E016,b23bc171,27e759ea,1570ec1c,20260821,20260905,0
12V182,a8e22715,827307a1,bda75322,20260821,20260905,0
12V183,cac9a3fb,8da14941,2a792c19,20260821,20260905,0
12V186,73a34e3c,4125024e,ed6937ea,20260821,20260905,0
12V187,009ca4a9,efbc79e2,d0bc765c,20260821,20260905,0
12V189,5253008c,3be3f617,cdd5e731,20260821,20260905,0
12V190,7fca77fe,479a397e,de288dfb,20260821,20260905,0
12V193,eeb5e98e,948f10c3,79b53d61,20260821,20260905,0
12E019,88a3801d,9a995fcc,220f2793,20260821,20260905,0
12V199,b4074dfd,4125024e,f652f661,20260821,20260905,0
12V204,6c1b066f,827307a1,132dcef3,20260821,20260905,0
12V207,f9bbe730,ae793ca0,5e09efdd,20260821,20260905,0
12V208,067dd24b,827307a1,4dc66bb4,20260821,20260905,0
12V209,236ebb5b,827307a1,2c31741e,20260821,20260905,0
12V212,905a9519,b8ad8684,5827df16,20260821,20260905,0
12V217,b921c1f5,e02fcba1,916274bb,20260821,20260905,0
12V223,2beec0f1,827307a1,c0be3f99,20260821,20260905,0
12V220,8cd9f796,827307a1,9269a008,20260821,20260905,0
12V226,6e730288,4125024e,918ec5c2,20260821,20260905,0
12V227,70fe70f5,e37c93e9,6a93b561,20260821,20260905,0
12V232,f6461d67,9f627517,e72181d1,20260821,20260905,0
12V233,dc469091,827307a1,6abacd59,20260821,20260905,0
12V236,8664a574,84fefa48,9f73732f,20260821,20260905,0
12V239,2a0f9419,a45d7064,90d210d2,20260821,20260905,0
12V243,cadabc17,46ce4b68,b7ee2d67,20260821,20260905,0
12V255,51719a9d,0070f65b,abb880bd,20260821,20260905,0
12V257,378af2d5,31d0f5d4,5d5d29e3,20260821,20260905,0
12V279,bb07784a,2e335a25,e69c9821,20260821,20260905,0
12V266,619fb0d9,f4b40ec3,586b2435,20260821,20260905,0
12V269,64c4fb3c,0dd776bc,5b3fb501,20260821,20260905,0
12V056,759d9d6c,a45d7064,3c139529,20260821,20260905,0
12V321,db248ff0,4125024e,b0c87764,20260821,20260905,0
12V518,fbf8f7cf,402347c6,abcf8dcc,20260821,20260905,0
12V267,0120429c,eac7d82d,964ccd80,20260821,20260905,0
12V421,c234f051,7d2703cb,033fb8b9,20260821,20260905,0
12V550,538bb5af,35992897,12eed3f6,20260821,20260905,0
12V453,08bbb820,2d4326e1,275a244d,20260821,20260905,0
12V050,8e5c92ca,87a894a4,df326911,20260821,20260905,0
12V095,bb6529d8,f72902be,231f4d3d,20260821,20260905,0
12V011,fb6bbf07,e250e061,bcab3151,20260821,20260905,0
12V146,d35f6697,ae872329,16de85f1,20260821,20260905,0
12V063,93f1e870,41448c1e,75b0b42c,20260821,20260905,0
12V152,dc2edb4c,827307a1,a93b4f4c,20260821,20260905,0
12V072,e0739b57,b8c92211,83dec5cb,20260821,20260905,0
12V134,faa52584,762e662a,fa4e1e57,20260821,20260905,0
12V076,fd56625a,f4d369e1,94ed192c,20260821,20260905,0
12V081,e68453b6,65836b76,4c3b70cf,20260821,20260905,0
12V003,84005187,65e361df,c100fff1,20260821,20260905,0
12V005,f9face48,d690c8e5,314a41b3,20260821,20260905,0
12V009,5064ec83,dde2e5c9,12bd66c0,20260821,20260905,0
12V052,bf73ac85,fca530ba,07588271,20260821,20260905,0
12V015,dd4a2e96,dee4d82b,0efa85d7,20260821,20260905,0
12V342,37eb9faf,0849b452,1e6ef72e,20260821,20260905,0
12V344,79bcdfb7,845c7b61,9801ed00,20260821,20260905,0
12V345,5f4a5cab,78dca8aa,1e6ef72e,20260821,20260905,0
12V352,a5685410,243c64b1,a387be7c,20260821,20260905,0
12V353,086b8863,99a18f5d,6b28978b,20260821,20260905,0
12V354,17dcfb3c,fb3136c0,ad20bec2,20260821,20260905,0
12E027,26c6c2c8,0b9fa0d2,c060d10f,20260821,20260905,0
12V357,b044897e,99a18f5d,86db3724,20260821,20260905,0
12V360,0c63e30f,23f3f4c2,095dc8e9,20260821,20260905,0
12V362,961493e3,60d86fec,87208937,20260821,20260905,0
12V373,42656e3d,1ad5675e,f009d212,20260821,20260905,0
12V363,afefd154,c4c8a475,ff70a4b7,20260821,20260905,0
12V369,a4fc6c4a,8defcf35,24b3a95d,20260821,20260905,0
12V371,960eac54,4bb8ca13,b7b4481b,20260821,20260905,0
12V379,436d154b,5b626bbc,628d468c,20260821,20260905,0
12V385,ecdb554d,eafe450a,40487281,20260821,20260905,0
12T021,0bcf5c63,d94f5875,d2f9ac50,20260821,20260905,0
12E028,3d07154d,e1d1d26c,6c648526,20260821,20260905,0
12V392,09f6fe77,e51f8a30,5f9b6e78,20260821,20260905,0
12V394,b4e1db63,a5486128,507f6e37,20260821,20260905,0
12V395,a46d8cac,50820ab1,01b13640,20260821,20260905,0
12V398,cb2369ab,a0fb6967,a17c3cbf,20260821,20260905,0
12V303,e0560a47,3209434f,798aff97,20260821,20260905,0
12V289,d620cc8f,e533bcd9,9cfae77d,20260821,20260905,0
12E023,51940920,27f9d2b7,7efd3017,20260821,20260905,0
12V310,b8582e6b,6056ae3e,1bf59266,20260821,20260905,0
12V324,8e815009,a2b9aa9c,b0bc2619,20260821,20260905,0
12V314,f3b7711b,a20dd71e,cd6a1f07,20260821,20260905,0
12V317,9ed4d369,a7028956,864e8e53,20260821,20260905,0
12V323,c948d63e,624be4af,06a72e93,20260821,20260905,0
12V325,70e4e112,bfe76c2c,a855bcc6,20260821,20260905,0
12V326,c77a4ced,4125024e,d374faa5,20260821,20260905,0
12V329,7cd2ae4d,21992801,ecbedbad,20260821,20260905,0
12V331,96fe9755,47756014,98158fb6,20260821,20260905,0
12V332,1791b256,3ddc29ae,474db733,20260821,20260905,0
12V338,72d7e5db,33a82e77,2f53bab7,20260821,20260905,0
12V071,3dea3e2d,f1887f05,d26f75b8,20260821,20260905,0
12E001,a2bbf12c,fbefb6d4,824afc71,20260821,20260905,0
12V024,48c65eed,ee34bdd8,ab209944,20260821,20260905,0
12V025,8ff0873c,b22ef47d,05fb6ebc,20260821,20260905,0
12V026,f286a794,fca530ba,e9f4e200,20260821,20260905,0
12V028,c8b9402b,08962b0b,69e6f0c4,20260821,20260905,0
12V029,363e1078,f1741105,c5f7f8bd,20260821,20260905,0
12V031,bca714f2,a6ed0263,bac50593,20260821,20260905,0
12V032,b2066bf7,a8d1b0be,f5fff5f4,20260821,20260905,0
12E002,3858092f,37ac25c3,a412cb14,20260821,20260905,0
12V038,bae2a47d,b4a296f2,e038b455,20260821,20260905,0
12V043,6c671b0b,e2cae111,90238632,20260821,20260905,0
12V048,0c64d230,1491100f,98a8ce3f,20260821,20260905,0
12V058,7dfdd777,6d40f8ff,ac53b9d8,20260821,20260905,0
12V059,f3bbdde3,81a998f1,35555dbc,20260821,20260905,0
12V064,2435bd06,ab16b03c,ef0e7f12,20260821,20260905,0
12E006,aa964b86,dcf58208,cdaa4427,20260821,20260905,0
12E008,eec33dc0,fdc0d3a8,78ba934d,20260821,20260905,0
12V073,ca783278,bf3b137f,3bce6d7c,20260821,20260905,0
12V079,739dc9a0,3e6983e6,5d2c14e0,20260821,20260905,0
12V166,9ab933f2,83ff018b,788a4aa9,20260821,20260905,0
12E009,bedc0cd4,1c49f7dd,c544f15d,20260821,20260905,0
12V087,b4b4c175,7c00863e,28615ba3,20260821,20260905,0
12V091,40c0d94e,abe407bf,e8ade5c9,20260821,20260905,0
12V093,6832aa8e,84fefa48,e5b9be68,20260821,20260905,0
12E010,813f86ae,f521487b,4f22b3a8,20260821,20260905,0
12V116,1210d243,827307a1,460221bd,20260821,20260905,0
12V111,290d1ea6,8f53ef25,e5c27a8e,20260821,20260905,0
12V114,c8c30315,c6e62c5c,4798c9bf,20260821,20260905,0
12V117,0d9cc8d9,8f53ef25,adc9518d,20260821,20260905,0
12V119,0ee29545,8f53ef25,33bc16d9,20260821,20260905,0
12V120,8ae17bf1,6dae8dee,3715e905,20260821,20260905,0
12V122,4f539d98,8f53ef25,2f518cab,20260821,20260905,0
12V128,99026cd3,8f53ef25,aa608775,20260821,20260905,0
12V135,b271ff43,3ef5a339,76ab6aab,20260821,20260905,0
12V139,d1ad64bf,827307a1,be7d981d,20260821,20260905,0
12V151,20984093,beccf03e,0b6d8e78,20260821,20260905,0
12E012,ed1bcf3a,b7071f95,ea22cb53,20260821,20260905,0
12V148,ad66cda6,4125024e,8fda8f88,20260821,20260905,0
12E014,ed81b016,a8e37206,db2d19a0,20260821,20260905,0
12V160,8a993c7a,8f53ef25,8dc1cff7,20260821,20260905,0
12V164,c1772eab,4125024e,65d34d64,20260821,20260905,0
12V165,dd745112,eb410bca,ef5a70da,20260821,20260905,0
12V175,27df3c13,5850e885,e27e17e9,20260821,20260905,0
12E015,9cbff003,43decd99,251f3595,20260821,20260905,0
12V188,aa4562a7,22ad061f,853ed320,20260821,20260905,0
12V252,a6543178,884bfcea,6c68495b,20260821,20260905,0
12V196,97790e39,c3485b0d,8345a4ae,20260821,20260905,0
12C002,e7f194c9,cab66522,ce696d97,20260821,20260905,0
12V215,136ae0b6,7c00863e,f11fcb8a,20260821,20260905,0
12V221,8dee2ad1,eade2e30,8789b7b4,20260821,20260905,0
12V224,0774f455,dbdbb6ca,40420656,20260821,20260905,0
12V230,86a9ad1a,e2ae55d8,786ee54f,20260821,20260905,0
12V248,bb948007,0dd776bc,d3088bb7,20260821,20260905,0
12V254,468103f8,15ef1df1,80036bed,20260821,20260905,0
12T010,cd996bc6,4eb3dbe8,1096af95,20260821,20260905,0
12V545,ac0b5125,4859964c,6f755044,20260821,20260905,0
12V582,d6ff3707,b6c28c8f,270de52f,20260821,20260905,0
12V547,b5019b47,ecd440a0,fca53c30,20260821,20260905,0
12V553,34ea519d,466bf281,051c46c2,20260821,20260905,0
12V558,7ff079c8,39326481,778ca853,20260821,20260905,0
12V560,2e5ea430,6c08c022,70e405ec,20260821,20260905,0
12V565,2dfb4b2f,867b185f,93c83fc5,20260821,20260905,0
12V567,23da35ed,c0760257,fa0850fd,20260821,20260905,0
12V572,ad9f703a,40764e6e,8ae7992f,20260821,20260905,0
12V573,4966a229,1bf30b68,351e843d,20260821,20260905,0
12V577,b3b5737c,58aaf944,62f48a68,20260821,20260905,0
12V587,0de2e4c9,ce7b6948,e655eca8,20260821,20260905,0
12V596,cda9debe,c7b24cfe,60021af8,20260821,20260905,0
12V597,a9b99802,b7919278,2a2aa43b,20260821,20260905,0
12V599,fb04efbc,9de2ff22,7c01375f,20260821,20260905,0
12E057,aa50096e,426b648f,4efabcbc,20260821,20260905,0
12V260,e8c30f4e,6b0c9c1c,33da70be,20260821,20260905,0
12E021,bce6c2af,47f4525c,e2becfdf,20260821,20260905,0
12V276,0a05fdef,827307a1,bf582484,20260821,20260905,0
12V277,c5855168,b3db8c53,c7b2f64c,20260821,20260905,0
12V278,44ff0988,28c4db2b,532bce63,20260821,20260905,0
12V287,f64570c4,0dd776bc,527a4216,20260821,20260905,0
12T012,9cce8ff0,4eb3dbe8,5acba7d5,20260821,20260905,0
12V383,c39506c7,275cae33,616bea55,20260821,20260905,0
12V290,9e8aa383,c627a48c,823138ab,20260821,20260905,0
12V292,21d22af9,4125024e,b29341fc,20260821,20260905,0
12V293,3e93ea37,4125024e,07e93fc7,20260821,20260905,0
12E024,ecd545b5,92c840cf,428acc18,20260821,20260905,0
12V300,b45cb25b,f363f85d,229ce34a,20260821,20260905,0
12V304,7c7252ef,c8f6d62a,8f4c0c2f,20260821,20260905,0
12V307,02759f44,9cb98bf4,9c424e02,20260821,20260905,0
12V306,f58e5274,2efe64b9,ea126d09,20260821,20260905,0
12V308,45efc05d,e7beb65f,aec0b51b,20260821,20260905,0
12V311,49fe8972,a9b96b87,a9416b19,20260821,20260905,0
12E025,ca75015a,cb29adb9,75da0fa1,20260821,20260905,0
12V318,a0e3bfab,d3109e9e,1443c568,20260821,20260905,0
12V322,ecfe61dd,c91bf35e,e38f0461,20260821,20260905,0
12V328,08fd8b93,e2f4cd2f,6e37e40e,20260821,20260905,0
12E026,66e69383,014b2041,1618973a,20260821,20260905,0
12V335,6496e670,14b6c0b8,a9055f6a,20260821,20260905,0
12V337,fce53acc,0b3c75da,3c966bdb,20260821,20260905,0
12V340,7b620c25,110ed8e7,14213bf0,20260821,20260905,0
12V349,4f5d726b,e8995a07,d16588cf,20260821,20260905,0
12V350,b91adfea,00b9dba0,3ba3edc7,20260821,20260905,0
12V356,b24e3c17,845c7b61,a6b20709,20260821,20260905,0
12V370,09d906e6,cbca7adb,568e682e,20260821,20260905,0
12V372,96b333f3,77ea7e6b,864a5937,20260821,20260905,0
12V384,d20716ad,7b347dab,5e33672b,20260821,20260905,0
12V389,a79f0cc0,554a8a00,50a1b1fd,20260821,20260905,0
12V390,c63766b5,c7b84dc4,b91f4ae0,20260821,20260905,0
12E029,9fedb40f,1df8ff69,25b3d4eb,20260821,20260905,0
12V400,047c47ae,94ca50b9,0eafc49f,20260821,20260905,0
12V401,25630ca1,24b354f2,72433dfe,20260821,20260905,0
12V399,a9c37975,82a74f63,cfd571b6,20260821,20260905,0
12V408,6c519b52,46987ff1,889f8087,20260821,20260905,0
12V412,0d7968c3,287f8c59,ff7fe59f,20260821,20260905,0
12V415,894a5f82,bf762802,2720f784,20260821,20260905,0
12V423,5f8b0d6f,0c7fddcd,7ff02a2c,20260821,20260905,0
12V427,977eb8e0,845c7b61,f2ea93c3,20260821,20260905,0
12V430,566ca0d2,2f938ba2,0fdcfc2d,20260821,20260905,0
12V432,62bf7a6e,d9dc93d7,bcec2a17,20260821,20260905,0
12V434,792516c5,cc81077c,7823ed48,20260821,20260905,0
12V438,50e98938,66ec8e22,e3e3c48c,20260821,20260905,0
12V439,bd3ff07d,71934dce,ad3f31a1,20260821,20260905,0
12V443,886c2e1d,9d6cf950,d4b821b2,20260821,20260905,0
12V445,602b08f1,ff4a57ed,c5ced385,20260821,20260905,0
12V446,fdc052cc,202bd49c,e3651825,20260821,20260905,0
12V449,646f8fae,845c7b61,a3e168cb,20260821,20260905,0
12V450,cbb469f5,0296d97d,e8167936,20260821,20260905,0
12V454,cdf1e240,19a1648f,0d814898,20260821,20260905,0
12V464,75affeec,9d25b653,e5ebdfec,20260821,20260905,0
12V471,ca1b7575,5ced71ca,beada599,20260821,20260905,0
12V472,f63caf41,6623cc0e,58a00898,20260821,20260905,0
12V477,c9cfd5d4,f76d956b,e68de58f,20260821,20260905,0
12V483,e0b4c46c,062221f7,1f087270,20260821,20260905,0
12V489,333e25e6,3f5bd921,b4f0f9bb,20260821,20260905,0
12V490,cc6808c0,2cd4a4c8,8d106d8f,20260821,20260905,0
12V506,2ab0c268,306a6a17,85a2c546,20260821,20260905,0
12V507,9563ba34,5c984575,e5876fe1,20260821,20260905,0
12E046,722ac8a2,9134628b,411de840,20260821,20260905,0
12V516,74b61ca6,fbf09d76,aaa64812,20260821,20260905,0
12E049,9228d997,7511bac5,2ec014a8,20260821,20260905,0
12V522,2d54b92b,c5e5cbcd,8e841fce,20260821,20260905,0
12C004,71cd37a7,adeeb2b3,86f3d6c3,20260821,20260905,0
12E048,2d0a21e8,e1cc451e,7b312696,20260821,20260905,0
12V530,11d4a57d,785f0b38,1c0783a9,20260821,20260905,0
12V533,e44c373b,d567ad46,5eb92982,20260821,20260905,0
12V538,4a96dee7,5a1c087f,d94b3793,20260821,20260905,0
12V541,c2350413,93c1f6ab,e03c8537,20260821,20260905,0
12V016,51d3c732,db039e02,0856afcd,20260821,20260905,0
12V018,f361835d,14b03f9a,3e7de9d2,20260821,20260905,0
12T002,2d6598b7,e4a20baf,4b8e4067,20260821,20260905,0
12V020,fb734416,331eb8bc,a2a58fb9,20260821,20260905,0
12V033,149a680c,1491100f,753bf219,20260821,20260905,0
12V036,492b3a26,5339fcbc,de89da18,20260821,20260905,0
12V041,e07e081d,cc880ba5,f89b717e,20260821,20260905,0
12V046,26c69acd,fca530ba,08364d18,20260821,20260905,0
12V047,ca5f7d0b,82047ec1,9f52be19,20260821,20260905,0
12V053,7f47100f,30bc7025,a6b989d5,20260821,20260905,0
12V060,1071b011,a721ae16,bab5e2b3,20260821,20260905,0
12V078,27fa5416,7c00863e,2147a44f,20260821,20260905,0
12V088,033f1e5f,aa42485f,4d8decf0,20260821,20260905,0
12V089,16a0ebd4,f3c193cc,94816666,20260821,20260905,0
12V090,04f145aa,faf5f106,5e1c36b6,20260821,20260905,0
12V092,d8a74baa,e194326a,6e32e3a6,20260821,20260905,0
12V102,1339781f,252e77b2,10a8e484,20260821,20260905,0
12V106,fd86f6ee,8f53ef25,b2fc6eb9,20260821,20260905,0
12V123,a49010a0,8f53ef25,b60eadc8,20260821,20260905,0
12V109,994e70d1,8f53ef25,e1ab8556,20260821,20260905,0
12V110,0537af09,8f53ef25,5010d3d5,20260821,20260905,0
12V113,edbd2d4a,827307a1,50294b76,20260821,20260905,0
12V124,c5ead472,1136f810,cdcfa650,20260821,20260905,0
12V129,ddb27e40,542066a4,aab4a262,20260821,20260905,0
12V130,c147a762,8f53ef25,03bd8664,20260821,20260905,0
12V132,8e4f69a9,4e6b636c,bb6116f1,20260821,20260905,0
12V150,b7eb581b,9df74554,37478cb9,20260821,20260905,0
12T007,3b42b0b3,a951d7f5,0704919c,20260821,20260905,0
12T008,777aa594,926b414d,bd7db1e1,20260821,20260905,0
12V153,e98aa771,4125024e,8d331045,20260821,20260905,0
12V161,1e87fc44,83ff018b,f51f9f66,20260821,20260905,0
12V168,ad4da646,827307a1,fae609fa,20260821,20260905,0
12V171,83850b8b,827307a1,ee4e5e91,20260821,20260905,0
12V173,1a1189c9,00715eb1,a7d803c0,20260821,20260905,0
12V179,31f8a765,31f02d1a,aea88e2d,20260821,20260905,0
12V180,7fa38577,827307a1,8f33d59f,20260821,20260905,0
12V181,b812a3eb,4125024e,eb584b70,20260821,20260905,0
12V198,334f05d1,3c15f076,2c5e6c9e,20260821,20260905,0
12V201,c464849f,43decd99,194fe4d0,20260821,20260905,0
12V203,dd6a6518,827307a1,b7f909b4,20260821,20260905,0
12V206,f5744b20,827307a1,7ff90053,20260821,20260905,0
12V210,786239ef,827307a1,55128bf7,20260821,20260905,0
12V216,1886e079,2699f5c8,7d386510,20260821,20260905,0
12V219,834b7456,827307a1,16138a79,20260821,20260905,0
12V222,191d2d13,72f86fde,24179ed3,20260821,20260905,0
12V237,c1f9da48,827307a1,51aba4fc,20260821,20260905,0
12V228,f55dde3c,04e4581b,c3d20ddc,20260821,20260905,0
12V234,ecf8790f,827307a1,704b35a4,20260821,20260905,0
12V235,efdc9830,5c2e3744,2175f4b4,20260821,20260905,0
12V242,e94b151e,831500f5,aad94f70,20260821,20260905,0
12V244,781574fe,c7717d61,0b3afe34,20260821,20260905,0
12V245,e9964244,c16e3be3,f6631811,20260821,20260905,0
12V249,63e871e2,afc5334a,3d0561bb,20260821,20260905,0
12V250,75569639,7387e0a3,eadd75e8,20260821,20260905,0
12V253,04d7368b,31d0f5d4,2b015efe,20260821,20260905,0
12V265,8bcdf4dd,e37c93e9,d363629a,20260821,20260905,0
12V256,c89ec387,b1af8894,4ee934dd,20260821,20260905,0
12V259,547d1056,4125024e,8fa1c640,20260821,20260905,0
12V262,498cd157,0dd776bc,1d3daa61,20260821,20260905,0
12V268,d66b0b5a,0dd776bc,81163183,20260821,20260905,0
12V273,4df4fa2c,8f53ef25,f7e4d263,20260821,20260905,0
12E022,20254a25,20ce9f40,831abc35,20260821,20260905,0
12V280,f6e73c17,28c4db2b,9f24757a,20260821,20260905,0
12V283,40c4f7ea,11fb9893,b42ab2ef,20260821,20260905,0
12T011,02aebe48,4eb3dbe8,ab8d99b6,20260821,20260905,0
12V285,a206d4ea,0dd776bc,527a4216,20260821,20260905,0
12V298,a3a97225,7ab6c7cc,f53f9912,20260821,20260905,0
12V291,3ed9c2a7,3c68044f,5ad93c8e,20260821,20260905,0
12V299,118bcfaf,4230eb61,1ed4675e,20260821,20260905,0
12V301,63975f47,534405ff,ab9bd961,20260821,20260905,0
12V305,3e666c43,27a1bc34,ac3dc5ff,20260821,20260905,0
12T014,7414c4e9,e5c129ad,51c02914,20260821,20260905,0
12V313,81ffa6f5,b8f60de3,27a62940,20260821,20260905,0
12V355,6486650b,a8f4b87c,b4ad5f83,20260821,20260905,0
12V316,e1b1e4a3,8f53ef25,452017ec,20260821,20260905,0
12V343,27f2405b,4d7ccc3b,f74df1a8,20260821,20260905,0
12V347,73d59aa2,063fa459,0f6b645a,20260821,20260905,0
12T019,33703d1d,7ca5ea56,62a79adf,20260821,20260905,0
12V377,030699b2,66739e7d,732dae66,20260821,20260905,0
12V365,9c9185f3,47d92004,b59b6595,20260821,20260905,0
12V366,62b65cf9,f0f9af71,36b54fa6,20260821,20260905,0
12V376,505f0402,b1b2e207,2e322e40,20260821,20260905,0
12V380,1c8b7335,3a8a16e8,7fc91b0e,20260821,20260905,0
12V381,326898dd,14b6c0b8,5c9f9a2c,20260821,20260905,0
12V382,b7f2d678,00b9dba0,3400f856,20260821,20260905,0
12V386,a137361d,8794bc62,aa7bd9d6,20260821,20260905,0
12V387,2320954b,5763c53c,5d7e7910,20260821,20260905,0
12V388,e8bcc4f5,e6d775f7,51806e46,20260821,20260905,0
12V393,4c4796f2,bc26f54a,38ff08f0,20260821,20260905,0
12V396,b8ee20a9,eafe450a,d148e0e0,20260821,20260905,0
12V406,e59ea5f2,2c03ac6c,48758ed7,20260821,20260905,0
12E033,c290bc7c,d9ddd762,e174283f,20260821,20260905,0
12T022,c3cc8d2a,0c0fd812,5592f27b,20260821,20260905,0
12V422,7f08f910,d2243330,61618b8b,20260821,20260905,0
12E032,9156d358,67eec2d8,a7c8a5ad,20260821,20260905,0
12V435,e0859f81,09e9346b,a390939e,20260821,20260905,0
12V441,2a1c0aa3,12224859,a4eb2680,20260821,20260905,0
12V444,0d786c6b,74daa5b4,11decb8c,20260821,20260905,0
12V451,20567830,9a626951,b6031b6d,20260821,20260905,0
12V457,c3ce5794,bd96a4fa,e6cfce9a,20260821,20260905,0
12V463,a96fd890,a211bb1a,00cbcc02,20260821,20260905,0
12E036,dee07715,84bff299,2723d490,20260821,20260905,0
12E037,ea994f5e,2122803f,39be0eeb,20260821,20260905,0
12V494,2c805102,45a6967d,c0a4a2ba,20260821,20260905,0
12V504,7585a9ac,ee26bf29,57b44059,20260821,20260905,0
12V511,dcb802cf,c8ec4a05,3a91556a,20260821,20260905,0
12E047,c8475086,7d2346b3,9572bc0d,20260821,20260905,0
12V513,d03a0d88,bcc14a83,987533c5,20260821,20260905,0
12V515,d73bf022,2122803f,41684e07,20260821,20260905,0
12V517,e1525fe0,bc2f8534,03546f1d,20260821,20260905,0
12V519,c9e3faf1,05ab6594,8717faa3,20260821,20260905,0
12E050,9405fdd2,9a46ae6e,bdde61d5,20260821,20260905,0
12V524,769776bd,67e91589,2e4cc333,20260821,20260905,0
12V526,ecd4a1fd,73e1daec,88f6091c,20260821,20260905,0
12V532,baeacaf1,c9d90e15,e86b9995,20260821,20260905,0
12V544,454e4054,298a6ff5,0c5a8ac0,20260821,20260905,0
12V546,0be8353f,63a3251e,58bb5e70,20260821,20260905,0
12E054,0e31ed93,40764e6e,6a929607,20260821,20260905,0
12V552,183d766a,58aaf944,50823fbd,20260821,20260905,0
12V557,2033bfbe,ba78a43a,fab63da1,20260821,20260905,0
12V556,fd6fe18c,ea34f24d,036149a6,20260821,20260905,0
12V564,28d77e3f,1cd4e50c,a728a4a9,20260821,20260905,0
12V566,82c74c12,58aaf944,724c0ce8,20260821,20260905,0
12V568,b380d47e,dbb0f3f6,de17aed6,20260821,20260905,0
12V578,fadd25e5,58aaf944,16995cb0,20260821,20260905,0
12V584,5e2e85ee,845c7b61,ffc5eccc,20260821,20260905,0
12V585,c6065494,d9f02b5b,9faec391,20260821,20260905,0
12V593,030e9336,8e44ab28,11fe1f94,20260821,20260905,0
12V594,fbd1f072,ede74206,55a06713,20260821,20260905,0
12V600,2687c220,3fba8e47,7871a31c,20260821,20260905,0
12V601,4ec8342b,f0db3b23,add16723,20260821,20260905,0
12V004,9acc4cb6,102cc83a,28e52f40,20260821,20260905,0
12V014,9aec6215,955744e3,84a69337,20260821,20260905,0
12V017,e04b678e,ca6e9d9b,cafff15c,20260821,20260905,0
12V042,38679a5e,1d85ce69,2ae277a3,20260821,20260905,0
12V019,b41e2204,029d1073,523a76fd,20260821,20260905,0
12V021,47410e92,40dadfe8,1cf4d963,20260821,20260905,0
12V030,9f6b03f0,3526b1fa,63f0d053,20260821,20260905,0
12V035,700b2b85,7c00863e,2000c339,20260821,20260905,0
12V037,08776d48,5339fcbc,991407e2,20260821,20260905,0
12V045,0bf7a5e4,546fffbf,739428f9,20260821,20260905,0
12V065,d6ea42e9,04d3fb4e,35dce99c,20260821,20260905,0
12V055,6953623a,82047ec1,06588b45,20260821,20260905,0
12V057,8ed3ab6b,7c00863e,06d848d4,20260821,20260905,0
12E007,7d2ef5d5,0aabdc29,7b0cd7a2,20260821,20260905,0
12V142,0763d715,1e7f0373,8769a804,20260821,20260905,0
12V074,e106d9d7,1c49f7dd,e0cb8e59,20260821,20260905,0
12V270,810c669c,99dbdeca,7b7fcada,20260821,20260905,0
12V295,dcfcc774,23b3f384,1806f2d0,20260821,20260905,0
12V391,00a288a2,17075e19,f9b58407,20260821,20260905,0
12V075,1997d464,ccdb391a,e4c65427,20260821,20260905,0
12V158,d0974495,342d709a,e2717d9c,20260821,20260905,0
12V077,20b80ec6,911a5cc4,26ec26b3,20260821,20260905,0
12V082,f81d55b1,827307a1,62e5e4e2,20260821,20260905,0
12V084,30b8f68d,827307a1,ac6151e2,20260821,20260905,0
12V085,78fe80a1,a6fddaae,aefa0fc1,20260821,20260905,0
12V086,3b716fa9,d0551959,4040be59,20260821,20260905,0
12T004,f683215b,d8ca53e2,0bf4963e,20260821,20260905,0
12V097,0485d06f,fca530ba,c85921e8,20260821,20260905,0
12V104,2caec8c3,8f53ef25,481ac184,20260821,20260905,0
12V105,fe093086,45f931de,bb02bd50,20260821,20260905,0
12T006,b4ae31b2,ac8f756a,e2ce724d,20260821,20260905,0
12V108,e227cbee,8f53ef25,515dc937,20260821,20260905,0
12V121,42a825b2,8f53ef25,b2a2dbf0,20260821,20260905,0
12V131,9a54df70,8f53ef25,3c26ee99,20260821,20260905,0
12V138,53dd2c61,b7e7a8d0,dc4e9852,20260821,20260905,0
12V140,ea661465,37ac25c3,aeb64c73,20260821,20260905,0
12V141,ebe5ebf5,83dfda6b,35171aca,20260821,20260905,0
12V147,0da78f24,83dfda6b,f20d7975,20260821,20260905,0
12V149,15a27e47,a4354458,fbdbfc5e,20260821,20260905,0
12E017,a0f13a10,d55c08c7,5bd28d4e,20260821,20260905,0
12V184,fc4387dd,afd0a281,840faf81,20260821,20260905,0
12E018,8617f384,dc977148,e89440be,20260821,20260905,0
12V185,c6c0fc2c,4125024e,10aad9f1,20260821,20260905,0
12V218,0c426b46,e02fcba1,935ccdf6,20260821,20260905,0
12V191,2c9bf96b,4e8bbf18,1116211e,20260821,20260905,0
12V192,34e3256e,66152bf7,caee5075,20260821,20260905,0
12V194,250380de,d3a2dc5e,b4031d16,20260821,20260905,0
12V195,f551c813,ec2597a6,69c24667,20260821,20260905,0
12V200,fd6571f9,404a88cb,98bd57a5,20260821,20260905,0
12V205,1e7acf25,6a671ba4,e16d9146,20260821,20260905,0
12V211,7c93fbc5,1f7f9afb,c559232e,20260821,20260905,0
12V213,25f00ab6,827307a1,a93eaa33,20260821,20260905,0
12V214,4d4ea386,f9bc7ef2,02da5906,20260821,20260905,0
12V225,a37ca7bb,4125024e,bbb28819,20260821,20260905,0
12V229,24c03ad4,827307a1,cb35fc8b,20260821,20260905,0
12V231,b1385279,d019e317,dd46b8d0,20260821,20260905,0
12V238,a5fb7584,8f53ef25,452017ec,20260821,20260905,0
12V263,76618009,4125024e,3b93cd7a,20260821,20260905,0
12V240,062c87cd,827307a1,f1a617b1,20260821,20260905,0
12V241,9394846a,a1b2489b,15f1d182,20260821,20260905,0
12V246,875b9eb3,827307a1,32bba734,20260821,20260905,0
12V247,4bbe0b67,3a8eff9a,809d4b3e,20260821,20260905,0
12V258,f31a797f,4125024e,a1934e09,20260821,20260905,0
12V261,fd27f37f,0dd776bc,1d3daa61,20260821,20260905,0
12E020,3b2adeae,5082b32b,c598aefd,20260821,20260905,0
12V264,9271b138,d146a0dd,eefec880,20260821,20260905,0
12V272,dfc3369b,827307a1,763e1e63,20260821,20260905,0
12V274,1efc6fd1,4125024e,8ecc3208,20260821,20260905,0
12V275,4abc70c6,4125024e,40fd2449,20260821,20260905,0
12V286,348787cd,1c49f7dd,f3d24ffb,20260821,20260905,0
12V309,3044a616,62e6dd3d,397de9b1,20260821,20260905,0
12V288,21d3ea22,c3a1a23e,31207c04,20260821,20260905,0
12T013,f5fa7b48,4eb3dbe8,297c84d5,20260821,20260905,0
12V294,3298cb39,05e2cf23,f04b43cb,20260821,20260905,0
12V296,b1047bf8,0dd776bc,bf79d5da,20260821,20260905,0
12V297,d870d3b6,0dd776bc,bf79d5da,20260821,20260905,0
12V315,21bcd34a,795d33c0,5026cb04,20260821,20260905,0
12V302,1368ce43,9d5e30cc,09005fac,20260821,20260905,0
12V319,e3fa3beb,95113c68,bf134441,20260821,20260905,0
12V327,01e89e06,a20dd71e,862e4f0e,20260821,20260905,0
12V330,719cda5d,ef33fe1c,cbeba63f,20260821,20260905,0
12V333,ad1e1548,2d851d76,81654f73,20260821,20260905,0
12V334,b7cbee3b,ec1d9d9b,f78ae4eb,20260821,20260905,0
12V336,e36f0323,2c9c3d71,c43d1e42,20260821,20260905,0
12V339,2cbd3c9a,116b9c59,4eb5e5b3,20260821,20260905,0
13V529,5f93b40f,dd80d7d7,08e90fa2,20260821,20260905,0
13V535,260c91f4,ea2f518b,dd53823b,20260821,20260905,0
13V531,fbe8bc14,4e6220e1,bdb73ee9,20260821,20260905,0
13V537,ce6dd296,abe8b932,a5698ff2,20260821,20260905,0
13V541,d59c9a8f,80e06d8a,84658f1f,20260821,20260905,0
13V549,dca3cec3,652d5780,44071a02,20260821,20260905,0
13V554,f4cfe371,6937348f,76ce1118,20260821,20260905,0
13V465,bd17191e,9974d5fc,f72f2883,20260821,20260905,0
13V635,bb7f58a3,f32b1ba1,f1aa3b7f,20260821,20260905,0
13V556,82de2f02,dbbff26e,b788da2d,20260821,20260905,0
13E059,1d22f52b,b72e03f0,8fa7589f,20260821,20260905,0
13V564,52e790cf,5225b492,c3412e72,20260821,20260905,0
13V569,0c01c2ec,896cf4cb,d32bb87a,20260821,20260905,0
13V572,05644fb0,47261a73,a443b09f,20260821,20260905,0
13V652,a45b75b3,7c004366,fd56a6ac,20260821,20260905,0
13V593,579750eb,c51b4d01,3b0205f9,20260821,20260905,0
13V380,46a21e3c,c780ac7a,c1c1a525,20260821,20260905,0
13V594,22046c84,db04350b,57794351,20260821,20260905,0
13E069,c172d78c,893da12f,736daf93,20260821,20260905,0
13V604,035309d9,4401a04a,06a881da,20260821,20260905,0
13V605,52fd3734,dd80d7d7,e8ce6cfd,20260821,20260905,0
13V612,ad928f09,cae95401,a9a6e692,20260821,20260905,0
13V615,557b3b53,caa233cb,55ac03ee,20260821,20260905,0
13E067,945e03fc,7c004366,08dfc48c,20260821,20260905,0
13V620,1e999b76,4401a04a,88de1117,20260821,20260905,0
13V622,0a03cdad,0f3224e0,6a73f0fb,20260821,20260905,0
13V627,05f132fb,78c397ba,f3df7788,20260821,20260905,0
13V377,b85d69e0,6f607730,0ec28594,20260821,20260905,0
13V628,8c286809,26fc871a,ccc805d7,20260821,20260905,0
13V632,aee91219,8e4afdb9,ba9f1379,20260821,20260905,0
13V636,ed828a37,dc81d447,b3ba603b,20260821,20260905,0
13V503,df8fe9eb,79bd00fb,60eba6a2,20260821,20260905,0
13V638,e654a0bb,8a1cadfa,957ebc41,20260821,20260905,0
13V642,df12eb1a,9480ab94,136bd63c,20260821,20260905,0
13E070,47b6f19f,b552a3cd,21cce2cf,20260821,20260905,0
13E071,5a5dbc57,6df1ae63,015c0b33,20260821,20260905,0
13V649,77d343f2,7c004366,e3902bc5,20260821,20260905,0
13V336,b62139dc,fc1cbe69,8e5b827e,20260821,20260905,0
13E042,1221f7cf,2f72f839,36fbc2cb,20260821,20260905,0
13V344,374c3d19,08100678,4203442c,20260821,20260905,0
13V351,50357bba,a786777a,c3e73900,20260821,20260905,0
13V354,59a065fa,0334fb81,62883365,20260821,20260905,0
13V355,9b308fb7,28cebbd3,0a7c6c77,20260821,20260905,0
13V356,4ffdb85e,28cebbd3,299d4afe,20260821,20260905,0
13V373,a17c4710,2dd41044,30242718,20260821,20260905,0
13E046,be4d99a8,42e4b8f6,07d93402,20260821,20260905,0
13V384,dbad4fa4,5f4f22fa,4e611a95,20260821,20260905,0
13E049,16492721,79311cbe,13e9c8ba,20260821,20260905,0
13V387,2bd1fdef,c43700aa,8bd52153,20260821,20260905,0
13V309,4baeaa87,f8d15bb5,40a2a511,20260821,20260905,0
13E038,9851619c,fe64bd03,6e646069,20260821,20260905,0
13V313,f3432bcf,1d6100a5,47ac9cbf,20260821,20260905,0
13V321,3103f2cb,5f4f22fa,6bc59ecd,20260821,20260905,0
13T007,8b5c5b07,d826787b,5a2644aa,20260821,20260905,0
13V323,9a80c2c1,0f6d058c,5e9d5668,20260821,20260905,0
13V328,bf5fe8c0,1029e6c1,a5df16ab,20260821,20260905,0
13E041,beb5408f,65b3218b,5deef2e7,20260821,20260905,0
13V338,148657a2,a56d39ee,d33c1c13,20260821,20260905,0
13V417,477e618a,5b13558e,0099a415,20260821,20260905,0
13V332,816cd6aa,e9a26562,8b5a8e17,20260821,20260905,0
13V340,7fb735f7,de16bf67,8c34419f,20260821,20260905,0
13V341,add4810b,a91fbdcd,0cbec1db,20260821,20260905,0
13V343,48dbd758,beccf2ee,24825086,20260821,20260905,0
13V347,641d708a,5f4f22fa,73e0fba4,20260821,20260905,0
13V348,fc2707c8,5f4f22fa,dcb77ec5,20260821,20260905,0
13V350,235581c0,5f4f22fa,88d1769a,20260821,20260905,0
13V353,6e720a27,fd5d3b25,c5d5ddec,20260821,20260905,0
13E043,c9e974d5,3a989bbe,7328940d,20260821,20260905,0
13V359,28ff857b,300898de,dbe928a7,20260821,20260905,0
13V360,afc25d9c,333225de,40c1a28b,20260821,20260905,0
13V363,49523cd4,5f4f22fa,ae9a701a,20260821,20260905,0
13V365,547c6f94,7d8b745d,46cce3c2,20260821,20260905,0
13V366,125b1328,c8341ad4,c51e8d41,20260821,20260905,0
13V062,4637bd52,5ca1e861,d66fb0b9,20260821,20260905,0
13E048,0de61627,128cae27,697200ce,20260821,20260905,0
13V385,0c874cc8,366166ee,ce63479a,20260821,20260905,0
13V390,272b31fd,6d5b987e,ef82f8e9,20260821,20260905,0
13V396,6e2736fe,46f9c682,e999638c,20260821,20260905,0
13V397,2c2d16bf,2b7c0f7f,a2ce7ab4,20260821,20260905,0
13V405,fd5b7576,2743f28e,8907c13e,20260821,20260905,0
13E051,63e2f09a,2dae729b,536ebb1e,20260821,20260905,0
13V406,091a6822,8512deec,4cb5baa9,20260821,20260905,0
13V412,aed64b3b,44eea73c,d4690dd3,20260821,20260905,0
13V415,f86fa429,7c004366,8350210b,20260821,20260905,0
13V416,b9ecd9d4,49c597f5,3b8a8ee8,20260821,20260905,0
13V372,5337ee38,0957a7c1,f2ccae88,20260821,20260905,0
13V423,3196fb2f,7c004366,2e1ec420,20260821,20260905,0
13V427,8f07b15d,7c004366,d7db0b3a,20260821,20260905,0
13V460,a11b997e,cde1a9d3,43827707,20260821,20260905,0
13V429,b28c9d5e,1c565c4c,f375589c,20260821,20260905,0
13V431,7d0525a0,7c004366,1968ebb2,20260821,20260905,0
13V432,75f5698a,7c004366,df0cf2fa,20260821,20260905,0
13V434,51052ec5,5651d3b9,10312a83,20260821,20260905,0
13V437,5440e5e4,7c004366,0db1f9b8,20260821,20260905,0
13E045,517ce327,7fcfe757,8d0aa22a,20260821,20260905,0
13V438,9a1b1e9a,e0f3bf43,10c47c8c,20260821,20260905,0
13V440,b16b288e,cbf16873,d2b4a4b0,20260821,20260905,0
13V444,7ebbd7df,06781fb5,a3daa530,20260821,20260905,0
13V445,6c94d076,a00d1cef,77a585ab,20260821,20260905,0
13V448,e3b46445,d711567f,5197c78b,20260821,20260905,0
13V449,088739a0,aaed4046,b5691d54,20260821,20260905,0
13V453,f4ccd954,7d667e5b,c9c385aa,20260821,20260905,0
13V458,30dc499d,15f69f4f,a9a4fb27,20260821,20260905,0
13V111,f3e14252,1eaa2fea,14bc2685,20260821,20260905,0
13V224,ccbf0295,71014792,002afd4f,20260821,20260905,0
13V463,5ee58a3b,4c00c0a2,7e058c56,20260821,20260905,0
13V464,5baceea4,9d1c19fd,bac694f4,20260821,20260905,0
13V476,7cafe580,9480ab94,10c2bc36,20260821,20260905,0
13V479,7beaafee,7c004366,2e0c83fb,20260821,20260905,0
13V480,a865741d,9480ab94,be67e161,20260821,20260905,0
13E053,f18c217c,7c004366,8df0ca39,20260821,20260905,0
13V483,d18e01f2,c33299da,5fd06dfb,20260821,20260905,0
13V496,c8764761,1ea9039e,a2b2ad92,20260821,20260905,0
13V498,757630a3,9480ab94,278c97d9,20260821,20260905,0
13V505,adf15e70,1c03d5b2,e6446f79,20260821,20260905,0
13V507,1da6433d,bdd957f9,f0abab0f,20260821,20260905,0
13E055,a87f44ca,7d3582ee,4b40a121,20260821,20260905,0
13V514,421a2e50,2eda42bb,dd57066a,20260821,20260905,0
13V512,248e9749,9e277224,7b8033f7,20260821,20260905,0
13V521,89d6159f,6feabb73,39528c3c,20260821,20260905,0
13V525,fbdd3a6e,4d78c2be,09941998,20260821,20260905,0
13V527,2a6922d0,dd80d7d7,b3d08770,20260821,20260905,0
13V484,73022cb6,4b345e9d,1294fa34,20260821,20260905,0
13V489,c972dea6,10155bfb,c07659e8,20260821,20260905,0
13V495,b015c3ff,91656ff6,54611197,20260821,20260905,0
13V500,fde230cf,112e2b05,e234bc0c,20260821,20260905,0
13V501,21feca6a,3b760913,e6d356fd,20260821,20260905,0
13V504,6f2e044f,2990392f,7f92e21e,20260821,20260905,0
13E054,c08d6ae2,eb1b9cf9,c01d313a,20260821,20260905,0
13V510,bc38d533,7c004366,236d2239,20260821,20260905,0
13V515,46d412a9,f06789c6,db395442,20260821,20260905,0
13E057,dab35ec4,b9c296fb,24f7a6a1,20260821,20260905,0
13V522,176a12cb,b9c296fb,43301a54,20260821,20260905,0
13V523,87897767,3ef75c32,adeb210f,20260821,20260905,0
13V532,3cc33bfa,1e412503,5af6a96e,20260821,20260905,0
13V533,3830bf0e,8c502e41,73932547,20260821,20260905,0
13V543,f53bf77b,e4832e85,1d48cb34,20260821,20260905,0
13V553,efc3eabd,f9c88cfc,6bdca433,20260821,20260905,0
13V545,4d3f745e,e4832e85,1d48cb34,20260821,20260905,0
13V555,8e0d158a,f702b675,2952e568,20260821,20260905,0
13V557,fc6c96a4,e65071bf,c69a9b69,20260821,20260905,0
13V558,4516932b,ec41bedb,f051fc98,20260821,20260905,0
13V563,88d3bb80,f9c88cfc,2010c0a5,20260821,20260905,0
13V388,b283e080,5f4f22fa,f931a04f,20260821,20260905,0
13E062,dff98512,48392036,b6ee9b7c,20260821,20260905,0
13V567,a77da396,45b234a8,043e2dd3,20260821,20260905,0
13V574,80a95779,3c733440,0ce5f07b,20260821,20260905,0
13V583,e31e2a5a,4400ac60,cc60cecc,20260821,20260905,0
13V600,ae9f5e81,f9c88cfc,28528487,20260821,20260905,0
13V393,1f90d86b,41be4ccb,5dcbad63,20260821,20260905,0
13V606,48cfa0a1,4401a04a,37cb66d2,20260821,20260905,0
13V609,9c936307,8a093b9d,ae367f03,20260821,20260905,0
13E066,5f66ebef,c29cf51c,2207e526,20260821,20260905,0
13V610,db9d8163,41719766,4d262402,20260821,20260905,0
13V613,1c49873d,4401a04a,4d141bb7,20260821,20260905,0
13V624,482a6b68,2bb3c939,dd27e344,20260821,20260905,0
13V626,8a056c1a,b9c296fb,39db7c89,20260821,20260905,0
13V639,ee67f029,cbe26f39,5dca92ad,20260821,20260905,0
13V647,e95de85f,f9c88cfc,4123cab0,20260821,20260905,0
13E073,ee9c796e,e997c8b9,81cef401,20260821,20260905,0
13V394,52a9322f,614824c3,20867bdf,20260821,20260905,0
13V400,5d19bd06,2f2e76ad,8a9f4dd4,20260821,20260905,0
13V401,4186e1e2,b22365f0,2636b102,20260821,20260905,0
13E050,0920e1de,9480ab94,745009d4,20260821,20260905,0
13V410,536bab7f,7fcfe757,1720b775,20260821,20260905,0
13V411,eeaeafef,f9c88cfc,a652007c,20260821,20260905,0
13V450,87e06eda,ddab8a0c,007ecaba,20260821,20260905,0
13V426,bfc5ffcc,7c004366,5d8c3365,20260821,20260905,0
13V439,1c7ae175,8c64d85a,5b989deb,20260821,20260905,0
13V442,789d3c49,f17d9001,6a6c90db,20260821,20260905,0
13V452,21d89bda,91ffb1ee,b9317bbe,20260821,20260905,0
13V454,590a2732,eae1cdd0,5b1e3ad3,20260821,20260905,0
13V461,7fad88a4,3c46d0d9,dce5e0dd,20260821,20260905,0
13V462,df741659,7c004366,3669a837,20260821,20260905,0
13V481,c08fecd4,ad435c95,1349a9ea,20260821,20260905,0
13V469,a4816c09,7fcfe757,6aa31f30,20260821,20260905,0
13E052,c4a33d4a,7fe17e2e,71e39097,20260821,20260905,0
13V008,f83f8f65,8e44ab28,b39011e1,20260821,20260905,0
13V075,62da61f1,a1f73741,e2750e5f,20260821,20260905,0
13V203,13d1bd74,5f4f22fa,413328a2,20260821,20260905,0
13V228,8e189082,6bbae16e,ec7a21a3,20260821,20260905,0
13V275,23c7149a,d5aa23ac,15fdc153,20260821,20260905,0
13V267,7cbbe8d9,92ff8b22,59d18554,20260821,20260905,0
13V209,1a620b58,e3b934a7,00f073c9,20260821,20260905,0
13V212,c80c3646,2c9069ad,c006ceac,20260821,20260905,0
13V215,696a975d,a7ad4e65,7f281e39,20260821,20260905,0
13V330,93f938b0,13e432eb,20a3f8cb,20260821,20260905,0
13V232,f056ebbe,e272ac64,86ba0219,20260821,20260905,0
13V234,59ca3eda,a73ff45d,4128ab65,20260821,20260905,0
13T005,44c30c34,1f346aac,058f2c2f,20260821,20260905,0
13E033,45d7ad03,2201b17a,d37c2537,20260821,20260905,0
13V248,0998b27c,2c03ac6c,3db775aa,20260821,20260905,0
13V268,58d59072,6fd23bc8,4393a51d,20260821,20260905,0
13V304,ff59ebe7,56874ea1,d20cbb57,20260821,20260905,0
13V305,e69a512a,eaa29ea6,c9442e3c,20260821,20260905,0
13V307,fd803dbc,1cdcd9f0,3c74f8c8,20260821,20260905,0
13V310,c2a21591,1cdcd9f0,03368fd1,20260821,20260905,0
13V319,6d1237c5,1cdcd9f0,89c827d5,20260821,20260905,0
13V327,76709ce0,a9891506,a11a969f,20260821,20260905,0
13V329,23086235,267e5a07,65b38127,20260821,20260905,0
13V333,4aae5e8f,2bcb5712,52057910,20260821,20260905,0
13V335,5c96b8cb,ca9b7c6d,db1d52cd,20260821,20260905,0
13V391,a9b37b1b,152b2191,2d9b3af4,20260821,20260905,0
13V342,1a0a0cd3,b7928be7,b47a7231,20260821,20260905,0
13E044,c42e1211,3c2e02e3,4b114736,20260821,20260905,0
13V358,514471e2,77c40227,9d8f567c,20260821,20260905,0
13V362,13e3eed2,5f4f22fa,7e7a3c74,20260821,20260905,0
13V369,89a9972b,5f4f22fa,a20cfd1a,20260821,20260905,0
13V370,60c35d58,7f5aef03,8101bde0,20260821,20260905,0
13V375,15a8d1fa,2eafbfc6,1dfbb20c,20260821,20260905,0
13V382,7f1a187d,ff6080b3,c6d12d77,20260821,20260905,0
13V395,1531ec13,931fc9c4,c61e9289,20260821,20260905,0
13V392,415ef6f5,a764f3b4,80d0ba7a,20260821,20260905,0
13V420,46f494d0,97160c79,a0852fad,20260821,20260905,0
13V403,511b7a65,4d115626,5a9221e9,20260821,20260905,0
13V407,3311dbfb,63d1706e,ba58b7bc,20260821,20260905,0
13V413,45b2adb1,7c004366,72afa9c2,20260821,20260905,0
13V418,9668f0d7,7c004366,6a3068f8,20260821,20260905,0
13V421,d48dc446,a41226a2,b0878c41,20260821,20260905,0
13V422,25f5f7f3,7fcfe757,92f97c7c,20260821,20260905,0
13V428,1eb375f4,7c004366,10cfe5b8,20260821,20260905,0
13V430,a88cebfd,23cb20c1,0b8f5bdb,20260821,20260905,0
13V002,2647fed1,6bc72984,a18f32c1,20260821,20260905,0
13V433,3a17ae1d,7c004366,249cb8c8,20260821,20260905,0
13V436,bb7ee8ae,7c004366,c744fa59,20260821,20260905,0
13V447,8a947f9a,b1b29805,78322ee8,20260821,20260905,0
13V451,b5169f29,0ed6a692,598daf10,20260821,20260905,0
13V456,37d646f1,b47fb93d,d4f69daf,20260821,20260905,0
13V457,d8ce21f7,9480ab94,a806f07b,20260821,20260905,0
13V486,64510185,ac0426b1,729db44b,20260821,20260905,0
13V492,98ad9649,f7ed9681,5fd8ffeb,20260821,20260905,0
13V459,7c7c827a,2f72f839,a2bb8089,20260821,20260905,0
13V468,a8a32cee,864869c1,19c10069,20260821,20260905,0
13V470,d9e30982,4b345e9d,6531f942,20260821,20260905,0
13V475,d9fdb28d,44da254c,f9d2fc09,20260821,20260905,0
13V473,8a918772,7c004366,f06a2481,20260821,20260905,0
13V493,62f75014,956ed808,ff8f22ff,20260821,20260905,0
13V497,4c19002f,c98d6b59,4494abe5,20260821,20260905,0
13V474,d6f1f1e0,1f2e636a,59e331ba,20260821,20260905,0
13V477,44c11446,7c004366,aaa94854,20260821,20260905,0
13V478,f4bd4352,7c004366,ad09f1ae,20260821,20260905,0
13V485,d119e5b2,9480ab94,14aae642,20260821,20260905,0
13V487,96a73003,8174d062,8a650763,20260821,20260905,0
13V499,1d38e80a,f9c88cfc,cea64e67,20260821,20260905,0
13T009,410f4bad,4f134c65,91236edc,20260821,20260905,0
13V506,7febe69f,a3dba874,46cc704a,20260821,20260905,0
13V508,b2c3bb32,0ffd4a77,a57039ee,20260821,20260905,0
13V513,d6e9ca9c,7c004366,78ba900f,20260821,20260905,0
13V518,2abc34b8,778b28aa,f460eccb,20260821,20260905,0
13V519,b7ac1aaf,7c004366,3471c6c5,20260821,20260905,0
13V524,b244fac8,7fcfe757,56f561c8,20260821,20260905,0
13V528,f180415b,dd80d7d7,e0516cf0,20260821,20260905,0
13V539,bccc2a9b,1126a7c4,45837800,20260821,20260905,0
13V552,eaa6c013,e2997ab0,e00ea7db,20260821,20260905,0
13V536,9085fc9c,c2adc880,00ca30cd,20260821,20260905,0
13V538,81d41e0b,b6c2a9a4,e971ce7e,20260821,20260905,0
13V540,f0772519,cff5153d,3f6c6f00,20260821,20260905,0
13V542,e5be94f0,3cf1b62b,a74fecb0,20260821,20260905,0
13V547,fc057995,2157d1e0,afb72c88,20260821,20260905,0
13V561,0d603f69,797c07dd,29e720a2,20260821,20260905,0
13E061,9257d0c0,4401a04a,316d0e45,20260821,20260905,0
13V565,f0ad4819,54db1309,e414c16a,20260821,20260905,0
13V566,3e8ba217,87d65104,43d706c6,20260821,20260905,0
13T011,70d38432,a209cc5c,455dd7df,20260821,20260905,0
13V570,b9498fbd,49e9de86,c9353938,20260821,20260905,0
13V580,3ea6eb95,4401a04a,197ae447,20260821,20260905,0
13V584,4b54488c,66ec8e22,bf621016,20260821,20260905,0
13V588,40c13b80,b26cc3b9,e68c9c30,20260821,20260905,0
13V590,bc4d69c6,4401a04a,7a621897,20260821,20260905,0
13V592,4036f75d,bd30583d,9ba49c3b,20260821,20260905,0
13V595,24a4885b,3b71ad8d,09c8150e,20260821,20260905,0
13V598,5bb14da0,f9c88cfc,9d8f5692,20260821,20260905,0
13V599,c36e0882,b9c296fb,5add28fe,20260821,20260905,0
13V629,e6f3e553,b9c296fb,e2c2fa1a,20260821,20260905,0
13V601,53508e2f,4401a04a,b9a386bf,20260821,20260905,0
13E065,b77bd908,2c1e78b5,115e7b86,20260821,20260905,0
13V608,b6353ed0,7177b746,e52cb26b,20260821,20260905,0
13T012,c82fe174,c897eef1,716547f1,20260821,20260905,0
13V616,4641f163,b9c296fb,1e2c8eef,20260821,20260905,0
13V618,9cb0d896,4401a04a,ffc34a47,20260821,20260905,0
13E068,4c5531eb,95c7a0ff,c4171dbe,20260821,20260905,0
13V631,1c67cf0b,4401a04a,abbc8862,20260821,20260905,0
13V633,11fcf455,fab145e0,08788ba4,20260821,20260905,0
13V637,15d4efd7,7c004366,ff9ab635,20260821,20260905,0
13V640,0e9354be,cbe26f39,f8e34e8f,20260821,20260905,0
13V641,b3690514,f73f1ee1,eecb546b,20260821,20260905,0
13V643,94e200f8,f0b93573,1c624790,20260821,20260905,0
13V644,48d6e5f9,b9c296fb,d9ffc3eb,20260821,20260905,0
13V003,2992a0ac,b92e7791,2a88270e,20260821,20260905,0
13V645,f026b44f,1bb2f1cb,9d33fc56,20260821,20260905,0
13E072,85070b11,c68fe247,3f059c6e,20260821,20260905,0
13V650,94a6c216,4cc585a8,3f2d5bc6,20260821,20260905,0
13V184,b232e9da,58fa5f5a,56d73cc2,20260821,20260905,0
13V011,a4cf9546,52ed23e5,9803f7f2,20260821,20260905,0
13V014,7cf15d9c,297e6ff0,67d4387c,20260821,20260905,0
13V653,d6ee95e7,4e6220e1,0b207d90,20260821,20260905,0
13V005,decd2c0f,58aaf944,6f9df811,20260821,20260905,0
13V013,3087ee99,00876be0,731b1cda,20260821,20260905,0
13V023,c1066a1b,a2e3998e,2e720922,20260821,20260905,0
13V007,9ca11414,889e936f,b7ad3191,20260821,20260905,0
13V009,8c912d27,8e44ab28,44fa0f3b,20260821,20260905,0
13V028,26adf2dc,23ea4cfb,c720846a,20260821,20260905,0
13V029,8a477df5,abc8fe9c,db8b0756,20260821,20260905,0
13V030,9b79bea9,944b658a,33c72eeb,20260821,20260905,0
13V036,2bc74035,ec42d224,992c2bea,20260821,20260905,0
13V037,d3f75b3e,5381bc0b,cc241331,20260821,20260905,0
13V039,128255fc,1ec9eacf,6b50d424,20260821,20260905,0
13V042,953ee392,5f6a727e,208bef6f,20260821,20260905,0
13E008,ee3e9816,0e70777f,d8e1acaa,20260821,20260905,0
13C001,59e9cf25,67ddde24,88a6ced7,20260821,20260905,0
13V051,96e61718,dbb0f3f6,577d1820,20260821,20260905,0
13V063,3bf0a5bf,22ccc5fc,3aa6cd5e,20260821,20260905,0
13V071,df87d2a6,0a9bd850,04ca3d81,20260821,20260905,0
13V065,c59628c1,faab6e6e,188f7a60,20260821,20260905,0
13V067,c7b0afc6,8e44ab28,9efbf10c,20260821,20260905,0
13V077,8371ab71,c55f9fbe,12ff8b44,20260821,20260905,0
13V078,1645cdf9,4f002f9f,819a2406,20260821,20260905,0
13V079,08c3d242,8f49c048,363902e1,20260821,20260905,0
13V082,8b89e453,7c8e933f,8446a9c1,20260821,20260905,0
13V090,f5c849f6,d6ab4f83,e0516712,20260821,20260905,0
13V098,dacef884,d2489dca,fd0bb0db,20260821,20260905,0
13V100,4f09c7f2,91dbf04b,bfd367e1,20260821,20260905,0
13V102,1b9a5a63,ae70952a,cf4799f2,20260821,20260905,0
13V103,99d69394,7c36058f,eda8d221,20260821,20260905,0
13V107,20dab401,a6c13d74,1d22f32e,20260821,20260905,0
13E015,77de8578,b1b4461c,d744e79f,20260821,20260905,0
13V119,caa814d1,922c8c98,2a208eb2,20260821,20260905,0
13V120,a3055213,e2997ab0,ad60f321,20260821,20260905,0
13V122,dd6c993b,d71af02b,186b304d,20260821,20260905,0
13V125,095538a2,2265fad1,24e8213f,20260821,20260905,0
13V126,1efd350f,2265fad1,025dd501,20260821,20260905,0
13V138,81778c65,208aa510,4fd0b034,20260821,20260905,0
13V143,14c2f968,e87af47e,8a18e550,20260821,20260905,0
13V144,8893567e,cceec317,a5b81dbe,20260821,20260905,0
13V145,4fdb6704,208aa510,6cd6b7f9,20260821,20260905,0
13V146,bd2b6160,7eb3c2bb,17133e6e,20260821,20260905,0
13V147,05a0b5ec,0aa371d1,f4c48acd,20260821,20260905,0
13V149,70a1dc0b,a38a368b,c89c9be2,20260821,20260905,0
13V150,9312a592,29dac8d4,a90d1790,20260821,20260905,0
13V171,26b1a1e5,d77c9c67,62209069,20260821,20260905,0
13V153,aafad06e,208aa510,b6648aac,20260821,20260905,0
13E019,e9c9fe1e,b3b7f719,86fc8066,20260821,20260905,0
13V156,31012827,4537a513,f961cab1,20260821,20260905,0
13V157,719c7723,40263433,5877a5fb,20260821,20260905,0
13E021,a488f0bb,46e88ede,11aac720,20260821,20260905,0
13V162,e46d5a73,075dea54,236466b5,20260821,20260905,0
13V164,a0956e6f,075dea54,7430c4f5,20260821,20260905,0
13V169,9da9b24d,075dea54,bbe29f7e,20260821,20260905,0
13E023,8c22e642,cc228f63,5f40fddd,20260821,20260905,0
13V178,a161bbcd,2a58b630,0d7ac0af,20260821,20260905,0
13V179,57ba004b,6ad0bb69,27962911,20260821,20260905,0
13V183,39d9f5fb,0a2a0da6,78cb63a9,20260821,20260905,0
13V187,4caa4d6a,06b58c06,159ffd04,20260821,20260905,0
13V193,35314070,d576abf5,b3e7b807,20260821,20260905,0
13V194,cb75a75a,994e6d68,d863a116,20260821,20260905,0
13E024,c0629bc4,656dc7ba,d7e833f4,20260821,20260905,0
13V199,44c07de5,300898de,188a156d,20260821,20260905,0
13E025,5507993b,9a46ae6e,a9706b81,20260821,20260905,0
13V202,a620fd18,43240e11,33b3f9c2,20260821,20260905,0
13V032,25cba5d3,6608067f,72c07d3c,20260821,20260905,0
13V511,721efdbf,7c004366,853d3fb0,20260821,20260905,0
13V568,13f62f8c,0720cd9e,47af26d3,20260821,20260905,0
13V573,8228fdbe,9a936fa3,5ad53c3e,20260821,20260905,0
13V577,d0ee7a6e,4401a04a,9eaf7db4,20260821,20260905,0
13V581,f0589498,7e2b5d31,4405710f,20260821,20260905,0
13V582,64a3a1e4,8187fda8,669917c6,20260821,20260905,0
13V589,573b2c74,21902af4,30611eb5,20260821,20260905,0
13V597,4e59c60b,1a7cc145,7228b4f5,20260821,20260905,0
13V603,d0d1a58f,65f08835,e98f3c5a,20260821,20260905,0
13V607,80dab924,1d580ce0,35a58e27,20260821,20260905,0
13V611,7283ab59,f9c88cfc,7ecfe8f8,20260821,20260905,0
13V617,d2f4233c,66ec8e22,c888db57,20260821,20260905,0
13E001,49d80d48,8e44ab28,8f4770a6,20260821,20260905,0
13V619,a1540974,4401a04a,084605bf,20260821,20260905,0
13V623,24ff6787,06dfa46a,951cd1a6,20260821,20260905,0
13V625,a7d3a8b7,7c004366,4c5a2420,20260821,20260905,0
13V630,9b3d5ade,4401a04a,e4a6100c,20260821,20260905,0
13V634,40d1cf50,fab145e0,08788ba4,20260821,20260905,0
13V646,8198dc93,7c004366,27045969,20260821,20260905,0
13V648,452131df,86e7991d,02d2f0ce,20260821,20260905,0
13V651,13361d93,435b4106,b9282b66,20260821,20260905,0
13V001,9d28a45f,e56f05f7,a77821c5,20260821,20260905,0
13V006,dc314bcb,cc871512,5a4a245b,20260821,20260905,0
13V012,af4a3e1b,8695aeca,2336e951,20260821,20260905,0
13V016,f65ebf1a,3871ba5a,3624e441,20260821,20260905,0
13V019,90d1672f,4b1a3093,2afca3cb,20260821,20260905,0
13E004,bf3b6038,9feee760,0f4c924d,20260821,20260905,0
13V040,6498238b,e4b8be8a,3d0775ab,20260821,20260905,0
13V047,8bbb44e9,a43afd6b,d32768df,20260821,20260905,0
13V050,e4f35b5d,81473f9b,0b862714,20260821,20260905,0
13E009,c56c4c5c,9a46ae6e,9bf05e05,20260821,20260905,0
13V056,a94afd8f,208aa510,d5ae1dca,20260821,20260905,0
13V069,8d697597,0ab30a12,7f14b50b,20260821,20260905,0
13E013,b9194c76,d6ab4f83,77c4c8eb,20260821,20260905,0
13V076,2cc208bf,a41f6508,ee83c8d6,20260821,20260905,0
13V085,246023fe,13156fec,0a92a59d,20260821,20260905,0
13V093,d3e333c7,f7aee42c,85c05b10,20260821,20260905,0
13V101,fc10f6d8,61321a58,1b639502,20260821,20260905,0
13V105,e7de6350,fe2c5b20,bf2e71ad,20260821,20260905,0
13V109,870d2fbd,66ec8e22,002b76c0,20260821,20260905,0
13V114,47536872,2023c321,8df84dae,20260821,20260905,0
13V117,5005ec1e,02f05f6d,b11690ad,20260821,20260905,0
13V121,783e7bfc,d3348d89,ecba503c,20260821,20260905,0
13E016,e0a565b5,2fd10e36,c909a901,20260821,20260905,0
13V127,d05463ad,66322dd5,140e8037,20260821,20260905,0
13V135,11f918c1,ea0965c8,1cdcc63a,20260821,20260905,0
13V151,a8c77488,cff5153d,5b6cbc38,20260821,20260905,0
13V155,0929d7c1,40c47eea,8ffa8eaf,20260821,20260905,0
13V035,fa4f6e9e,472ec601,6074e138,20260821,20260905,0
13V262,5f6230e5,dcf3e872,d6e834ce,20260821,20260905,0
13V317,de710908,a7f8f8d7,6aa8eb60,20260821,20260905,0
13E020,3189e88f,2990392f,2263dafe,20260821,20260905,0
13V159,6d1ca10b,fc2fc415,a02de1dc,20260821,20260905,0
13V161,6ebb4190,5a3b49aa,6510963a,20260821,20260905,0
13V166,0220bebf,02dceba6,07cc6b16,20260821,20260905,0
13E022,f5f5ac19,208aa510,d091d07d,20260821,20260905,0
13V182,2bd4f7bd,acd1e75a,5705bb21,20260821,20260905,0
13V185,c49a3efe,66ec8e22,364009c3,20260821,20260905,0
13V186,b6bb2e4c,d506f002,f4755b85,20260821,20260905,0
13V189,56f559ba,5f4f22fa,98f88ae8,20260821,20260905,0
13V192,64984178,0bd860b8,8fef8014,20260821,20260905,0
13V197,476dee0f,a58ad3ae,7fd38466,20260821,20260905,0
13V201,158d0b69,0dabb8bb,039d1044,20260821,20260905,0
13V204,a035df08,95c534dc,51697efc,20260821,20260905,0
13V205,d851e8fa,208aa510,b0cf1186,20260821,20260905,0
13V211,f065dc60,ddd74e8f,cb2085b9,20260821,20260905,0
13V216,29b8777b,5fe52e2d,c486ac17,20260821,20260905,0
13V218,a6f60154,e6997ebd,fb6d030a,20260821,20260905,0
13V222,19424cbf,444302d3,5d60db00,20260821,20260905,0
13V223,e3067876,3b49c7e9,eafe11b4,20260821,20260905,0
13V226,b424fe1a,1e528377,58d940ca,20260821,20260905,0
13E029,fb61784c,9a46ae6e,00ec70e1,20260821,20260905,0
13V227,01e360f6,66ec8e22,5381a89c,20260821,20260905,0
13V231,9713d1e6,63a3251e,65f0ea7c,20260821,20260905,0
13V238,8c000f3d,e2997ab0,6ff90bcc,20260821,20260905,0
13V240,10de0d25,45d42cf7,85257367,20260821,20260905,0
13V242,c5503fe6,5948744d,50a2b0d2,20260821,20260905,0
13V247,aa3cfa9a,f5f1a297,d380c37c,20260821,20260905,0
13V252,6fb3e54d,66ec8e22,791d3ae8,20260821,20260905,0
13E034,0e314391,c5917a38,52295cdf,20260821,20260905,0
13E035,b9a84adc,67ef8732,e4c8838b,20260821,20260905,0
13V255,cecb8035,6471aa0e,83735b3b,20260821,20260905,0
13V261,6a9b1bb9,cfafc1f1,d723422f,20260821,20260905,0
13V263,09cd4221,300898de,3a9196c8,20260821,20260905,0
13V264,26cad3e9,1fb0cf1f,9ad1a6f7,20260821,20260905,0
13V269,8287234a,300898de,99437918,20260821,20260905,0
13V270,7d511a45,dabcc7a6,b552dc48,20260821,20260905,0
13V273,ed787231,5f4f22fa,5bc83e50,20260821,20260905,0
13V280,32c07f82,5f4f22fa,56320a9a,20260821,20260905,0
13V281,d8a144ce,5f4f22fa,7172d357,20260821,20260905,0
13V284,e8a026a5,c7b3c1ee,d5a38b5b,20260821,20260905,0
13E005,20d6ce9e,9f42b054,15740fd6,20260821,20260905,0
13V292,dfb04cc1,69e76d2c,0655378f,20260821,20260905,0
13V294,61716175,300898de,55e079c5,20260821,20260905,0
13V295,d2d7c743,5f4f22fa,bf164a40,20260821,20260905,0
13V296,9ab1f82e,300898de,32032c3e,20260821,20260905,0
13V297,5bef6b64,4174b339,28bee17a,20260821,20260905,0
13V308,3f5efe87,364118cb,813bc518,20260821,20260905,0
13V654,581f69ff,58546e6b,04f89255,20260821,20260905,0
13V015,1bc0f510,493514e1,ca63a2c5,20260821,20260905,0
13V020,2e29c5e8,4b1a3093,2c97b7bb,20260821,20260905,0
13V034,d0a04561,4505c1e4,93831761,20260821,20260905,0
13T001,4c0c17a5,ce91e34c,d45590bb,20260821,20260905,0
13V022,86a5dec3,3d282edc,66df2990,20260821,20260905,0
13V024,2266b231,2cdf6182,391c34d6,20260821,20260905,0
13E002,bcb88d69,81b36839,64dd770e,20260821,20260905,0
13E006,dc3b03e4,cd33f53a,b775d740,20260821,20260905,0
13V038,0b6daeb4,f653477e,44868e1c,20260821,20260905,0
13V041,f671f4b3,eed56134,cbcf4bdb,20260821,20260905,0
13E007,a4980533,9a46ae6e,918d8b7b,20260821,20260905,0
13V044,4a37002c,b364970c,fe7fc036,20260821,20260905,0
13V045,577bbf3a,87b82ff5,2bc4bd6c,20260821,20260905,0
13V046,653ace7c,1dfa426f,4c198b2a,20260821,20260905,0
13V048,17e5b851,332f0da4,9741ef8b,20260821,20260905,0
13T002,6f429e9d,f7d57a02,7dc4f889,20260821,20260905,0
13V053,e342ee3d,2c8270a1,6d3d42fa,20260821,20260905,0
13V055,60ab7a08,8fa40939,442bffdf,20260821,20260905,0
13V058,17f245d8,cd19d582,ed8bd657,20260821,20260905,0
13V059,7bf606e7,22c03149,6c89ee5a,20260821,20260905,0
13V066,d9d3b710,b63f448c,24014ea7,20260821,20260905,0
13V061,1947dbc0,70055255,55e40a79,20260821,20260905,0
13E011,938b5acb,656dc7ba,60d1cfed,20260821,20260905,0
13V064,dac99905,61477a07,7d6a2965,20260821,20260905,0
13E012,d46b4a4a,208aa510,ca797c17,20260821,20260905,0
13V134,c55c1bc4,898c1773,674c5342,20260821,20260905,0
13V073,c57c6f66,8b7887ab,4555070c,20260821,20260905,0
13V083,a660497d,300898de,0de335d1,20260821,20260905,0
13V084,929f6925,9d305312,7afe4bf6,20260821,20260905,0
13V089,12f89a06,a81715c4,d53e7bc8,20260821,20260905,0
13E014,321e23bc,af654197,33302db2,20260821,20260905,0
13V104,1095eca8,89e00a30,4846c05f,20260821,20260905,0
13V094,0057e6ad,5cdef1a2,2af0d921,20260821,20260905,0
13V095,e762a0a8,3e574931,a5ac6cae,20260821,20260905,0
13V097,5a7ddd3a,323fcbc4,346d46e7,20260821,20260905,0
13V099,fb9f2453,7691eb37,a6a4d734,20260821,20260905,0
13V106,8c58de8c,a491f62c,54b838e8,20260821,20260905,0
13V110,e8970b40,005446d3,2350b1b2,20260821,20260905,0
13V113,0fc8a8d1,2e8d6ba1,c53910b5,20260821,20260905,0
13V123,78fd4d3e,4407e86c,fe307863,20260821,20260905,0
13V124,34e5239c,d747f4f0,7039f18b,20260821,20260905,0
13V128,ec929602,e2790cd0,5b1d412f,20260821,20260905,0
13V139,4ce3d4f7,c3010514,d7864615,20260821,20260905,0
13V141,1c70ecb4,dedf583b,7182d1ce,20260821,20260905,0
13E018,afdeaa4c,efd26885,417f33cf,20260821,20260905,0
13V152,50023d8d,208aa510,b91c4ecb,20260821,20260905,0
13V158,a3acb6c5,80f55c4e,b590f12b,20260821,20260905,0
13V160,7223f8a4,34b23152,060e7b1e,20260821,20260905,0
13V165,361aa8a4,af654197,d4617035,20260821,20260905,0
13V168,56f680a0,075dea54,f306cf08,20260821,20260905,0
13V172,757f1cda,50fd8393,73d012cc,20260821,20260905,0
13V174,f39cbf3e,1749fac7,26f2c0b1,20260821,20260905,0
13V177,0f73126d,cf7aed30,bdf59d75,20260821,20260905,0
13V181,8b6fe44b,f2255778,c23f7c1e,20260821,20260905,0
13V188,3fc645f2,e3b934a7,415b7a99,20260821,20260905,0
13V191,97b09f16,e3b934a7,a383dea9,20260821,20260905,0
13V206,98f2fac9,c671f089,710f754f,20260821,20260905,0
13V213,878d557e,913fb4f2,9a1a309c,20260821,20260905,0
13V214,8a46cf1b,56b4a4cf,229d1b94,20260821,20260905,0
13V220,9f867b19,a441d840,8f5b3042,20260821,20260905,0
13E026,42c79463,656dc7ba,79c2d05d,20260821,20260905,0
13V229,97a93551,d50bfd43,5b84b591,20260821,20260905,0
13V239,a087e90f,8d85f1d2,4b8e24f1,20260821,20260905,0
13V244,a7d24271,03d41101,1f4c15ca,20260821,20260905,0
13E032,7c33d039,8bbbaa68,a2da1917,20260821,20260905,0
13V251,d385756d,cece63ba,8b1319dd,20260821,20260905,0
13V254,715174df,67ef8732,52b444ae,20260821,20260905,0
13V256,33133adf,300898de,16ebc62a,20260821,20260905,0
13V257,e25768d5,3c8b718c,b0964857,20260821,20260905,0
13V258,640445e6,9c4c40ca,75913efd,20260821,20260905,0
13V260,cedb138f,b3f683a5,981edbe2,20260821,20260905,0
13V265,482c9e41,45032ed3,e361aeae,20260821,20260905,0
13V266,91f3e08d,ad644a7b,fdf515f8,20260821,20260905,0
13V276,7e93cfd4,2d2e1c4c,61b50f5f,20260821,20260905,0
13V277,59301fe4,ba424b2e,44ce670d,20260821,20260905,0
13V278,4b58f4e9,dda40fcb,e6325585,20260821,20260905,0
13V279,2b4bd8f5,fe8671f7,d2337015,20260821,20260905,0
13V283,b3cd17fe,d303a051,b097b60a,20260821,20260905,0
13V285,40722da1,5f4f22fa,fdc334d0,20260821,20260905,0
13V286,82b2963e,5f4f22fa,858750b3,20260821,20260905,0
13V287,588fa545,21d9bb67,62437cb0,20260821,20260905,0
13V290,dcb0d778,5f4f22fa,cdebd0e9,20260821,20260905,0
13V291,957adedc,4146038a,9a069fec,20260821,20260905,0
13V301,c783df91,075dea54,d7578d1c,20260821,20260905,0
13E037,dba935b6,f82d79c7,2d3f2a1d,20260821,20260905,0
13C002,dec7c2a7,5843ff73,c8d355ab,20260821,20260905,0
13V271,5dd19384,0613c99a,ded3180c,20260821,20260905,0
13V289,40d9f3c3,f54f8955,84174377,20260821,20260905,0
13V293,f677d429,ebea6344,e095295c,20260821,20260905,0
13V298,420f4625,26113007,792bb291,20260821,20260905,0
13V303,bdd70440,9c3a97ee,d1e3d232,20260821,20260905,0
13V306,100e6a0d,5f4f22fa,93812818,20260821,20260905,0
13V311,83af1af2,5f4f22fa,15883415,20260821,20260905,0
13V314,7117daa8,a5fb57b7,669b8498,20260821,20260905,0
13V315,7f4dbea3,f6738fea,9bc53e7c,20260821,20260905,0
13E040,0627aae1,dd8685ae,3ab5bcd7,20260821,20260905,0
13V318,5c742582,61fb18c8,b2ccf635,20260821,20260905,0
13V324,aab38edd,d28c6c85,c6a9db09,20260821,20260905,0
13V326,a4eccb6a,8e53fbf3,d1a2874c,20260821,20260905,0
13V010,da12ca5c,5381bc0b,103325db,20260821,20260905,0
13V017,ebdb1104,3101d903,701f08e6,20260821,20260905,0
13V018,db31b646,8bb28a3b,1962343c,20260821,20260905,0
13V021,6f2a0f9e,62c5e950,b577250a,20260821,20260905,0
13V025,61af2573,558c985b,b625b2c6,20260821,20260905,0
13V026,5c91be58,ac663d22,b156aa80,20260821,20260905,0
13V027,1e19c3ce,ab074a1c,c7edf692,20260821,20260905,0
13E003,68c193f6,9d73b9f9,fff01799,20260821,20260905,0
13V031,e2d9d9c6,ea963ea2,7b5a905e,20260821,20260905,0
13V043,04c97a6d,9c83dad4,180f0200,20260821,20260905,0
13V054,fc745f82,9e277224,ccfda117,20260821,20260905,0
13V049,be6afb11,03e5d7d9,94b640ef,20260821,20260905,0
13E010,c86f8a06,77d418b0,2f635a21,20260821,20260905,0
13V068,4ca5fb16,d6edaa4c,b2c50155,20260821,20260905,0
13V070,1e8fc709,0a9bd850,227c2962,20260821,20260905,0
13V072,bb6e31ea,2b67630e,119f80a2,20260821,20260905,0
13V074,f2d83e77,f1d142f8,3c67304e,20260821,20260905,0
13V080,10c2fafc,6cf540d7,e3742bca,20260821,20260905,0
13V081,bb12ca9d,8e1c6502,fe5d1872,20260821,20260905,0
13V088,2518c6a8,56544441,f376c49a,20260821,20260905,0
13V091,035bbb69,30ec1e99,aeb452a7,20260821,20260905,0
13V092,484f9df5,475ffb3e,0740ad09,20260821,20260905,0
13V096,39c9df18,3e5e0aa4,00255f8f,20260821,20260905,0
13V108,d19defa4,60ff1f21,2e51b340,20260821,20260905,0
13V112,c0432f33,aca8a82a,fbdb9b3e,20260821,20260905,0
13V115,60d5f643,93825637,c5976d67,20260821,20260905,0
13V116,ef7d3118,5bcea158,56aad1db,20260821,20260905,0
13V118,b4c25057,8a684236,02a119e8,20260821,20260905,0
13T003,289e4c5f,6a2cf62c,06c52c59,20260821,20260905,0
13T004,9cff4956,ab1ec9a4,ddefda35,20260821,20260905,0
13V129,7f8a8f6a,e3b934a7,2779a91d,20260821,20260905,0
13E017,fd90a92f,feb79570,0fd35dd9,20260821,20260905,0
13V131,aaeacf3a,85641540,e95a19de,20260821,20260905,0
13V137,0f28d366,208aa510,9213a8df,20260821,20260905,0
13V140,90be329b,208aa510,603ea24c,20260821,20260905,0
13V142,219a25a6,873b6843,d30f6951,20260821,20260905,0
13V154,c909d7cf,993d79cd,1cb2f371,20260821,20260905,0
13V170,a749f502,71fc135a,05f9d825,20260821,20260905,0
13V163,20b34d18,b51572ce,bcfafa61,20260821,20260905,0
13V167,e07d96b8,208aa510,ec5a5393,20260821,20260905,0
13V173,f101fd4f,6d984249,d182d7cf,20260821,20260905,0
13V175,e184972f,8d7ed60a,644dc34d,20260821,20260905,0
13V196,bb461133,29435b9b,e3e8a733,20260821,20260905,0
13V217,2985d048,5b37dc5e,ddb816e5,20260821,20260905,0
13V176,09042cd4,211e71c8,552c3e60,20260821,20260905,0
13V180,3f069287,9288740c,e2af190f,20260821,20260905,0
13V190,7ff40d58,3249cead,82390fd1,20260821,20260905,0
13V195,ade28d20,c05028cc,9de6ccf9,20260821,20260905,0
13V198,add25668,5f4f22fa,8abbd802,20260821,20260905,0
13V200,eb706b70,2990392f,89ac342c,20260821,20260905,0
13V225,a4df748e,fc635180,a7da2622,20260821,20260905,0
13V208,bc9b08c0,5018a222,bbd674db,20260821,20260905,0
13E028,47b59bab,b459e50b,561597bc,20260821,20260905,0
13E030,b9838353,c7fd17cb,b3e25e13,20260821,20260905,0
13V221,f6bac8a0,28981795,6064c4b6,20260821,20260905,0
13V230,929ad145,2151e5af,cfa98555,20260821,20260905,0
13V233,68b5cb32,466b9d56,98167ca8,20260821,20260905,0
13V235,e73247f4,a1fe311d,ee88b4f9,20260821,20260905,0
13V236,464ec459,a37eb255,04763a97,20260821,20260905,0
13V243,6c807001,3424e112,fba8830d,20260821,20260905,0
13V237,c2bb4f3a,a6406a8f,d647013f,20260821,20260905,0
13V241,36d03b47,0a46868d,4a0533c8,20260821,20260905,0
13E031,6156eef6,c522d370,9c6d156d,20260821,20260905,0
13V245,6cabd0b8,7e97ac3c,ad09f2b6,20260821,20260905,0
13V246,8125ec6d,dddcea01,57beb7a4,20260821,20260905,0
13V249,d94c6ddf,bf1c01ac,5621f3e5,20260821,20260905,0
13V250,15ff37cb,36414b59,dd2822e9,20260821,20260905,0
13V253,90d453fb,f2136c53,c108a53f,20260821,20260905,0
13V259,37cc4aea,8fc10479,930b0853,20260821,20260905,0
13V272,1c701bd5,5f4f22fa,9c03f25a,20260821,20260905,0
13V274,43a05722,35050b30,3e519812,20260821,20260905,0
13V282,d01c8509,cb5cb478,a768e2e0,20260821,20260905,0
13E036,56693e6c,5bbfeae6,d483bcd6,20260821,20260905,0
13V288,b4cc603f,7a8a1f5b,7de568eb,20260821,20260905,0
13T006,2de5f227,68761b7c,56661968,20260821,20260905,0
13V299,3556b8e4,300898de,c97ca045,20260821,20260905,0
13V300,75871564,37e57952,e83467a7,20260821,20260905,0
13V302,95e2513c,b7654e73,13f6431d,20260821,20260905,0
13E039,c24a76a1,64eed481,2ed3efdd,20260821,20260905,0
13V322,68f61ba3,762fb4fb,c623c38f,20260821,20260905,0
13V312,13323b9d,1cdcd9f0,e37771de,20260821,20260905,0
13V316,f45fe4f9,c11df913,c1231dfd,20260821,20260905,0
13V320,8527b012,a770cedd,3bf854c1,20260821,20260905,0
13V325,2a19568c,300898de,dc997368,20260821,20260905,0
13V331,60bd52c6,2a07fdef,e3559fa4,20260821,20260905,0
13V334,9d1cf2ff,5f4f22fa,ccb7b1cc,20260821,20260905,0
13V337,cc651485,86bd2947,aee2e0d9,20260821,20260905,0
13V349,830a832b,bd479f1b,9f730343,20260821,20260905,0
13V339,ab32664c,d514de5c,6a0b81ec,20260821,20260905,0
13V352,6b4fe8b1,db778d39,797d5955,20260821,20260905,0
13V357,d768cbe0,5f4f22fa,8c51a9cd,20260821,20260905,0
13V371,debbec5a,2990392f,5200627a,20260821,20260905,0
13V361,11923ebe,f2255778,60db59e5,20260821,20260905,0
13V364,547c6f94,7d8b745d,b89ee315,20260821,20260905,0
13V378,88586779,f8f13154,35f71db4,20260821,20260905,0
13V368,73860bd1,5f4f22fa,09ada868,20260821,20260905,0
13V374,9d4e0b83,88c5fdf3,332c39b9,20260821,20260905,0
13V376,eac2e0e7,5f4f22fa,6d172029,20260821,20260905,0
13V379,d3326899,300898de,415d3adb,20260821,20260905,0
13V381,5cc844df,c07024f7,b94b1f5d,20260821,20260905,0
13E047,8fc6ff1a,998ba626,239f7dc3,20260821,20260905,0
13V398,b3a0c4a4,bc970a59,cd19ba57,20260821,20260905,0
13V383,81b2c72c,1ad5675e,36ab3606,20260821,20260905,0
13V386,057c36be,253e3ed2,ad26fc3c,20260821,20260905,0
13V425,47da33e4,b8e08d16,3a912629,20260821,20260905,0
13V399,adb3995e,7c004366,271f9044,20260821,20260905,0
13V402,500cf5d7,64eed481,f6db93e7,20260821,20260905,0
13V404,da395705,64eed481,700c41f0,20260821,20260905,0
13V408,a56a0d3b,7fcfe757,5c70131c,20260821,20260905,0
13V409,4fe5374b,7c004366,f4b6bbfa,20260821,20260905,0
13V414,79ee5558,7c004366,e15d2698,20260821,20260905,0
13V419,2356aa45,7c004366,13aa7fc5,20260821,20260905,0
13V424,6618d220,7c004366,1942c9f2,20260821,20260905,0
13V004,288a1a70,31d4ce55,973714cd,20260821,20260905,0
13V435,def7a65c,a8696c2d,42acf82b,20260821,20260905,0
13V441,c9408650,68db227d,0837d911,20260821,20260905,0
13V443,887bdafa,d78cf1b2,1d9833db,20260821,20260905,0
13V446,b4e6882d,1cb64791,96f0409e,20260821,20260905,0
13V455,b8d802a5,ef4defcf,aa177165,20260821,20260905,0
13V466,48fc5cba,7c004366,d547b487,20260821,20260905,0
13V467,cfba1266,79b81770,71cd89c9,20260821,20260905,0
13V471,b5ed07b9,4b345e9d,d0d5bb74,20260821,20260905,0
13V472,dcf8e2a9,697047cb,5cd280a5,20260821,20260905,0
13V482,2ff6f16c,7c004366,ce84ac67,20260821,20260905,0
13C003,874f14e3,9770d093,5cfb9112,20260821,20260905,0
13T008,9768d5eb,e910f3f6,1ab2e2d5,20260821,20260905,0
13V488,ca81737c,61e28f7a,fc36b948,20260821,20260905,0
13V490,e286ebed,7c004366,4265eac3,20260821,20260905,0
13V491,823c5979,0c3a3a3c,7651293c,20260821,20260905,0
13V516,89c916fa,985d0115,5e079db8,20260821,20260905,0
13V494,ab33add4,22bdb097,b0b95299,20260821,20260905,0
13V502,9acd9aa0,30299692,b5237acd,20260821,20260905,0
13V509,ae50d8a3,7c004366,d45ee886,20260821,20260905,0
13E056,2e35d95d,c848a88a,f9d14210,20260821,20260905,0
13V585,4e22a167,7c004366,ea9252a3,20260821,20260905,0
13V586,b637bb5a,f9c88cfc,bf956f88,20260821,20260905,0
13V587,4b476693,b9c296fb,c5157912,20260821,20260905,0
13V591,0ec14974,02d31f0a,70a88d2e,20260821,20260905,0
13V526,bd3238d7,b00fd19c,56c883a5,20260821,20260905,0
13V517,18cc24b2,1a65c4dc,994950dc,20260821,20260905,0
13V520,57704eb8,08a1484f,bfb1ab8a,20260821,20260905,0
13V530,60d11f08,9480ab94,a3d57702,20260821,20260905,0
13V534,b2431eeb,85df959f,efe2f7e9,20260821,20260905,0
13V544,48cdf9fa,7dee5d17,a6d237c7,20260821,20260905,0
13V550,5687ddae,66739e7d,eff93c79,20260821,20260905,0
13V578,78b8763e,f9c88cfc,52bc9954,20260821,20260905,0
13V559,a853d37c,ec41bedb,0ee46071,20260821,20260905,0
13V560,8e5258c5,3c4e0aec,130ab9ac,20260821,20260905,0
13V571,4ead494a,c8208c09,4e4efc36,20260821,20260905,0
13V575,3e4e4e44,f9c88cfc,935292e0,20260821,20260905,0
13V576,ef9d80ff,812c45ef,8b51dde1,20260821,20260905,0
13V579,cd71e6ee,4401a04a,8c13bf1e,20260821,20260905,0
13E064,a3f46792,1724f318,4204058a,20260821,20260905,0
14V238,2837ba35,442a77b9,4f1a42a8,20260821,20260905,0
14V240,77493004,d25de6f8,52f843bb,20260821,20260905,0
14V241,927b8b1e,6787b3fb,a443b32b,20260821,20260905,0
14E021,43de3cda,d8f135da,7be01c06,20260821,20260905,0
14V246,65ae5b3e,955c56d1,ff9f2658,20260821,20260905,0
14V247,3f4f353b,17ed4f1f,9163a176,20260821,20260905,0
14V250,ed78a635,4401a04a,a925f881,20260821,20260905,0
14V251,26414931,09f2db66,dd034939,20260821,20260905,0
14V371,55ff0433,dfbac96a,f0250404,20260821,20260905,0
14V245,18508441,2c149454,1e4ee9ab,20260821,20260905,0
14V254,65b7a891,712ef3c7,1a65117a,20260821,20260905,0
14V255,eeb9c0d0,442a77b9,c652bfc6,20260821,20260905,0
14V256,f3de6618,300898de,374805a2,20260821,20260905,0
14V262,3aff9623,c60ac807,0c831c53,20260821,20260905,0
14V264,6c62a580,8291386d,3f272d3b,20260821,20260905,0
14E024,f9a74c87,2665b764,de178248,20260821,20260905,0
14V267,ecfea025,c7cccd88,ef8bf395,20260821,20260905,0
14V270,594948fb,f5ded959,736c4416,20260821,20260905,0
14V272,fce3e110,73c31c09,eff54e76,20260821,20260905,0
14T005,6b855728,ee0871a1,ac407a33,20260821,20260905,0
14V280,e2701db5,149a1011,d1d7de16,20260821,20260905,0
14V286,e7578564,80f34fd9,a366937e,20260821,20260905,0
14E028,af14190a,af220052,79134e4c,20260821,20260905,0
14V293,5f1ee6c1,0bc7360a,0badc071,20260821,20260905,0
14V295,e46e3475,e3b934a7,383c29a3,20260821,20260905,0
14V296,82a27d45,2671239f,65042e56,20260821,20260905,0
14V306,182651b2,428ac685,7fe04c7f,20260821,20260905,0
14V320,17454016,428c3032,5e5f88b1,20260821,20260905,0
14V322,eb1a7986,eece902c,6f0e58ee,20260821,20260905,0
14V323,8ba75adb,4086e352,e516c77b,20260821,20260905,0
14V324,2a00d74b,8757043b,659db4d3,20260821,20260905,0
14V327,8fe47e50,dfbac96a,f875264a,20260821,20260905,0
14V336,00a41723,dfbac96a,4916369e,20260821,20260905,0
14V338,a154d766,f3c7e761,ff549ca9,20260821,20260905,0
14V339,0a0c49b1,a636ef65,476f84ed,20260821,20260905,0
14E032,60aed7b6,074bf374,653d8371,20260821,20260905,0
14V360,202cd2ee,dfbac96a,fef86755,20260821,20260905,0
14V370,0677d091,4086eb21,9faa1740,20260821,20260905,0
14E049,b71f4881,2c6eda79,0b424e6b,20260821,20260905,0
14V363,7e38fd87,e851e5e3,3d6225ba,20260821,20260905,0
14V364,144cb0f9,c5fa626d,ec632b7b,20260821,20260905,0
14V366,70f86f0e,c90875f4,a57a372f,20260821,20260905,0
14V367,630df0ad,c77cc55c,5503ba69,20260821,20260905,0
14V372,e5da6d55,ad2969b9,0af34e5f,20260821,20260905,0
14V377,eedf0985,b820ce57,a66186c8,20260821,20260905,0
14V379,1406eaed,dfbac96a,40025a2a,20260821,20260905,0
14V381,87a15c43,77e30497,3cb61ab8,20260821,20260905,0
14V382,0a905f64,dfbac96a,babdac60,20260821,20260905,0
14V384,7f186d2a,72d78969,44291b44,20260821,20260905,0
14V386,703ad940,90fc9cb7,b71d05cc,20260821,20260905,0
14V395,ea90f497,b76e1f3e,d26fddd9,20260821,20260905,0
14V400,72c38a9d,9f0587b3,869190ae,20260821,20260905,0
14V402,7c9f6792,2c1e78b5,f1746b76,20260821,20260905,0
14V408,798262b6,21cd7279,d6b2c00a,20260821,20260905,0
14V426,064abc67,a6bd1d04,ed56279f,20260821,20260905,0
14V410,c83b1ddc,611f5a77,8eda64d7,20260821,20260905,0
14V411,d0ac5822,dfbac96a,9f1981c2,20260821,20260905,0
14E035,193afe9d,a6bd1d04,adb30112,20260821,20260905,0
14V413,04d19b59,efdc9904,ec99a5ca,20260821,20260905,0
14V415,62be1b73,126dfddb,bf13e720,20260821,20260905,0
14V417,88fe3255,0c48b139,c638a03d,20260821,20260905,0
14V468,31f4f07a,4bbe6115,cde9602e,20260821,20260905,0
14V419,02b8a8b6,734ef35c,541daf09,20260821,20260905,0
14E038,be5874b5,e16d6ce3,f472f9e1,20260821,20260905,0
14V424,b46b5181,8757043b,945ad550,20260821,20260905,0
14V430,7fb04758,16422ba1,3fb8d9c6,20260821,20260905,0
14V431,912069a9,16422ba1,69fb8da0,20260821,20260905,0
14T008,2d32124c,17543d70,15b298b1,20260821,20260905,0
14V434,4f66bdef,02bdcb24,fb5b3932,20260821,20260905,0
14V437,98479379,61dbbf1b,f21de098,20260821,20260905,0
14V444,be2ae334,a6bd1d04,4ac884ca,20260821,20260905,0
14V447,2d6158ce,574b798d,2f351f19,20260821,20260905,0
14V452,12a9bfc5,c723642f,54913d6c,20260821,20260905,0
14V454,b0e04c66,4651563a,d6526d42,20260821,20260905,0
14E047,99f14eee,13e974f3,85205d55,20260821,20260905,0
14V456,4178cf79,4401a04a,eac52c15,20260821,20260905,0
14V457,d653ebcd,351cfa2c,081758e5,20260821,20260905,0
14V458,33b25fab,d5a78d15,e8f4594d,20260821,20260905,0
14E050,c2dcf18b,5565f312,ca556568,20260821,20260905,0
14V463,e0214f0a,727da591,03e984b1,20260821,20260905,0
14V466,593ad992,16422ba1,371ac639,20260821,20260905,0
14V474,ab8cc9b8,d5a78d15,6652eb65,20260821,20260905,0
14V479,db26ee51,dfbac96a,a780c119,20260821,20260905,0
14V481,b2c7e84b,af6fc111,fbca0757,20260821,20260905,0
14V483,61bf18dc,1b40123c,61fa5c47,20260821,20260905,0
14V499,c248020e,54455953,10a44731,20260821,20260905,0
14V489,8fd1ea38,23c8511f,2dee39cb,20260821,20260905,0
14V490,9054740c,b1b61a82,ca325e02,20260821,20260905,0
14V500,2291a87d,0205bded,d753574d,20260821,20260905,0
14V501,309327b8,a6bd1d04,6f23f9fe,20260821,20260905,0
14V576,1662b68c,2c1e78b5,cce6b953,20260821,20260905,0
14V509,f78ec7f1,6ac75c51,c2f3962a,20260821,20260905,0
14V512,98912ef8,f2301f49,bead5395,20260821,20260905,0
14V521,e1f97fe5,f2301f49,4acfe07f,20260821,20260905,0
14V530,8bacb9e6,f7aee42c,fea860a2,20260821,20260905,0
14V532,7d2ace61,f34990d1,ee014079,20260821,20260905,0
14V541,498ba597,f12b3f04,930709ec,20260821,20260905,0
14V542,b540b60c,3ca86a25,3b3320b2,20260821,20260905,0
14V546,c0fafb03,d5a78d15,c6652244,20260821,20260905,0
14V549,fde157ce,7c0647a2,15cad5cc,20260821,20260905,0
14V550,16beb4f5,44c84066,b3ed1ce2,20260821,20260905,0
14V554,2816ffaf,f2301f49,6f72c2f8,20260821,20260905,0
14V559,79ccaaff,486562e6,e5822b9a,20260821,20260905,0
14V098,f727c0d0,6b70161f,84a7a61f,20260821,20260905,0
14V563,a6d84729,3059a5bb,7facbfd7,20260821,20260905,0
14V564,8c246176,43ac148f,713496ec,20260821,20260905,0
14V575,2bc87a19,8b4b9001,58a9307b,20260821,20260905,0
14V578,d4b924ab,d4badc86,a0523830,20260821,20260905,0
14V583,f1e1723d,f1baa9aa,9827f698,20260821,20260905,0
14V001,3e255fe2,5a0d7148,9c849cff,20260821,20260905,0
14V584,da79bc9b,5063d6ce,4ddd871b,20260821,20260905,0
14V028,e1399642,9480ab94,dc024034,20260821,20260905,0
14V588,41475e3e,c800891d,3beceb2e,20260821,20260905,0
14V591,ac60047f,ec38f363,45338a68,20260821,20260905,0
14V605,f66ea0aa,f1b7830e,67398985,20260821,20260905,0
14V594,d42716d8,d5a78d15,01dcbeb3,20260821,20260905,0
14V596,bb7d6b87,4ff519c6,cd975306,20260821,20260905,0
14V600,89587b68,5063d6ce,1be28168,20260821,20260905,0
14V604,9b9b85b1,b53bf60a,04feaf38,20260821,20260905,0
14V608,bfc524b5,aebdc459,b79f5e02,20260821,20260905,0
14V614,df79555e,3933b0f4,43917e4d,20260821,20260905,0
14V626,ad4265be,971607e0,d6c821f4,20260821,20260905,0
14V628,36a70edc,5063d6ce,3f89fae3,20260821,20260905,0
14V006,be01c2aa,a18fdf71,51fa3788,20260821,20260905,0
14V004,4bc69b7b,79311cbe,a83bd19f,20260821,20260905,0
14V728,69f255ca,5063d6ce,51cf4a9e,20260821,20260905,0
14V011,d57ea423,28247c5c,8ea3a95a,20260821,20260905,0
14V030,d12f5a66,9480ab94,2fac00fd,20260821,20260905,0
14V718,f80eb792,1bb4689c,e8effe4b,20260821,20260905,0
14V031,74be8a42,67cc09cc,b59c5bc9,20260821,20260905,0
14C001,89d21741,dd3533c8,bf75b8f8,20260821,20260905,0
14V042,378327e2,fab145e0,22dc8b5c,20260821,20260905,0
14E014,7d93387a,b42c83a1,433546e8,20260821,20260905,0
14V044,c5214128,f094c2ad,d8cd710b,20260821,20260905,0
14V050,ba06b044,96add5fe,f8ad4835,20260821,20260905,0
14V054,dd3648b7,4a8d231e,83448071,20260821,20260905,0
14V056,672b6fc0,f0179127,d8fe51ae,20260821,20260905,0
14E003,2ff7cd2e,1e346008,045aa7be,20260821,20260905,0
14V062,106c18ac,dc391255,1314bd8d,20260821,20260905,0
14V063,8b4dd708,48ef1533,a7199999,20260821,20260905,0
14V064,f6a3ccf0,91d5a178,d6286ef6,20260821,20260905,0
14E055,2de2b1fc,c800891d,3f133947,20260821,20260905,0
14V070,aef47243,9480ab94,0e42f9e2,20260821,20260905,0
14V071,9c00d22c,dfcefc02,83857ad4,20260821,20260905,0
14V093,982ff36a,8ce4cff9,d67f736a,20260821,20260905,0
14V107,2bd9f502,e2b488d7,8e022260,20260821,20260905,0
14V134,f8203522,6b70161f,8612d61f,20260821,20260905,0
14V141,4791e8e3,2bb86e4c,6626b277,20260821,20260905,0
14V142,f593ea4a,465b9451,b091c16e,20260821,20260905,0
14V145,5bab8235,7a09abbc,68680187,20260821,20260905,0
14V148,a97fae19,d6a5bc61,abfa2165,20260821,20260905,0
14E009,48c496e9,16422ba1,13cc996c,20260821,20260905,0
14E010,b42e1f27,300898de,295ec706,20260821,20260905,0
14V035,6b79021a,9480ab94,dcdab918,20260821,20260905,0
14V040,0a11b2ff,dd12da46,7a376de0,20260821,20260905,0
14V047,310160eb,9f0587b3,a682b134,20260821,20260905,0
14V049,beacf7c1,b72e03f0,fefd1e67,20260821,20260905,0
14V048,bf40a688,08a1484f,eb30005f,20260821,20260905,0
14V051,ab83a0fa,2aab815f,123fd1db,20260821,20260905,0
14V052,0c23f45b,b0681241,ca28cff0,20260821,20260905,0
14V068,655005f6,91d5a178,b055d7dc,20260821,20260905,0
14V073,169e5ede,9480ab94,525644d1,20260821,20260905,0
14V075,d906fefd,3dad8d0f,25a70caf,20260821,20260905,0
14V085,809e7b98,442a77b9,0b75b21a,20260821,20260905,0
14V086,c621be89,442a77b9,b9a082cf,20260821,20260905,0
14V088,0609d6b2,ab91cb18,493bcdf1,20260821,20260905,0
14V087,205ee933,442a77b9,22342931,20260821,20260905,0
14V089,4631fec4,1144e7c3,84975da5,20260821,20260905,0
14E006,433e5532,deb4f5b7,2de3219a,20260821,20260905,0
14E007,c8d70abb,9d3fc5d5,51c100e6,20260821,20260905,0
14V111,05ab90ca,e3b934a7,489c293b,20260821,20260905,0
14V114,0012d5b4,68f7b54f,36f3f00f,20260821,20260905,0
14V115,f38d1f0f,4e79d9b6,132f6652,20260821,20260905,0
14V120,2d985e36,d863006e,1dccd3d5,20260821,20260905,0
14V124,d4347134,442a77b9,be7b9671,20260821,20260905,0
14V125,8788e37a,fdc14c1e,b271d5ca,20260821,20260905,0
14V127,8110eaca,6b70161f,c1638e9e,20260821,20260905,0
14V207,c9ef3d62,dc326c23,6183af80,20260821,20260905,0
14V128,098f131b,6b70161f,c538a0eb,20260821,20260905,0
14V135,e034c0a3,fedd6812,77af93fe,20260821,20260905,0
14V130,180e1fc0,442a77b9,650390cb,20260821,20260905,0
14V131,50e8d061,442a77b9,99e0d5c1,20260821,20260905,0
14V132,ff91fbe8,442a77b9,cbd5a55c,20260821,20260905,0
14V139,b5d0886d,442a77b9,8dbba3b7,20260821,20260905,0
14V149,193ea991,7fcfe757,66283672,20260821,20260905,0
14V150,b598fd3b,4401a04a,98aedbc6,20260821,20260905,0
14V152,d134b4f9,a50b0f9c,42092ff5,20260821,20260905,0
14V155,80a0c976,0c6f89cb,d83f8c44,20260821,20260905,0
14C002,f746a2fe,b1f32960,52f9a331,20260821,20260905,0
14V164,c884a5e1,fd00d215,0a4a08bc,20260821,20260905,0
14V193,9fdf9e21,b15d7ba6,ad312955,20260821,20260905,0
14V165,31277cbd,6fa79a2a,38d03c13,20260821,20260905,0
14V166,b311c6ee,091331e2,005923e3,20260821,20260905,0
14V170,5e5d0e1e,6006830a,d2d5a2bb,20260821,20260905,0
14V176,2c73cbd4,d6431b3e,08185f9e,20260821,20260905,0
14V182,69757b75,440ea491,de5dcc7f,20260821,20260905,0
14V188,7c12deb3,3264beab,191170fc,20260821,20260905,0
14V189,518a2777,00ade96a,4e4a8c1b,20260821,20260905,0
14V194,2ab711c8,a57d6a74,abda54b3,20260821,20260905,0
14V203,7c31abd5,af8076bc,d3acb586,20260821,20260905,0
14V195,28852ac4,00996569,c2685ecd,20260821,20260905,0
14V197,70141ba1,845c7b61,c62530e6,20260821,20260905,0
14V198,45f6b99f,e6bee4e6,48925e6f,20260821,20260905,0
14V211,d70ea712,3b0527ee,626966d8,20260821,20260905,0
14V212,9f2c104e,510b7559,8e9f74d0,20260821,20260905,0
14T003,15f2304b,df23bc8c,848fa76f,20260821,20260905,0
14E019,da13dae9,eb1b9cf9,98b163fd,20260821,20260905,0
14V228,4e564ca7,300898de,452d0b35,20260821,20260905,0
14V230,aea9872b,4401a04a,020ca401,20260821,20260905,0
14V233,b834fdcb,b457ff1b,6b94e2e7,20260821,20260905,0
14V235,2786cb32,8a419cfc,9619ec23,20260821,20260905,0
14V159,944899cd,bca5cda8,18724f82,20260821,20260905,0
14V168,bf79afc3,c8aabd9b,c2d27bd0,20260821,20260905,0
14V178,2d2ad8c7,84c10ff7,a0b94cb3,20260821,20260905,0
14E065,2e74445f,a0a274c3,a8811d9b,20260821,20260905,0
14V283,ed4ac84d,40b4decf,e953c524,20260821,20260905,0
14V288,45270715,00ffd3e7,4ef880e5,20260821,20260905,0
14V291,e6acb78b,4e0b87c8,82962094,20260821,20260905,0
14V292,b76ddc8a,0ec2bf7d,47ad2004,20260821,20260905,0
14V294,7ccb187b,e5d0e3c2,d4d5b8e3,20260821,20260905,0
14V299,1c0026ba,0a043dcc,7460ad7b,20260821,20260905,0
14V297,454dabf2,a6bd1d04,848285b4,20260821,20260905,0
14V301,02e40284,78c0c14d,9469e99e,20260821,20260905,0
14V307,ad3314cf,dfbac96a,f812256a,20260821,20260905,0
14V305,05bcbc11,eaeff1d7,411ee6d2,20260821,20260905,0
14V308,e9a12964,43d33ea4,662d2527,20260821,20260905,0
14V309,e628720f,428ac685,7fe04c7f,20260821,20260905,0
14V315,6e0f5161,af94bc10,c8e323a4,20260821,20260905,0
14V318,9ff6e86b,a20f0593,4ea4bdf4,20260821,20260905,0
14V461,22bf1413,232986a7,93817a4e,20260821,20260905,0
14V319,f1af6ad5,cdaa4b37,a14075e7,20260821,20260905,0
14V321,65def75e,7cdba12f,79e12ff7,20260821,20260905,0
14E030,7f5ea483,fdcbef80,7074af19,20260821,20260905,0
14V331,b0f36a7a,16422ba1,a884a62a,20260821,20260905,0
14V333,57dd768f,4401a04a,1ce97d92,20260821,20260905,0
14V352,94ee2fe8,dfbac96a,3b68368d,20260821,20260905,0
14V398,e8bfc65b,1899eacd,9550f268,20260821,20260905,0
14V353,7a4ca725,0b38c013,1cbdc193,20260821,20260905,0
14V356,504445dc,81462d44,8c429941,20260821,20260905,0
14V173,68aa1ad2,6c3d8acd,8985a6d1,20260821,20260905,0
14V183,f4e906b5,442a77b9,38b52cbd,20260821,20260905,0
14V190,6ccf5e45,47ff3f61,caeaf54f,20260821,20260905,0
14E016,73e4bcbf,dfbac96a,b6302aa0,20260821,20260905,0
14V191,7f48a57a,2c1e78b5,d7bd204b,20260821,20260905,0
14V192,4bf942f6,a56fbee3,998b1b97,20260821,20260905,0
14V196,98f5b84f,6b70161f,3f953585,20260821,20260905,0
14V204,5a7b4f17,c461d511,374a9b16,20260821,20260905,0
14V213,5ca044b1,69f100bf,668979d0,20260821,20260905,0
14V226,ff8bc581,300898de,2befa32b,20260821,20260905,0
14V210,e3d867a6,b5fe6884,488c31de,20260821,20260905,0
14V221,c64a52a1,9469cffd,17021111,20260821,20260905,0
14T002,7d3e5a5f,90b2261e,21dae429,20260821,20260905,0
14V214,3f79ec39,6b70161f,0a9aa6e9,20260821,20260905,0
14V215,440ec2a7,442a77b9,69caeeb3,20260821,20260905,0
14V218,6c625f58,2f4f1b24,66e14677,20260821,20260905,0
14V224,3f54df67,dae33e1d,5436ca66,20260821,20260905,0
14E020,036de47b,48543460,40efb4e5,20260821,20260905,0
14V287,2e1a953f,587d6867,ac4b7740,20260821,20260905,0
14V269,dcd1d97a,300898de,57a81fc2,20260821,20260905,0
14V231,875dd3de,7fcfe757,41f1294f,20260821,20260905,0
14V232,982834d8,300898de,195edac7,20260821,20260905,0
14V239,553ab2ff,d37da11f,126f5905,20260821,20260905,0
14V249,73c08b30,4401a04a,c909df28,20260821,20260905,0
14E025,bc9a1c82,2e43d2e0,9c4f3c14,20260821,20260905,0
14E026,089cec33,24f7f51a,e201eb96,20260821,20260905,0
14V275,7aa8283a,88b7f03e,77a7543e,20260821,20260905,0
14V273,8a1609b5,1f66d4ca,01652309,20260821,20260905,0
14V282,9f2e0137,577d9553,39bb3235,20260821,20260905,0
14V302,3ecd891e,4401a04a,4213ad75,20260821,20260905,0
14V310,cd2f8c09,93825637,af5544f9,20260821,20260905,0
14V325,b0c33357,94c1bac1,8838bb63,20260821,20260905,0
14V326,8169437d,dfbac96a,db76bef8,20260821,20260905,0
14V330,da6892e7,16422ba1,bb9852ca,20260821,20260905,0
14V337,2d8bfcbd,a6bd1d04,346bcca2,20260821,20260905,0
14V335,cfdefc6c,e69f3eda,829a2c55,20260821,20260905,0
14V341,bd38e85d,3d3c0f2c,7c9ac1ba,20260821,20260905,0
14V342,1d0d67c4,234088f7,a62e8596,20260821,20260905,0
14V346,81de6bcc,051f1b93,54391c3e,20260821,20260905,0
14V357,0c71de36,89c9fa24,b52cfab6,20260821,20260905,0
14V369,0abd0e35,9974d5fc,cc0b949f,20260821,20260905,0
14V376,66a60cdb,dfbac96a,54eed077,20260821,20260905,0
14C004,578f2fe2,dd3533c8,5c5b6550,20260821,20260905,0
14V387,ca7d505d,79456de6,e356bfe2,20260821,20260905,0
14V397,2c179c13,aff3d486,e3805ac4,20260821,20260905,0
14V401,5234cc06,faab6e6e,30db93a4,20260821,20260905,0
14V403,04febf75,bb183883,3aaa6756,20260821,20260905,0
14V405,576914eb,d7d4c8d4,49f356a6,20260821,20260905,0
14V409,78c6a26e,a128f50c,4a6782e4,20260821,20260905,0
14V418,b4729aa6,47522a38,0d24220b,20260821,20260905,0
14E036,f5f92dc6,0ed0bed9,013a9682,20260821,20260905,0
14V429,9a7b5ea5,6cf21f1d,73b2bbd0,20260821,20260905,0
14E041,1f3a760f,5063d6ce,7fad1cdf,20260821,20260905,0
14V433,9fd30883,79fb6c91,8c6905c6,20260821,20260905,0
14V435,e7079de0,6b932d66,af2aa49b,20260821,20260905,0
14V439,e61f596a,cc8f77af,bfbe829d,20260821,20260905,0
14V440,f2ff733d,b6a8b5d6,65cc3361,20260821,20260905,0
14V441,e3cbbad2,f7aee42c,5700a8fc,20260821,20260905,0
14V442,9037426b,2009a0e9,78ed1b28,20260821,20260905,0
14V443,e6c3dade,a6bd1d04,4ac884ca,20260821,20260905,0
14V446,7e1f7b9f,c3306c26,d2afd3d0,20260821,20260905,0
14V459,66649e85,a201ab79,3367f5de,20260821,20260905,0
14V464,3dc50706,68f7b54f,2f7e1b04,20260821,20260905,0
14E052,eb49b097,e9d644ff,fe1edea3,20260821,20260905,0
14V486,212ef985,f2301f49,b83c9fb3,20260821,20260905,0
14V491,82fcf867,dfbac96a,21ec62d7,20260821,20260905,0
14V492,a1f52915,d5a78d15,d047bc7e,20260821,20260905,0
14V496,9f3fc3ea,dfbac96a,24bc3b5d,20260821,20260905,0
14V508,954a5ae3,2ff94e5e,188fa6e3,20260821,20260905,0
14E056,ce77761f,1f424116,d7ece788,20260821,20260905,0
14V519,89fbb33d,f2301f49,f0e43a87,20260821,20260905,0
14E058,60f19c4d,4086e352,a3c2a23e,20260821,20260905,0
14V522,059626a4,60b6060c,dadab153,20260821,20260905,0
14V553,1687c7c6,dce1bd8d,a7f87116,20260821,20260905,0
14V527,1ab875b7,7c16df52,bdd49276,20260821,20260905,0
14V538,52375747,d5a78d15,923fc44f,20260821,20260905,0
14V557,07c34480,62299e41,0f88ff9d,20260821,20260905,0
14V560,79e02e5d,80b7c951,2149d111,20260821,20260905,0
14V562,58668b83,e682b521,5a35fe4b,20260821,20260905,0
14V565,c3e43501,f1c38c35,fe56ed46,20260821,20260905,0
14V567,caad265c,61ca44c5,e7577900,20260821,20260905,0
14V570,ce73f1ae,cef17fa7,7782bfb7,20260821,20260905,0
14E063,f9abd17b,88880e3c,e00e68ba,20260821,20260905,0
14V581,02bac048,36385d51,cdd8ab11,20260821,20260905,0
14V586,ad18cf88,5063d6ce,66247336,20260821,20260905,0
14V587,d660ce98,733e8a59,50011ca7,20260821,20260905,0
14V590,519e1455,323b5248,c60a4c3a,20260821,20260905,0
14V593,f4fee56e,87ad3ce0,147ad64e,20260821,20260905,0
14V602,070677ed,0566941f,dfa5f74b,20260821,20260905,0
14V607,ec4ebe10,5063d6ce,050cf2c8,20260821,20260905,0
14V620,7ba52af8,d61f1fa3,d743ae3a,20260821,20260905,0
14V611,016ef6ab,5063d6ce,dc46b83a,20260821,20260905,0
14V616,f758c206,d4ec4a0b,e1cee9d0,20260821,20260905,0
14V621,db7c8dc7,5063d6ce,b6cb85fa,20260821,20260905,0
14V629,ee391a93,9b8e315c,986180fa,20260821,20260905,0
14V622,56952a7c,5063d6ce,75f92354,20260821,20260905,0
14V623,1ddd22de,133e0c22,c0bac5f7,20260821,20260905,0
14V664,042f14a9,dedb71ee,4f815188,20260821,20260905,0
14V635,bbf42bde,291d0425,fc4c2b3b,20260821,20260905,0
14V637,3d6fef27,5063d6ce,c6cbe9a1,20260821,20260905,0
14V648,05cffbf4,7638700a,d0889a25,20260821,20260905,0
14V650,937a5b0d,c1778c6d,5d3b3363,20260821,20260905,0
14V651,2c4ad987,5063d6ce,74adc924,20260821,20260905,0
14V652,4257be68,ea8b3c9d,3115bf58,20260821,20260905,0
14C006,97f71b5c,282a084e,5ea850bb,20260821,20260905,0
14V659,b4ac1828,601f9315,8647747b,20260821,20260905,0
14V668,598a8edd,ddf737df,15a76ecb,20260821,20260905,0
14E070,fca7c8ef,6bf690ed,e2f64c0e,20260821,20260905,0
14V677,bcaac7a5,25cc0668,7adfd871,20260821,20260905,0
14V680,4697830d,1eb91ed4,f8850702,20260821,20260905,0
14V681,3b5a049e,726789f0,99324491,20260821,20260905,0
14V684,8c46b1e3,140e79c2,de6398ff,20260821,20260905,0
14V682,9239032d,2c1e78b5,d6ce868e,20260821,20260905,0
14E071,50b68aa0,89a99d80,4d89aabe,20260821,20260905,0
14V690,edc0257b,ecd33e77,cca7ff41,20260821,20260905,0
14V692,80b8ff33,5063d6ce,32dbe11f,20260821,20260905,0
14V696,3cb888f6,83c0c3b0,64147981,20260821,20260905,0
14V711,5c68f448,c531a97e,7f536441,20260821,20260905,0
14V713,1eae4b75,20f4877c,7a70a2da,20260821,20260905,0
14V714,4926f88b,93b6ac1e,050800f1,20260821,20260905,0
14V717,d191b021,5b2e6c0a,081fa2cb,20260821,20260905,0
14V725,a511a269,ab6cb5b8,eb702423,20260821,20260905,0
14V782,1b07e740,4ea85ca7,6f3274ff,20260821,20260905,0
14V729,67474d99,5063d6ce,ef11682c,20260821,20260905,0
14E076,f2f85aba,50a2d265,0f9fc8b6,20260821,20260905,0
14E077,e7efe63a,d1b77fdc,21dc0d26,20260821,20260905,0
14T016,29860982,78bd1752,6670d50d,20260821,20260905,0
14V744,72a26708,0a590b61,3415de5c,20260821,20260905,0
14V747,dde1b38b,6bf690ed,ee268576,20260821,20260905,0
14V748,5c7cf015,561e850a,4becfa8e,20260821,20260905,0
14V756,b6976be4,ae65624f,ebab19ac,20260821,20260905,0
14V683,d6397ce4,2318ba0f,d4ca4834,20260821,20260905,0
14V760,8b732dbd,cf93ce49,6832dd47,20260821,20260905,0
14V761,d33f5c15,3efb0dfd,6830e11a,20260821,20260905,0
14V762,32a46ae0,e4d1d263,2e23f3d8,20260821,20260905,0
14V763,98293c5d,0b38c013,4b0912f5,20260821,20260905,0
14V776,5167a438,7c004366,49d69c4d,20260821,20260905,0
14V764,4919b7aa,e4d1d263,15b806ac,20260821,20260905,0
14V775,44287ad4,7bc2c209,89a4d1f3,20260821,20260905,0
14V777,fcd23dd5,a980e733,abb0c160,20260821,20260905,0
14E083,bea68143,06ca68ab,1ac903dd,20260821,20260905,0
14V787,9074b173,0b38c013,adb25680,20260821,20260905,0
14V793,cfd8c330,35a120af,1d53307f,20260821,20260905,0
14V795,68245f19,b6973a1d,b91d5b63,20260821,20260905,0
14V797,039e82b2,b0434dad,80b09f37,20260821,20260905,0
14V094,3d992d2a,8dffeec0,82a39878,20260821,20260905,0
14V801,225944e3,f2301f49,a7a01987,20260821,20260905,0
14V803,24b6c1ee,1569390f,74e4202c,20260821,20260905,0
14V807,ccdb519f,ef795346,bae66b25,20260821,20260905,0
14V811,f7332d3c,84b16588,7a574ee3,20260821,20260905,0
14V813,6bcf2e31,834db408,5c1bcf7d,20260821,20260905,0
14V816,aeeccbe3,45af3ab6,77789a54,20260821,20260905,0
14V821,464891dc,62f33041,f6fd7045,20260821,20260905,0
14V825,28b7658f,5063d6ce,cfe86058,20260821,20260905,0
14V826,b9b17861,8b4b9001,2b6252f0,20260821,20260905,0
14V092,f2a8828c,3249d71e,1dbd1b50,20260821,20260905,0
14V095,4b65e41e,a9621d69,847bbd9d,20260821,20260905,0
14E005,8a740a9c,998ba626,0808863c,20260821,20260905,0
14V096,9da78a14,dea41a05,2a018bfc,20260821,20260905,0
14V097,d05a2ddd,f3cf2038,34392216,20260821,20260905,0
14V100,52039dc9,f29338b8,54c6bdd4,20260821,20260905,0
14V101,31b873e4,d9be4fc6,328ca1ae,20260821,20260905,0
14V103,d173f61b,8d04e9d9,314239ee,20260821,20260905,0
14V104,56013b56,68f4a1a1,15d48b52,20260821,20260905,0
14V106,8126b537,442a77b9,1aef75c4,20260821,20260905,0
14V109,3d3d86ff,bd63ecbf,c26a09ad,20260821,20260905,0
14V110,0a05d31e,d3c5d8bc,9693ab58,20260821,20260905,0
14V112,150c33eb,097ad2dd,c56e3b02,20260821,20260905,0
14V121,228be93e,7979a57d,f079f25a,20260821,20260905,0
14V116,28e08fdb,a6075a4b,d778177f,20260821,20260905,0
14V117,ca86c280,f92c4d96,144e6053,20260821,20260905,0
14V025,a4a459fc,3b256451,5a3184d9,20260821,20260905,0
14V065,093fdba6,fcf935ae,425c6b67,20260821,20260905,0
14E001,d35d035b,35443064,fdf17da9,20260821,20260905,0
14V008,f4f70b0b,6d04ed1d,7b4d3ca3,20260821,20260905,0
14V012,d82bdfdd,2a642d91,55df4dfe,20260821,20260905,0
14V013,03ecdb4f,4401a04a,2cb2f432,20260821,20260905,0
14V015,ee94a93d,2dcf90a5,b2f7cb0c,20260821,20260905,0
14V019,670ed007,79311cbe,391d00b7,20260821,20260905,0
14V021,cfa0ef56,b3810587,47aa9e8e,20260821,20260905,0
14V023,b367c40a,2cc2d9f1,f2b0a9a7,20260821,20260905,0
14V026,7cfa0c57,fab145e0,687b6162,20260821,20260905,0
14V033,4414ac87,46b22ed5,9edb267b,20260821,20260905,0
14V037,527270b6,9480ab94,ea4cd8e8,20260821,20260905,0
14V039,6ec69424,b9c296fb,81778e48,20260821,20260905,0
14V053,4eb9a728,6d36b5ea,ef978ff7,20260821,20260905,0
14V057,498862d7,7fcfe757,5ba3e71f,20260821,20260905,0
14V072,41716a3f,b9c296fb,962f86c8,20260821,20260905,0
14V078,e2e5cf40,2310576a,6694dbe8,20260821,20260905,0
14V084,8259231d,38ebf55b,be0510c9,20260821,20260905,0
14V079,920a5b7d,8c1ed5d8,a4c8b998,20260821,20260905,0
14V102,c00dfefd,7fcfe757,e0dd6df3,20260821,20260905,0
14V090,be85f490,721485d3,e0d669fb,20260821,20260905,0
14V108,ec8d6b6e,442a77b9,451e6073,20260821,20260905,0
14V138,f6a28c69,a51b0b0d,3be9174d,20260821,20260905,0
14V113,7ac65ba5,236c85bd,61dfbbda,20260821,20260905,0
14V122,e2a22883,6017f457,b05afa3c,20260821,20260905,0
14V123,a196f442,45f5761f,47f7380d,20260821,20260905,0
14V133,ae40e7b9,91202f72,6f6eff02,20260821,20260905,0
14V140,d2d32d41,25792623,cf0ceb27,20260821,20260905,0
14V143,2562e896,429ca295,9d4eecc7,20260821,20260905,0
14V146,7a763888,00ffd3e7,771e2604,20260821,20260905,0
14V151,8e27c254,91ffb1ee,dcff0629,20260821,20260905,0
14V154,e428497a,4cab8408,aea59fc7,20260821,20260905,0
14V153,b203654c,577d9553,602fbc08,20260821,20260905,0
14V157,8333201e,851a60db,21ec3228,20260821,20260905,0
14V158,7fe26cfe,3bcc5661,9e179ed7,20260821,20260905,0
14V172,fdfd959a,d4bf30ab,e4c63f06,20260821,20260905,0
14V161,54385e2f,ac4423b7,500fbf59,20260821,20260905,0
14V171,2242e0b9,b1b61a82,d2ef75ac,20260821,20260905,0
14V174,57788d4c,6fa79a2a,2f8f9b0d,20260821,20260905,0
14V177,fd43d1bd,42bbe292,065dcc20,20260821,20260905,0
14V179,568c96a8,4261641c,3c3c3e35,20260821,20260905,0
14V180,e0c7a2a1,8e115a01,97e53178,20260821,20260905,0
14V187,e1c81d3c,180ed5a0,1ba37c0d,20260821,20260905,0
14V209,4fd2b52a,08a1484f,68aee6d1,20260821,20260905,0
14V248,f83dca3f,e7492777,e485f3f5,20260821,20260905,0
14V271,b6b7837a,4b1661db,07f6bc64,20260821,20260905,0
14V289,ad7f8f86,c11a076c,71912d00,20260821,20260905,0
14V185,c5dbdd6a,9fa8115e,cbaaec49,20260821,20260905,0
14V202,74c9e109,f7048d30,7b9f4f8f,20260821,20260905,0
14E017,248beb81,15b849b2,4aa6ba40,20260821,20260905,0
14V206,edf5bc64,db4e243d,a6979ea3,20260821,20260905,0
14E018,440b5a66,1e412503,bf9783e6,20260821,20260905,0
14V216,366091f5,845c7b61,c6a6af8f,20260821,20260905,0
14V223,2f51169b,1ac99e12,f0adc9a0,20260821,20260905,0
14V227,6933a02d,5fe06773,776061f7,20260821,20260905,0
14V229,9e4db07e,d1192429,0bade8fd,20260821,20260905,0
14V257,28bd28f3,300898de,34e6e186,20260821,20260905,0
14V258,cd8c57ac,b74a6115,7e84494f,20260821,20260905,0
14V259,cb2eac04,c723c91e,9d7e00f7,20260821,20260905,0
14V261,ce623527,e851e5e3,51539f45,20260821,20260905,0
14V263,8047b496,16d10fc7,4addde57,20260821,20260905,0
14V265,c2dfe7b3,f6179c8a,c8504eaa,20260821,20260905,0
14T013,069d65da,61e92fb4,fbb741e4,20260821,20260905,0
14V276,e2e838da,9480ab94,60f28711,20260821,20260905,0
14V137,5ffa8e71,442a77b9,2fdda57a,20260821,20260905,0
14V144,75db4bbb,7b709323,45863b12,20260821,20260905,0
14V156,e610c414,00ffd3e7,4be6cfe0,20260821,20260905,0
14C003,ca3b0a77,b1f32960,463df735,20260821,20260905,0
14E011,09a8278b,0f5ea1d7,051bc1c9,20260821,20260905,0
14E012,4d3c6fb1,cc9476c6,5d9e902d,20260821,20260905,0
14V237,63347323,21360669,9666970b,20260821,20260905,0
14V118,20d79b18,bd40673e,a28f99b9,20260821,20260905,0
14V119,0e9b34eb,a8cde606,38021701,20260821,20260905,0
14V129,b90914f2,001af4c9,1b5ae464,20260821,20260905,0
14V136,7bb4f4a7,6b70161f,cc21ef01,20260821,20260905,0
14V373,b53b2924,ee05c724,6abb8eba,20260821,20260905,0
14V385,0bf24292,ab3a8d97,7df3583d,20260821,20260905,0
14V375,75a368e3,d68211bd,b5131672,20260821,20260905,0
14E033,b8cfe084,b4919cc3,2ab9223d,20260821,20260905,0
14V389,c5f43940,a02eaef6,af5e7148,20260821,20260905,0
14V428,a5fc4da7,e08e3341,6369b688,20260821,20260905,0
14V392,fa3c453f,036aa3ec,ec21d1cd,20260821,20260905,0
14V394,61fe764e,9f0587b3,5937adb8,20260821,20260905,0
14V404,d1d4cd35,2c03ac6c,c83f52c1,20260821,20260905,0
14V406,b3bf9659,fbbb60d1,af58e11b,20260821,20260905,0
14V416,1f99bdce,8ee56be9,f5613cc7,20260821,20260905,0
14E037,f6b8fe28,55dc905e,9251d545,20260821,20260905,0
14V422,f34511d3,9eb039e5,ed95b7a8,20260821,20260905,0
14V423,45246fb8,4401a04a,9e072f6a,20260821,20260905,0
14E040,4b5f7e44,64d5f030,3c2ec229,20260821,20260905,0
14V355,70264db3,0be6e077,c791e896,20260821,20260905,0
14V693,2d0630b4,1e412503,557af967,20260821,20260905,0
14V358,a7203342,f99f628e,74eb0e9b,20260821,20260905,0
14V359,b3c9a066,a6ce9ea2,7484c7a3,20260821,20260905,0
14V365,9a088846,d1c58950,df2367a0,20260821,20260905,0
14V537,9f23626e,1cc49b9d,f89791c8,20260821,20260905,0
14E042,e4269a9f,b846333f,c6294463,20260821,20260905,0
14V436,d8c8122f,b21d0f50,ab6cd89a,20260821,20260905,0
14V467,094e5a44,8254e37b,34d3f91c,20260821,20260905,0
14V438,13e9d6e5,ee05c724,33d82c2d,20260821,20260905,0
14V445,27a3e26b,442a77b9,3bc24898,20260821,20260905,0
14V448,ec1fd6eb,d5a78d15,9242bfd9,20260821,20260905,0
14V451,9d0eef48,d4c49c4f,185c7838,20260821,20260905,0
14E048,1674d64b,62f33041,5e450eb2,20260821,20260905,0
14V469,ead2770a,442a77b9,5594156b,20260821,20260905,0
14V470,1bd461db,683d28e5,c3ec8004,20260821,20260905,0
14V473,75d829f1,70c98fc3,174e23c1,20260821,20260905,0
14V475,1398824c,e4d2dc22,85f415f0,20260821,20260905,0
14V480,c3cd71e7,373b530f,692984b4,20260821,20260905,0
14V485,fc39aa80,a387ba5c,82b00d3d,20260821,20260905,0
14V476,5e592cc5,c87bb0aa,538cd25c,20260821,20260905,0
14V488,063261e7,a45c62f5,d0890c06,20260821,20260905,0
14V494,4fc1110a,dfbac96a,f4836765,20260821,20260905,0
14V495,199d8b6a,d1bdb391,d71291eb,20260821,20260905,0
14T010,4d5af7d3,12312251,12bdc3a5,20260821,20260905,0
14E053,2a0a5253,2f8064e3,7a06ddc8,20260821,20260905,0
14V498,08dae6fa,dfbac96a,e3ce5031,20260821,20260905,0
14V502,39178ef7,50357d3b,452d7591,20260821,20260905,0
14V503,564debbf,9480ab94,cc38f16f,20260821,20260905,0
14V504,18158130,d5a78d15,1e09632f,20260821,20260905,0
14V569,1bda02b7,f8db9d67,1264d7ed,20260821,20260905,0
14V507,f2d34297,dfbac96a,2b3538f1,20260821,20260905,0
14V511,4748d061,5063d6ce,cf3ed547,20260821,20260905,0
14V552,20bd7f44,64c86e63,f9b67271,20260821,20260905,0
14V601,73638d7b,ec347ccf,52bda18b,20260821,20260905,0
14V513,40503a3f,f161a522,c32d0f1c,20260821,20260905,0
14V516,f5de2016,bcec3e14,14a26fb5,20260821,20260905,0
14V517,77efbf76,21541bfc,ff089fb4,20260821,20260905,0
14V518,4144bba7,90300bdb,77a19fac,20260821,20260905,0
14E059,c5001805,83b5cb99,a306c5f8,20260821,20260905,0
14V523,72ea27ec,1cda0be7,b14b026c,20260821,20260905,0
14V524,8c6b692b,f2301f49,0f04c6c8,20260821,20260905,0
14V526,db229264,64c86e63,26f70eca,20260821,20260905,0
14V528,63966fb7,9ca67721,5e1e7f06,20260821,20260905,0
14V529,69a2584e,422a31ea,0fae3cd9,20260821,20260905,0
14V534,2124abbe,5cd66a9f,a68474e7,20260821,20260905,0
14V536,4f1c7664,179eb07a,be4a02f1,20260821,20260905,0
14V539,5bd2ce77,afa34423,c075b6c6,20260821,20260905,0
14V540,1782263b,051f1b93,31caf99d,20260821,20260905,0
14V543,9c95213e,7b5aadc6,d3869cc5,20260821,20260905,0
14V544,8a60fff6,f06fd89f,75d3be46,20260821,20260905,0
14V555,367d9435,62e6b5fa,10542866,20260821,20260905,0
14V547,fea99595,17a32888,74e6af19,20260821,20260905,0
14V551,19c0781f,8291386d,70d3929f,20260821,20260905,0
14V573,de310ed4,f2301f49,9fc39b1b,20260821,20260905,0
14E064,10c1420d,88880e3c,f4aa72e2,20260821,20260905,0
14V579,8cf60941,f2301f49,75c2789b,20260821,20260905,0
14V585,7b182c26,d4badc86,09b4c946,20260821,20260905,0
14V595,8c5760a5,5063d6ce,db1f847b,20260821,20260905,0
14V597,a0b41851,433ddb28,57f108b5,20260821,20260905,0
14V609,73154cae,55fbaa6c,3a6d47f0,20260821,20260905,0
14V625,9bd05547,8eeded3d,6b5d3b89,20260821,20260905,0
14V599,2dd7e055,5063d6ce,a6e3c7ce,20260821,20260905,0
14E074,bf58f368,a4ab8d07,8c33371a,20260821,20260905,0
14V740,d5305888,fe458e11,4206ef47,20260821,20260905,0
14V654,70210771,f73fbf24,2049eb27,20260821,20260905,0
14E066,43802f1c,d098edb8,634d80db,20260821,20260905,0
14V610,591d82bf,5063d6ce,d83795ad,20260821,20260905,0
14V612,bf8383f5,5063d6ce,b483ed05,20260821,20260905,0
14V617,4b18e5a9,5063d6ce,5c70ebcb,20260821,20260905,0
14V634,c4dba67d,a6fc8980,a7f0e9bc,20260821,20260905,0
14V618,4e0a7684,150ae152,e44aca27,20260821,20260905,0
14V619,15198ad3,4bdff6db,bb4613eb,20260821,20260905,0
14E067,4948061a,73d8ed3c,f8831ce0,20260821,20260905,0
14V624,c5860eea,c8ebb58c,c42ee07b,20260821,20260905,0
14V630,dd465d2d,1d8af83d,7692ff63,20260821,20260905,0
14T012,c5533edd,cb3c3fa7,9048bea7,20260821,20260905,0
14V631,a1c210c3,a80023f6,5f85621c,20260821,20260905,0
14V638,cc6a7130,b8968360,3416e999,20260821,20260905,0
14V642,89675618,8b4b9001,2258ed51,20260821,20260905,0
14V646,6fce4393,014626ab,6b448596,20260821,20260905,0
14V649,1f2db4bd,13207982,35c8b645,20260821,20260905,0
14V656,243db8fb,093c0439,bb0debc5,20260821,20260905,0
14V662,4515c025,5063d6ce,617beedc,20260821,20260905,0
14V663,ef2fd220,5d66b037,bae6c5bc,20260821,20260905,0
14V666,01459e53,2ec675c8,2a0bb6c5,20260821,20260905,0
14V667,74152efd,90742a98,288dd40b,20260821,20260905,0
14V670,8af65445,76f08547,f78db931,20260821,20260905,0
14V676,48c2f1ed,5063d6ce,588ce603,20260821,20260905,0
14V679,2da7fb7b,afcda0b3,2cc29cfb,20260821,20260905,0
14V688,3003de8d,98e673ca,315a9fde,20260821,20260905,0
14V686,39818056,f2301f49,cb14d281,20260821,20260905,0
14V687,54208432,8b4b9001,fa800f30,20260821,20260905,0
14T014,3ed8e6f4,aaa735a9,04ac1ee2,20260821,20260905,0
14V700,c5bf82a3,0b38c013,d81f7cc8,20260821,20260905,0
14V706,03076e0c,5063d6ce,2e69ff2e,20260821,20260905,0
14V702,b15c9288,465dab39,886ca1a5,20260821,20260905,0
14V705,e4138304,f2301f49,744658bd,20260821,20260905,0
14V707,e0868683,f2301f49,9071f192,20260821,20260905,0
14V708,ad267a1f,c8f647b6,b996ae61,20260821,20260905,0
14V721,11cba255,45efb509,e08b532c,20260821,20260905,0
14V726,882d7af5,304e267b,06e9dd0e,20260821,20260905,0
14V727,ad01a8af,af72c2f3,7787e049,20260821,20260905,0
14V739,497bb97e,a9500101,bd335f4f,20260821,20260905,0
14V741,00f4f6fb,eec3107d,04f1e0e9,20260821,20260905,0
14E079,9e7c9d54,4958a278,01e1e07b,20260821,20260905,0
14V745,10c97f9c,56a79b94,bc3dca3f,20260821,20260905,0
14V750,45a30316,a2f0e102,852e1c4c,20260821,20260905,0
14V753,bc0733c2,91939326,0c6e2617,20260821,20260905,0
14V765,746ae9ed,e10acc39,344c3b4a,20260821,20260905,0
14V754,19128604,37795968,271ee87b,20260821,20260905,0
14E080,081fcc52,369fc655,9e1be4ed,20260821,20260905,0
14V759,0589deae,cf93ce49,6832dd47,20260821,20260905,0
14V767,81110f65,5063d6ce,70221f76,20260821,20260905,0
14V778,f21e15da,1e412503,567111dd,20260821,20260905,0
14V779,073e1fe3,cb5c6a13,d11bd6ca,20260821,20260905,0
14V781,211013ad,8b4b9001,453145bd,20260821,20260905,0
14V695,0329708a,a0a274c3,7c6a5aa1,20260821,20260905,0
14V783,e712b3b9,ea1f7e20,466c7349,20260821,20260905,0
14V784,b589b975,d98c856b,4b115735,20260821,20260905,0
14V785,cdd09719,ed1c5881,f7511a7f,20260821,20260905,0
14V789,d3ed046a,1dd2efaf,1172b6bb,20260821,20260905,0
14V792,cc347047,d1d1c83a,942d55e0,20260821,20260905,0
14V796,d9bd5316,da6cc388,ed22c57c,20260821,20260905,0
14V799,b6a0dd3d,5063d6ce,91293ca8,20260821,20260905,0
14V818,b186c116,41bdce1d,faf197a5,20260821,20260905,0
14E084,971696e4,7b94a658,3b469674,20260821,20260905,0
14V804,af0fbc29,bf8d9ccc,cad965be,20260821,20260905,0
14V820,3ef66f11,fb2bd8bb,9b6d4ce4,20260821,20260905,0
14V822,935be74d,2f2058e0,194f9468,20260821,20260905,0
14V824,e6a724e1,c6ab2c74,fde23eb0,20260821,20260905,0
14V829,eb5d2d4b,25530ebc,db61ee23,20260821,20260905,0
14V632,f4cb66ca,150ae152,a5a79ddc,20260821,20260905,0
14V633,b2099fd2,150ae152,7867a77d,20260821,20260905,0
14V636,f602a428,ff65012a,bba7c8c9,20260821,20260905,0
14V639,c568cfea,8dc60b62,1353abdd,20260821,20260905,0
14V641,fb39252d,5063d6ce,e5f1231d,20260821,20260905,0
14V644,94673edc,3ebe5c5e,d1d7cfff,20260821,20260905,0
14V653,b43959c7,a53cfa0e,65e1bf80,20260821,20260905,0
14V657,7422a2d4,f37456fe,e5bdc542,20260821,20260905,0
14V660,9e52da19,47be70af,8b9dd842,20260821,20260905,0
14V812,99268dc9,61a3963d,1d0ee728,20260821,20260905,0
14V661,946f8dec,0984055f,e67956ee,20260821,20260905,0
14V669,e3e74f81,f2301f49,dad854dc,20260821,20260905,0
14V672,b3de8e29,d1cc147f,c143e394,20260821,20260905,0
14V678,d533af77,7f41334e,92252dc9,20260821,20260905,0
14V685,b86a8381,1e412503,c53700d2,20260821,20260905,0
14V694,1fe3fb02,95d0b107,50313a0e,20260821,20260905,0
14V697,aba59e9a,fec33ba5,f88e448e,20260821,20260905,0
14V699,7a04e124,cb0eddd5,cc07069a,20260821,20260905,0
14V704,0e50974f,e2b4fbbe,17521a23,20260821,20260905,0
14T015,5eb3d757,9888464d,737c0a74,20260821,20260905,0
14V719,720e804b,3e115d8a,ce6861fb,20260821,20260905,0
14V723,ef91de43,5a407084,00397485,20260821,20260905,0
14V724,661e6cb7,2e34b77e,2a66cff7,20260821,20260905,0
14E073,df95cbc4,0b38c013,9fb0e793,20260821,20260905,0
14V737,ce075a67,22516314,0bc6a600,20260821,20260905,0
14V738,58f52839,27908f32,3deae5b4,20260821,20260905,0
14V743,76352781,745e13ed,cb6a3871,20260821,20260905,0
14V746,cd73cb7c,d2ad22be,2921fffc,20260821,20260905,0
14V751,5dc7f4e9,f2301f49,dc9335fe,20260821,20260905,0
14V771,2efa2a66,e03ada25,a4576ef8,20260821,20260905,0
14V798,042db35f,b0434dad,fb7ecd92,20260821,20260905,0
14E082,10bb5d96,8018a70b,0ad6998e,20260821,20260905,0
14V786,64e29444,8b4b9001,b8cf8898,20260821,20260905,0
14V790,9fc719db,ecca37a9,9ea93649,20260821,20260905,0
14V794,63dcecd9,a65837dd,2be819bd,20260821,20260905,0
14V800,8475ee06,6ab9afa4,160894db,20260821,20260905,0
14V805,ac4121c9,d8f77b57,cef65f20,20260821,20260905,0
14E086,b9856be7,1a1b2f60,fc25b874,20260821,20260905,0
14V814,fd81a3f2,fbb0e142,1e8c1dec,20260821,20260905,0
14V819,f060d178,207c7ef4,25952053,20260821,20260905,0
14V810,5a4bfd21,fbb0e142,53a9e7c3,20260821,20260905,0
14V823,66225dba,585dd6e1,a5bcc013,20260821,20260905,0
14V009,94aaf3c4,fcf935ae,3e120286,20260821,20260905,0
14V827,6fd753d2,5a66cc36,fc1aa65d,20260821,20260905,0
14V830,6ac99ad5,9fbce371,75c2f435,20260821,20260905,0
14E002,183600dd,c527d995,96461126,20260821,20260905,0
14T001,a4b15072,94483f39,1840fa82,20260821,20260905,0
14V014,76031dc0,f3672a6a,4f9aa9b1,20260821,20260905,0
14V016,74b1df57,7c004366,a4ff6013,20260821,20260905,0
14V020,8d9117bb,a73641f1,bfa7271d,20260821,20260905,0
14V022,b5e9dbe2,9f61a0a8,20b714b5,20260821,20260905,0
14V034,97f57859,4261641c,d92eae5e,20260821,20260905,0
14V647,b22e9172,2c1e78b5,bfe96ea9,20260821,20260905,0
14V658,a32ff081,6f9c2a31,1ca67951,20260821,20260905,0
14E069,04bbb959,2c851be7,5fe5004a,20260821,20260905,0
14V665,ca58011a,814cef04,f39eac0e,20260821,20260905,0
14V673,2b70f48c,62e8f5d8,72851f64,20260821,20260905,0
14V674,263b1e23,24325bd3,170a2d52,20260821,20260905,0
14V675,745d6e4d,3af9f21c,5981266c,20260821,20260905,0
14V689,0cd2273f,00ffd3e7,5c16c954,20260821,20260905,0
14V691,e61f7d1d,5063d6ce,f7a8ef96,20260821,20260905,0
14V698,ecce3a38,71e16a7a,ce308b14,20260821,20260905,0
14V703,76222c65,3311e55e,cc21b363,20260821,20260905,0
14E072,620dfa49,27bfa611,9d46dc35,20260821,20260905,0
14V709,ec13be58,9e164e9e,f5cc29c6,20260821,20260905,0
14V710,2839b97f,d879d505,98816dfd,20260821,20260905,0
14V712,665fc941,23d7bc21,2d201acf,20260821,20260905,0
14V715,c6e817f0,20678d85,f1520a9d,20260821,20260905,0
14V716,0a77bf5c,5b2e6c0a,fab087be,20260821,20260905,0
14V722,7d3165ea,cc19f965,281bee59,20260821,20260905,0
14V730,82a799f7,5063d6ce,a0bc85ba,20260821,20260905,0
14E081,e166d9b8,fc65fe79,ed49af85,20260821,20260905,0
14V731,1cd5f28e,d9bb751c,21b5b1e2,20260821,20260905,0
14V732,6e07b8f4,b4e86257,46d271a3,20260821,20260905,0
14V734,f43437fb,08e454fe,e7984595,20260821,20260905,0
14E078,a4a21d1b,607273ba,1972a2b7,20260821,20260905,0
14V735,156a49aa,f8169150,a581c848,20260821,20260905,0
14V736,979bea15,f68d530e,d1f6cccc,20260821,20260905,0
14V742,09ab841d,5063d6ce,98e88059,20260821,20260905,0
14V749,f01417a4,f1f7aeb5,f99734d1,20260821,20260905,0
14V757,441a7162,3d4d0908,755c0aa6,20260821,20260905,0
14V758,cafde214,a3915ddc,8bbf9f5e,20260821,20260905,0
14V766,1e37a7f5,5063d6ce,2a7ee54d,20260821,20260905,0
14V770,3e9ee2a4,0b38c013,09620326,20260821,20260905,0
14V780,29d2d5f3,5063d6ce,e45dfae2,20260821,20260905,0
14V788,0c31ccce,6a4b536d,0413c8bf,20260821,20260905,0
14V791,e5d854de,e9a9214a,2b41e2d3,20260821,20260905,0
14E085,5d93a162,ad35425d,852a69ad,20260821,20260905,0
14V828,e41f0d0a,bb640e02,cbff0ceb,20260821,20260905,0
14V163,bd9987f3,2ccb33c5,f9a9c2e9,20260821,20260905,0
14V169,fd300c5f,b7002a9d,3f56bce1,20260821,20260905,0
14V175,e0e74828,270492cc,2c33dae1,20260821,20260905,0
14V181,71b81fc0,a91fbdcd,58b7d746,20260821,20260905,0
14V186,47b7c1d2,9480ab94,bf2c8486,20260821,20260905,0
14E015,be690fc5,16422ba1,917e5e86,20260821,20260905,0
14V199,fa05ea69,2f1df17b,03539ce8,20260821,20260905,0
14V200,618e94e7,3d44f7a9,549e3c94,20260821,20260905,0
14V201,9e8319e0,691b9d61,192746af,20260821,20260905,0
14V208,fcc766e4,fe0f8bb9,53490310,20260821,20260905,0
14V205,d4636384,d4a48c5e,598d66ba,20260821,20260905,0
14V217,69747019,374b4337,fb33a438,20260821,20260905,0
14V220,fb866dbc,8eeded3d,f1886e49,20260821,20260905,0
14V222,1c75ae1b,617eca94,7604cac5,20260821,20260905,0
14T004,719d750c,43887e8d,c6b8d4ef,20260821,20260905,0
14V225,ac6f24cb,3671fbb8,b8a23bd3,20260821,20260905,0
14V234,8a3d6ed1,56331a33,09b8e0c3,20260821,20260905,0
14V242,81d41e0b,b6c2a9a4,17686f76,20260821,20260905,0
14V243,5a4f9680,4401a04a,e253e284,20260821,20260905,0
14V244,6ed198c3,300898de,8a3ad72f,20260821,20260905,0
14V298,941e7950,39589fae,58c9d515,20260821,20260905,0
14V252,85028cd4,d1d96baf,433cb810,20260821,20260905,0
14V253,0f5efaa4,09662aee,62096b70,20260821,20260905,0
14E023,cce25853,fccffaed,07eeca71,20260821,20260905,0
14V266,c24afec6,976c0ff3,72f2659d,20260821,20260905,0
14V268,b603acd1,d5a78d15,35d3b327,20260821,20260905,0
14V274,b666abb5,5e75f203,4c2e0686,20260821,20260905,0
14V278,cd102f40,6bed46a8,d3905bb9,20260821,20260905,0
14V279,3e88dad7,845c7b61,c05a2224,20260821,20260905,0
14V281,afc8201c,2c98558c,8d9eb00b,20260821,20260905,0
14V284,f5aab65e,577d9553,db44325c,20260821,20260905,0
14V285,dc01d581,a369b2aa,1b16adcd,20260821,20260905,0
14V300,12787898,a2e3998e,fa5a6e74,20260821,20260905,0
14V303,bb78c033,fab145e0,5214be1e,20260821,20260905,0
14V304,6808a5ef,5b9de6f4,e280fa70,20260821,20260905,0
14V311,828631aa,005446d3,fb650680,20260821,20260905,0
14V378,81b83e32,dfbac96a,79d0a487,20260821,20260905,0
14V313,93460310,c47f892d,c5253b7a,20260821,20260905,0
14V314,b84a2fdc,c47f892d,c5253b7a,20260821,20260905,0
14V316,3667fb4a,2fa7aba4,9f4e54f0,20260821,20260905,0
14V317,db66e8c7,04765419,adcbe0b2,20260821,20260905,0
14V328,48e2e111,dfbac96a,df5e6081,20260821,20260905,0
14V329,d5105d67,ed772c7c,3c3d1d66,20260821,20260905,0
14V345,394cc150,af220052,a555ee24,20260821,20260905,0
14V368,e4a959ec,62083913,14aba1cc,20260821,20260905,0
14V374,310344c2,19161b80,39e2db59,20260821,20260905,0
14V380,556f48be,e39f8c72,da484aec,20260821,20260905,0
14V383,5f077dd9,dfbac96a,59228084,20260821,20260905,0
14V388,e4f56e8c,621888b8,e847b2d8,20260821,20260905,0
14V391,974be9c2,c5382f44,77582017,20260821,20260905,0
14V390,7e71cd9f,94c1bac1,c4a2852d,20260821,20260905,0
14V393,979a938c,53968140,ff58d7ff,20260821,20260905,0
14V396,81bab60c,ee05c724,c64ea822,20260821,20260905,0
14E034,b262fcc9,8b4b9001,af8a9125,20260821,20260905,0
14V412,737bb85a,e78f585d,33f2d4e0,20260821,20260905,0
14E044,016d6f46,994b768d,346d4359,20260821,20260905,0
14V407,bd25de85,58d99e83,30519536,20260821,20260905,0
14V060,1763c4b0,7fcfe757,62a987ce,20260821,20260905,0
14V414,f2c667ab,7301e872,68861370,20260821,20260905,0
14V420,4ea91ecc,0864cb0f,20d722dd,20260821,20260905,0
14E039,f32f3b7c,2a3e08c4,b936b666,20260821,20260905,0
14V425,febdb092,9fdf11a4,00a746b3,20260821,20260905,0
14V002,7fc9c628,66ec8e22,4404b3e1,20260821,20260905,0
14V003,16091db9,7c004366,04dce6b2,20260821,20260905,0
14V005,ae8b6deb,5f4872ae,a58327d9,20260821,20260905,0
14V007,e1a7061a,a517c228,4c6f89bf,20260821,20260905,0
14V010,9b2bfbe2,647de661,592e1196,20260821,20260905,0
14V017,e6a126c2,06781fb5,c074ce29,20260821,20260905,0
14V018,35d13029,79311cbe,bf87b7db,20260821,20260905,0
14V027,f4f9d338,459be549,e84276f5,20260821,20260905,0
14V032,4fa79511,7979a57d,51830b25,20260821,20260905,0
14V036,153a3221,d46bf1f7,97f82a35,20260821,20260905,0
14V038,5999ca91,27e82ebe,0ac329ca,20260821,20260905,0
14V041,5912b9d9,9480ab94,173976fd,20260821,20260905,0
14V043,e07eefbb,fab145e0,22dc8b5c,20260821,20260905,0
14V045,1af09b09,8d98ab04,e82ea605,20260821,20260905,0
14V046,f0fa112e,ac0717bd,1be2da03,20260821,20260905,0
14V055,79dc565b,afa5dc41,f107b792,20260821,20260905,0
14V058,ef78c469,1866a092,ef8b0138,20260821,20260905,0
14V059,42ec35eb,7fcfe757,9c3d88ee,20260821,20260905,0
14E004,9918e87e,08100678,32e0954f,20260821,20260905,0
14V066,ec1fe30b,c155c656,870a08a2,20260821,20260905,0
14V067,aeb8b6c5,e69ed16d,8f673478,20260821,20260905,0
14V069,3ea52094,7fcfe757,f7c88f02,20260821,20260905,0
14V074,302b140f,3dad8d0f,25a70caf,20260821,20260905,0
14V076,7abf16aa,f52829b0,ea2471d8,20260821,20260905,0
14V077,bef83c16,1866a092,b0ed658d,20260821,20260905,0
14V080,6b006f94,8c1ed5d8,a4c8b998,20260821,20260905,0
14V484,333552a6,9fa2e998,5b9594d6,20260821,20260905,0
14V081,5689db8b,442a77b9,155bb101,20260821,20260905,0
14V082,f55c9a4f,442a77b9,beb3fe69,20260821,20260905,0
14V083,3bb5eac8,442a77b9,1bf065d4,20260821,20260905,0
14V091,69169028,1dd60386,b5e25a8f,20260821,20260905,0
14E043,ac797a75,ac5ccf4c,00cf5405,20260821,20260905,0
14V449,80497da9,6b70161f,c1a14e85,20260821,20260905,0
14V450,7db38eda,577d9553,cd773330,20260821,20260905,0
14V453,c488c757,dfbac96a,0eb84f31,20260821,20260905,0
14E045,33d2c94a,7c66810b,ce10b1fd,20260821,20260905,0
14V493,4589cdfa,d5a78d15,ea411265,20260821,20260905,0
14V455,4c66f3de,4401a04a,bb778f29,20260821,20260905,0
14E046,b36ae226,012b4dc3,b008b9ea,20260821,20260905,0
14V460,15265d55,a6bc1c1a,5325fc72,20260821,20260905,0
14E051,3b88d8ef,f2301f49,d2ad2e35,20260821,20260905,0
14V482,36d09726,98402669,e330d352,20260821,20260905,0
14V487,f16166dc,911bf365,d86035b5,20260821,20260905,0
14T009,9d5c43c0,6ea898e1,02f724ee,20260821,20260905,0
14C005,ead9dc52,6f82a868,eddae7e7,20260821,20260905,0
14V505,0f534a2d,2ff94e5e,d438d345,20260821,20260905,0
14V506,438e4c50,39d4f96a,bb0f9b49,20260821,20260905,0
14E054,407e5ed3,48f3b7da,91684163,20260821,20260905,0
14V510,732d3318,5063d6ce,cf3ed547,20260821,20260905,0
14V514,1e22c600,85cd9ee7,5edb3657,20260821,20260905,0
14V515,197225bf,40a9b6ff,b3b59890,20260821,20260905,0
14E057,d1314f64,62f33041,2e5b52dc,20260821,20260905,0
14V525,4dc9640f,04a1abfd,42b78b1a,20260821,20260905,0
14V531,756de113,f2301f49,11efd7af,20260821,20260905,0
14V533,25db6132,fc245043,66fc62b1,20260821,20260905,0
14E060,fd037411,ec38f363,fd156f75,20260821,20260905,0
14V545,1267c096,c76cf34b,808dd6d1,20260821,20260905,0
14V548,f279e65d,900ee5af,d683c3cb,20260821,20260905,0
14E061,980e335c,6309e135,95dc7855,20260821,20260905,0
14V556,ed9f925c,9c9138f5,d81d3408,20260821,20260905,0
14V558,7411c406,8b4b9001,fa1bda04,20260821,20260905,0
14V561,1e9ad05e,6506b064,c2316cda,20260821,20260905,0
14E062,243fd741,a3473a60,a4c2a41a,20260821,20260905,0
14V566,ede4d0ee,f2301f49,b7df2d6d,20260821,20260905,0
14V568,0a386e5f,54d6c008,47b9bab9,20260821,20260905,0
14V571,cdce6e44,c54f196f,e38edf3b,20260821,20260905,0
14V572,070e9c2a,f2301f49,671aa28a,20260821,20260905,0
14V574,4d0915cf,23abfc0b,f16159d4,20260821,20260905,0
14V577,b8a211e5,84abe4c7,13365aec,20260821,20260905,0
14V582,fd859184,7489c834,3acb6671,20260821,20260905,0
14V589,1b9fa064,9bece908,8a31fae7,20260821,20260905,0
14V592,88eb9436,ec38f363,45338a68,20260821,20260905,0
14V598,13679401,0ef56389,85e0181d,20260821,20260905,0
14V603,88dd6a39,e5ddd750,da172ada,20260821,20260905,0
14V606,74132a63,3ba9c687,d89b4fca,20260821,20260905,0
14V613,102cd013,0d2b1bfc,ae2ecb83,20260821,20260905,0
14V615,56e92ab2,f2301f49,432695af,20260821,20260905,0
14V627,d9cd0dd4,eae1cdd0,dd03434f,20260821,20260905,0
14V768,c750e847,9f6082fd,febc0095,20260821,20260905,0
14V769,a9eafb63,e6efe96d,b422bffd,20260821,20260905,0
14V774,2ba1f414,669ce114,71e6eb1b,20260821,20260905,0
14E068,65cc7b14,fd17463f,613c04ff,20260821,20260905,0
14V640,b4bcfbcb,292694fb,808a54f1,20260821,20260905,0
14V643,1f49e13b,9e658777,e19f3b18,20260821,20260905,0
14V645,8e6e66d5,83d87748,e8ff3aa3,20260821,20260905,0
15V829,d1938bb5,a661eb39,3db5398d,20260821,20260905,0
15V651,51e6df11,b7633318,7dd990af,20260821,20260905,0
15V680,fdd8982e,2231cdcc,8c99f9fb,20260821,20260905,0
15V653,de15101b,b0881692,fc3ba9b2,20260821,20260905,0
15V663,36d70519,119f8610,5ac8e403,20260821,20260905,0
15V667,5ced990f,b8387301,916ffa52,20260821,20260905,0
15V675,342ee58d,bfc9995c,602ac339,20260821,20260905,0
15V677,344f26b3,0aeb7875,8fcc135b,20260821,20260905,0
15V679,e967ec82,8e8cbce5,e4b8de4b,20260821,20260905,0
15E085,409345d5,632e97f3,20c8064c,20260821,20260905,0
15V689,724f2cdc,302f46db,5b083fad,20260821,20260905,0
15E086,f5bb3289,a50d2b24,980226a4,20260821,20260905,0
15E087,157a4742,1790423d,42c74243,20260821,20260905,0
15V691,a44bb06d,76b78f0e,68d355a4,20260821,20260905,0
15V692,3a53841e,808a5b8a,a1d6f943,20260821,20260905,0
15V694,1f23d72a,8942210e,2a99c4c7,20260821,20260905,0
15V016,13de63d2,67f5bd41,e687e32a,20260821,20260905,0
15V696,c732493b,99683ac1,2a1a0a63,20260821,20260905,0
15V707,4941dabf,767708b0,7504cda6,20260821,20260905,0
15V722,8142307d,8fa65755,ec71c040,20260821,20260905,0
15V712,36913613,2c1e78b5,d1385fa1,20260821,20260905,0
15V152,3ab40fe9,ca743af5,6649b33b,20260821,20260905,0
15V713,67778ba1,1be76318,e04d890f,20260821,20260905,0
15V721,bfd4be9b,7ebe77d1,953b7464,20260821,20260905,0
15V745,19b1209d,e5b7ea21,dc39a8e8,20260821,20260905,0
15V443,f5831f1f,22b1fa39,69741d8c,20260821,20260905,0
15V655,1c80cdfd,f7aee42c,27491480,20260821,20260905,0
15V002,cf167c9d,f9f07eb3,d8566c7f,20260821,20260905,0
15V005,531fa521,6d478e44,be94834b,20260821,20260905,0
15V007,2bd6e288,0ccd92e6,bcb8a723,20260821,20260905,0
15V008,29a04b16,150ae152,29af0760,20260821,20260905,0
15V017,eed8e60b,4f44d540,83eee3c3,20260821,20260905,0
15V192,87498360,a57d6556,a4efc0b0,20260821,20260905,0
15V019,383455c5,9762e6b0,7cfdc0d8,20260821,20260905,0
15V023,39081b9d,4d05c32e,725a3211,20260821,20260905,0
15T002,8146adba,8483b0b9,a9b3e7a8,20260821,20260905,0
15V028,dac74458,c02fb4a9,a35f9c6a,20260821,20260905,0
15V029,156bbfd0,1ba199fc,d3d7521c,20260821,20260905,0
15V031,4dd1af28,068ba63e,183c0a60,20260821,20260905,0
15V032,f03b9ca1,72e52962,0076979a,20260821,20260905,0
15V033,35ec583b,f0f853e8,984029dc,20260821,20260905,0
15V575,445e069c,56cbc8c3,615fad89,20260821,20260905,0
15V578,ca625028,6c1be7c9,6ad57336,20260821,20260905,0
15V630,efbb6911,fd2294e6,052f8fed,20260821,20260905,0
15V587,ba79bef3,47b9ab23,f7c77b44,20260821,20260905,0
15T020,31e7d128,afba4200,deed0595,20260821,20260905,0
15V591,00ddc497,bf91ce2f,20baa30d,20260821,20260905,0
15V598,b44d307b,cbb1fbdc,86fe8c33,20260821,20260905,0
15V605,2d23866b,96cc15e6,60bb1703,20260821,20260905,0
15V608,a4c20ec2,4f32975b,75703776,20260821,20260905,0
15V612,6162a529,df34e1d9,6097a6c3,20260821,20260905,0
15E083,45e448bf,26e1ef1a,be3bbaca,20260821,20260905,0
15V614,e38d69cf,d514b6f2,8142b7dd,20260821,20260905,0
15E079,d2122532,83875b76,1650f93a,20260821,20260905,0
15V621,04ef43d0,2a4910f6,4713a06d,20260821,20260905,0
15V624,c74e0797,470bbe12,7e45e1cb,20260821,20260905,0
15E082,20cc9000,3b292497,20692da4,20260821,20260905,0
15V084,4530c0b2,1a6a4fd4,0e70c657,20260821,20260905,0
15V626,c94db057,8d5ebe36,19c32ad0,20260821,20260905,0
15V634,4a22caa8,1fd8dc66,1e6632b9,20260821,20260905,0
15V537,a2a1f4be,0388fa2d,65356599,20260821,20260905,0
15V642,5e465a67,f6b4401b,78f57208,20260821,20260905,0
15V643,ab148343,6632c7e7,ae1a15f0,20260821,20260905,0
15V644,c2a21410,6632c7e7,b7eb553f,20260821,20260905,0
15V645,ce2a9f63,e0c1441f,5c67dcf9,20260821,20260905,0
15V646,0c3a5420,dc6f5585,d0444cd7,20260821,20260905,0
15V648,2774f198,c80b9882,1f99c824,20260821,20260905,0
15V873,645fd1c2,c3756745,e48d3d63,20260821,20260905,0
15V879,089946ed,a956cec4,247c5077,20260821,20260905,0
15V729,ec1d48b4,8fa65755,dad34e09,20260821,20260905,0
15V747,b5186474,1790423d,7f805fe5,20260821,20260905,0
15V753,57829ddb,51542824,d145607a,20260821,20260905,0
15V734,e53f1ef0,8fa65755,9fc01e80,20260821,20260905,0
15E089,bdd4e9ea,784d4575,f5e900f1,20260821,20260905,0
15V748,b1596a20,8fa65755,e62891e1,20260821,20260905,0
15V754,e381eb3a,e9af79b8,ce03cb7a,20260821,20260905,0
15V758,151da876,ab513ebf,e5607843,20260821,20260905,0
15E091,ec5f21a8,0ca75bc9,e050a99b,20260821,20260905,0
15V767,84de8ea4,8fa65755,35f722f8,20260821,20260905,0
15V770,92d458b0,8fa65755,7bf40169,20260821,20260905,0
15V798,efed601f,e5b7ea21,daca4e85,20260821,20260905,0
15E092,7667b6e9,8fa65755,8787ec4c,20260821,20260905,0
15V775,6887fee6,24efefdb,49fb41b1,20260821,20260905,0
15V779,12fe4fb9,8fa65755,83da255f,20260821,20260905,0
15V788,711a6d8c,1de9e34c,c8bd5c43,20260821,20260905,0
15V789,a5aafc37,cbaf2cc3,60023d4b,20260821,20260905,0
15V794,4e1ba6f1,782b1e4c,49f667ab,20260821,20260905,0
15V797,bfc0f302,d9191702,713a115e,20260821,20260905,0
15V861,7ac2796e,abbd785b,7c2cca56,20260821,20260905,0
15V810,44e68a3a,c43d6d57,3856cd32,20260821,20260905,0
15V812,e8dbc5cb,66ec8e22,98b6c347,20260821,20260905,0
15V814,bbcbd38e,1790423d,97169481,20260821,20260905,0
15V820,0d19e26c,93fd196a,fbe45b82,20260821,20260905,0
15V825,322778bd,db8541ee,b902c33d,20260821,20260905,0
15V827,1a49a854,8fa65755,aa56fe12,20260821,20260905,0
15V828,b305bf26,fb1071b3,e4bd356b,20260821,20260905,0
15V838,6720b02d,bf101d96,bfe13a65,20260821,20260905,0
15V840,25244185,e616f79a,7bed9a39,20260821,20260905,0
15V853,eebaed02,fee40754,040f91ba,20260821,20260905,0
15V859,fdf604b1,c08988b0,96c0327d,20260821,20260905,0
15V860,66568c1e,776edd53,e87ef435,20260821,20260905,0
15V075,24f8d410,264d7c7e,4c9a33c9,20260821,20260905,0
15V867,2878b0ba,8b94bc1d,3384535b,20260821,20260905,0
15V870,0d867259,8fa65755,7f64f482,20260821,20260905,0
15V875,22667d44,ece70b61,ea405cb2,20260821,20260905,0
15V877,ab587cc9,e5b7ea21,64ec860f,20260821,20260905,0
15V878,bac990f9,9ddb9dca,4411cc46,20260821,20260905,0
15V880,a9e157a1,e5b7ea21,c8d406fb,20260821,20260905,0
15V883,6cae28d0,192fea46,3c565a0f,20260821,20260905,0
15V888,a77c3d99,b9d90196,6aafd54b,20260821,20260905,0
15V313,6d939978,3e1ca9ec,3f691b8f,20260821,20260905,0
15V317,a918e939,ff62db25,33472fe1,20260821,20260905,0
15V001,7988c15e,feafcc80,3412a4aa,20260821,20260905,0
15V316,5f864056,7630b044,f079a25f,20260821,20260905,0
15V006,d5dd3bda,c64b2599,40293809,20260821,20260905,0
15V012,bcac5006,4f5c9588,2107b23a,20260821,20260905,0
15V014,1f5ed96a,388314a9,da59a176,20260821,20260905,0
15V088,643de746,0086ca30,67c201cc,20260821,20260905,0
15V024,b2cd59fb,8b4b9001,23250051,20260821,20260905,0
15V020,41ba3b50,cc0d71b0,aca2202a,20260821,20260905,0
15E002,674a5864,4a6fda25,0298f589,20260821,20260905,0
15V025,14f05c77,4d05c32e,e1dc2c79,20260821,20260905,0
15E004,bb03e0cd,2c1e78b5,623ef79b,20260821,20260905,0
15V041,c4afa7d2,a5388b5d,6bdf66ef,20260821,20260905,0
15V048,c44e72f0,dfefd741,f01d0caf,20260821,20260905,0
15V052,88b36ae7,dfbac96a,d0f9d859,20260821,20260905,0
15V053,176ecc58,dc027cc8,2d485a51,20260821,20260905,0
15V055,b812077f,5f44689e,f76e8a4f,20260821,20260905,0
15V058,e435bf70,e80256ec,a4a77c36,20260821,20260905,0
15V065,7147d0ce,09613d85,f2e75fff,20260821,20260905,0
15V068,e7c84cd6,5063d6ce,630e5e05,20260821,20260905,0
15V070,afd396d1,efd104fa,549803c1,20260821,20260905,0
15V073,fe5ee965,d3a90826,1d10af4d,20260821,20260905,0
15V074,5dd81192,689c6e86,7bb3812c,20260821,20260905,0
15V076,6e6017d4,7a80fada,af618ddf,20260821,20260905,0
15V077,f24eb8cd,f8cb09be,8520fe70,20260821,20260905,0
15V081,8f1f6064,86b15546,51dfa485,20260821,20260905,0
15V083,7b835507,ae1786dd,9a7d3ca7,20260821,20260905,0
15E006,9300b56f,cd4a2256,5b585859,20260821,20260905,0
15E009,b0aae242,b461cb70,7799df2f,20260821,20260905,0
15E010,58e02813,5063d6ce,25c4a332,20260821,20260905,0
15V093,f6b577b9,0663da19,2d45f09a,20260821,20260905,0
15T007,16874ce2,879b1e65,bc974e8c,20260821,20260905,0
15V098,a0d11529,63945c04,0f3df4ae,20260821,20260905,0
15V099,1935266c,28742fb3,f5044266,20260821,20260905,0
15V101,bb40dadf,93415739,a3736161,20260821,20260905,0
15V107,764be193,186821ee,230cec41,20260821,20260905,0
15V108,ae9f3675,bfb1d61d,af4bd505,20260821,20260905,0
15V114,5c5639b9,39cec345,58dad29b,20260821,20260905,0
15V117,239167bb,485e8a7d,f71be9ca,20260821,20260905,0
15V120,29c3413b,06b2a857,5b7f5c73,20260821,20260905,0
15V121,e7ac726e,43bcfd75,41ebad35,20260821,20260905,0
15V123,7c5c73ef,97d7339f,5747cd94,20260821,20260905,0
15V128,e99e2fad,dc5ca358,9c1bcf96,20260821,20260905,0
15V132,566a70c4,fad4f63f,4a4fc633,20260821,20260905,0
15V664,dda6e0fb,1be76318,98e945d9,20260821,20260905,0
15V674,5c5ac815,254ecbf3,cc628b78,20260821,20260905,0
15V672,94039b27,bf91ce2f,544b653f,20260821,20260905,0
15V678,5b0c84b1,18f1e8d8,69788639,20260821,20260905,0
15V681,7b61f2f1,6c071be2,89afb914,20260821,20260905,0
15V699,980bc3b6,f6b4401b,65663929,20260821,20260905,0
15V700,8e1c307a,6799f597,8542b8b1,20260821,20260905,0
15V709,9a4b2e5b,d270cef2,9b7ba301,20260821,20260905,0
15E088,d4157621,2a6caa57,15c2fc1d,20260821,20260905,0
15V715,8fbf710a,8fa65755,fa18e2a3,20260821,20260905,0
15V735,62f2cee5,6c6f68c7,cd05dd1b,20260821,20260905,0
15V717,b6631e59,2c1e78b5,acb07317,20260821,20260905,0
15V720,97774c52,151a9ac8,b86ad81a,20260821,20260905,0
15V723,e5cf8440,c08988b0,03f1e7f6,20260821,20260905,0
15V724,bc266f45,8fa65755,f8e9766e,20260821,20260905,0
15V730,af259a3c,8fa65755,233d90e8,20260821,20260905,0
15V731,0e68ea8e,8fa65755,233d90e8,20260821,20260905,0
15V737,f9357d4b,4fd2a4b2,c356ac31,20260821,20260905,0
15V742,0b9910ae,f6b4401b,fcd0dda0,20260821,20260905,0
15V750,052d62e4,8fa65755,7f936b33,20260821,20260905,0
15V890,dac43ae9,1790423d,88940218,20260821,20260905,0
15V889,f1d59469,4844e8ec,8d3e7f89,20260821,20260905,0
15V885,0394a705,d73dd4fc,6e60c7d1,20260821,20260905,0
15V881,ffb98304,91b04452,55a8cf20,20260821,20260905,0
15V755,9a8eb9cd,632e97f3,c2f0242f,20260821,20260905,0
15V760,ca7ab50e,ac8add8b,22d5eb8b,20260821,20260905,0
15V887,e1802254,d268dd84,8fecf0c1,20260821,20260905,0
15V768,832a15e9,8fa65755,36a66519,20260821,20260905,0
15V769,929b6049,8fa65755,7c31cf60,20260821,20260905,0
15V773,927fed11,8fa65755,8fb087fb,20260821,20260905,0
15V795,2b187b2e,dcfef005,c3e024b7,20260821,20260905,0
15V776,19b23eb2,db10426b,6a5ed6fa,20260821,20260905,0
15V801,dda4061e,1790423d,867121e5,20260821,20260905,0
15V785,33188645,d68b428b,e48c86b4,20260821,20260905,0
15V800,f0af55b3,8eedfca0,778d4c89,20260821,20260905,0
15V811,c17faa1d,fdf13687,cdcdecfb,20260821,20260905,0
15V816,b68ed8fb,8633fe30,7b473d4f,20260821,20260905,0
15V823,77ce1bb4,112a2fb1,6bb4cb1a,20260821,20260905,0
15V831,0498b3e8,7404eac9,5d0d1977,20260821,20260905,0
15V834,264ff89b,e616f79a,c5d2c69f,20260821,20260905,0
15V836,15d51df3,657a5a6b,d854ec48,20260821,20260905,0
15V837,4e79ccad,0b5c9d22,a1e6744f,20260821,20260905,0
15V839,23a8f3d8,893c645e,ee5234c2,20260821,20260905,0
15V841,937a3e86,26e1ef1a,a9cf8263,20260821,20260905,0
15V842,8d4c158e,04006d3f,053be620,20260821,20260905,0
15V843,51cc5377,784d4575,1c8ce351,20260821,20260905,0
15V844,08e0981f,2bd4817f,ab9d3d98,20260821,20260905,0
15V845,e5d17a4a,fa6aed79,e872a0ef,20260821,20260905,0
15V846,075c6790,9fd88e91,670a75ac,20260821,20260905,0
15V848,ca459bff,9d765b82,bc4a8687,20260821,20260905,0
15V854,45b7047b,d5b95313,e170c8bc,20260821,20260905,0
15V856,ecc47fd7,e616f79a,d739534a,20260821,20260905,0
15V862,bced51de,588dfd9e,c18f507e,20260821,20260905,0
15V864,ed479392,99ed7634,2bd432be,20260821,20260905,0
15V865,29a94537,60e5f24b,836ebde0,20260821,20260905,0
15V149,2d706bfe,2b70db61,2210d8d7,20260821,20260905,0
15V296,6b22d30e,7630b044,f052551e,20260821,20260905,0
15V577,6604c8a6,39ed97f9,a105c789,20260821,20260905,0
15E076,6b7fa69c,bf101d96,01214694,20260821,20260905,0
15V580,0feb964d,1576fcb7,fd1fd8b0,20260821,20260905,0
15V581,9bcefb88,f25c430d,e4e25ab9,20260821,20260905,0
15V583,9f99fee1,d75b6b59,86ed88c9,20260821,20260905,0
15V592,924898b8,bf91ce2f,d237a4ce,20260821,20260905,0
15V595,8cba531e,ab260e69,25a576c8,20260821,20260905,0
15V596,d1b46742,a8fbcdb8,773cd547,20260821,20260905,0
15V597,3b25a37f,bf91ce2f,2fd55a70,20260821,20260905,0
15V599,52238c65,690329ca,fb41c0e3,20260821,20260905,0
15E078,414db432,e5b7ea21,55959cd1,20260821,20260905,0
15V600,b4ecbc66,fc15a0d0,3f0c5e72,20260821,20260905,0
15V601,b2078902,06781fb5,87dc58b7,20260821,20260905,0
15T011,2f124f98,61e92fb4,86e98c29,20260821,20260905,0
15V606,143f4289,0aeb7875,8e7dcf8d,20260821,20260905,0
15V607,1e7c939e,6632c7e7,6e16f6ba,20260821,20260905,0
15V617,813bbc98,235d56a3,ba234d99,20260821,20260905,0
15V618,5aa2628e,95424a75,9f423e45,20260821,20260905,0
15E081,bf2fdc6b,52a3800f,aa21f9f4,20260821,20260905,0
15V628,638bbff2,c5ffeae4,bf3cb99d,20260821,20260905,0
15V629,646888df,4ea689c6,3ecb46af,20260821,20260905,0
15V631,38828ed3,bf91ce2f,9a75bcec,20260821,20260905,0
15V637,bc0f7fbe,3547c4a9,b52a2a03,20260821,20260905,0
15V641,ed76f52e,6632c7e7,6f9c0be9,20260821,20260905,0
15V647,17e423b8,f7aee42c,d9e62570,20260821,20260905,0
15V650,22147033,302fd906,88da70f7,20260821,20260905,0
15V660,a6cad880,4c08fa75,ad6603d8,20260821,20260905,0
15V668,c9c11013,82b79c7b,6000c140,20260821,20260905,0
15V670,205eae94,ec0c966c,321ef33d,20260821,20260905,0
15V673,77f9f7a2,44eea73c,cc1e5e51,20260821,20260905,0
15V676,9901c55b,65453f66,55f7afce,20260821,20260905,0
15V682,7beb95e1,235d56a3,324e0d5f,20260821,20260905,0
15V685,54b01429,0ca54226,c743b830,20260821,20260905,0
15V688,a896d0ca,8d80e6ec,cf4f1d67,20260821,20260905,0
15V697,7c6de1f5,7c1b9b9a,a5cafed0,20260821,20260905,0
15V701,fe99dc83,c6402fb5,110e5dca,20260821,20260905,0
15V702,6f3027d2,632e97f3,8f736ce5,20260821,20260905,0
15V703,94c12121,d11a4b11,b8f17973,20260821,20260905,0
15V704,d1f85c35,2c1e78b5,cfcfb5ad,20260821,20260905,0
15V706,b74eac37,c08988b0,5b3794aa,20260821,20260905,0
15V708,0d9ab5d9,477bc08b,ec42f6a9,20260821,20260905,0
15V711,2db22339,27769787,6627f433,20260821,20260905,0
15V718,951ee665,da265ef8,3ab24237,20260821,20260905,0
15E019,e5ef7c2a,7bd80e6b,a6907812,20260821,20260905,0
15V138,1714f368,e3ae80ad,a15809ce,20260821,20260905,0
15E021,5c7cc389,3e6f8e2e,d177e7cf,20260821,20260905,0
15V142,98e92131,7ebe77d1,c8404c21,20260821,20260905,0
15V145,430e74ac,f3f4b8f9,22c414fd,20260821,20260905,0
15V148,7600754a,fe3bc81a,b90ef2a8,20260821,20260905,0
15V154,a96e1745,fbb0e142,3f1ec3ad,20260821,20260905,0
15V156,44d0df6f,f1342c95,f5f46c34,20260821,20260905,0
15V159,bf2c6e3b,ee08f41c,5750e296,20260821,20260905,0
15V078,7b676fb3,d20215bd,7f3a58ca,20260821,20260905,0
15V241,51bd3f25,2868f13d,ab1d75ce,20260821,20260905,0
15V633,4a884f1d,a661eb39,a0cf89f0,20260821,20260905,0
15V248,b970a626,3f488b0c,18b5fcbc,20260821,20260905,0
15E033,e5d16a9d,695efdfa,478d57ad,20260821,20260905,0
15V264,6f39d62d,a61b605b,59a35637,20260821,20260905,0
15E036,d17b7dc5,9dd59458,857b5423,20260821,20260905,0
15V269,246e5b70,8942210e,766048e5,20260821,20260905,0
15V271,1893a01c,b9a8d95b,68f434f8,20260821,20260905,0
15V273,2f46d208,8df518f3,d2f8a8e2,20260821,20260905,0
15V275,720068df,4fb12a02,7a0b110f,20260821,20260905,0
15V362,4af3ee25,c70daf90,fc88ac84,20260821,20260905,0
15V288,96cf8eeb,604c05cf,598a04bc,20260821,20260905,0
15V289,85f62d43,8aaccf38,c19de902,20260821,20260905,0
15V292,75adac77,604c05cf,a84e643d,20260821,20260905,0
15E040,72459b79,3e1ca9ec,6b7e6f5c,20260821,20260905,0
15V298,f21e481a,94b7a524,9682240f,20260821,20260905,0
15V301,9917c4a0,6336f2ea,098997c8,20260821,20260905,0
15V300,cc3aa2ae,94b7a524,9682240f,20260821,20260905,0
15V363,d0dcee19,7e71fa4a,6d1367f6,20260821,20260905,0
15V374,2a399980,dc3fecb4,bc6ed021,20260821,20260905,0
15V303,aa698cb1,653fb779,49d6238c,20260821,20260905,0
15V304,f506dd1c,dc3fecb4,608bdc9a,20260821,20260905,0
15V306,e8cc7986,a957bde4,423f4b4e,20260821,20260905,0
15V311,914c6704,9922d1d1,fc98cda5,20260821,20260905,0
15V314,eeb723b7,7630b044,533abe15,20260821,20260905,0
15V151,caa83529,5f4c1f8b,a600d361,20260821,20260905,0
15V548,9cf78109,4c40595d,0ed90765,20260821,20260905,0
15E073,1e1bbf29,bf91ce2f,de4f8539,20260821,20260905,0
15V872,1c9be7b0,e5b7ea21,763e9fe3,20260821,20260905,0
15V725,60074ace,4617acc2,aef578e3,20260821,20260905,0
15V322,bc260257,651a71e0,c13e9bc9,20260821,20260905,0
15V334,ac8b9836,e7e471e8,9dfa4762,20260821,20260905,0
15V882,2d910fa4,634b3d18,ca0e55ad,20260821,20260905,0
15V318,783d2281,3e1ca9ec,b0a66d6c,20260821,20260905,0
15V319,66ebc099,3e1ca9ec,1a3e9338,20260821,20260905,0
15V320,8ff0cad2,3e1ca9ec,b669a67f,20260821,20260905,0
15V330,4a764331,7630b044,27fdab27,20260821,20260905,0
15E047,0b70dbc4,faf1d5d7,e413de55,20260821,20260905,0
15V343,c5dc8a61,7630b044,2a7540f5,20260821,20260905,0
15V347,985c3cb8,23540bd1,81c2d17d,20260821,20260905,0
15V349,dc7f6efc,6bfd7505,abc7de99,20260821,20260905,0
15V356,037cb102,8df518f3,2e44b438,20260821,20260905,0
15E049,1f781d98,cb827927,00ff85eb,20260821,20260905,0
15V370,8cc3d392,af16f881,6452cac9,20260821,20260905,0
15V376,1c4f87ba,0ac7e51e,b6aa4915,20260821,20260905,0
15V378,6ba85c3c,07a52dad,080cca58,20260821,20260905,0
15V380,cf67b354,b89ed39b,bb52ebd4,20260821,20260905,0
15V383,611d1ec4,552bceb1,9b029a49,20260821,20260905,0
15E052,fd8ecd46,66387762,3cc6fb18,20260821,20260905,0
15V398,ba2504ef,22e8b267,43b71ed1,20260821,20260905,0
15V404,0ba647b1,f8869779,ff6d23f7,20260821,20260905,0
15E054,3bfbe713,9e954c1a,fa921e02,20260821,20260905,0
15V408,2e9881b7,7c004366,aa5bab6c,20260821,20260905,0
15V409,b3fd45b9,fabff754,ecf457bf,20260821,20260905,0
15V412,f46e4db5,420596eb,b668278f,20260821,20260905,0
15V452,186d86b4,333e7cb6,588628e2,20260821,20260905,0
15V419,c8f7bf23,8a18bb66,59529975,20260821,20260905,0
15E056,7230ed3c,739746f6,2962296f,20260821,20260905,0
15V424,33d0babb,ec60ba05,59f31bb8,20260821,20260905,0
15V426,7b6a3791,62d058ca,cfbdfe63,20260821,20260905,0
15V438,2fe1dd9a,7630b044,ed77e1e6,20260821,20260905,0
15V440,c35428bc,0ceeb4e3,2bcadaf1,20260821,20260905,0
15V441,3bca77f5,43124ae4,4b95ebec,20260821,20260905,0
15E059,2b02a75c,d1cac418,64c761b3,20260821,20260905,0
15V451,42c7e5e9,5369a5fd,aad83cbd,20260821,20260905,0
15V464,e02482e8,0de439f9,89630132,20260821,20260905,0
15V469,97b57128,09dffe2f,36f80320,20260821,20260905,0
15V473,c3df1543,a6258f82,9046ea7c,20260821,20260905,0
15V474,bbb529d5,8a2170d8,6d48cde8,20260821,20260905,0
15V478,1de2110c,7e59def5,ae1b40b2,20260821,20260905,0
15V480,b51faf88,1e7e8679,183d6b66,20260821,20260905,0
15V482,70b180dc,bfaad07b,2ff0c5dc,20260821,20260905,0
15V484,de57f066,1e7e8679,ae238570,20260821,20260905,0
15V488,10a6a294,7e59def5,f6b81881,20260821,20260905,0
15V495,a349d904,3fba5e9c,be03db3f,20260821,20260905,0
15V496,bb0471b3,34d08622,810212df,20260821,20260905,0
15V499,19a0cd4e,fabff754,d11b500b,20260821,20260905,0
15V506,6962523c,1cdb4d7b,8438401b,20260821,20260905,0
15V513,2a39a7af,7e59def5,49f10164,20260821,20260905,0
15V518,3af7c7ab,868d4ea1,6d250de6,20260821,20260905,0
15V523,d11a1b0d,8491bedc,7b121f3b,20260821,20260905,0
15V528,5e155866,72bfdee0,283420c6,20260821,20260905,0
15V532,d0d3af88,d1cac418,3917fd34,20260821,20260905,0
15V534,3f5a862d,f09a24bd,5b17d51d,20260821,20260905,0
15V542,eb956a64,a9782f70,67b5ff85,20260821,20260905,0
15V551,366b84c8,e9580900,4481fc70,20260821,20260905,0
15E072,3ce7322b,aad19c32,25f9ee43,20260821,20260905,0
15V558,7ff33556,8102cb66,9dd87acd,20260821,20260905,0
15V561,8f54e10a,f2fcd86f,42d5194d,20260821,20260905,0
15V567,08fc78c9,890ae47b,1b2d3710,20260821,20260905,0
15V569,4bc1542e,01caace8,55087189,20260821,20260905,0
15V570,e78d18a0,b02732d7,a38fbeec,20260821,20260905,0
15E075,68bed06a,36854fa9,d509c816,20260821,20260905,0
15V604,d14bcecb,890ae47b,43f36eea,20260821,20260905,0
15V579,8e83f15a,cfeb4c15,3c444339,20260821,20260905,0
15E077,f80e89a4,235d56a3,b0a7d0d9,20260821,20260905,0
15V582,e26c1eca,913c0f3a,0289cf23,20260821,20260905,0
15V585,3fe9cbd6,890ae47b,e2956645,20260821,20260905,0
15V589,b2284567,dc625d28,f363d060,20260821,20260905,0
15V594,72907096,9f393aa8,c608d98b,20260821,20260905,0
15V602,cc1091fb,f7aee42c,24083966,20260821,20260905,0
15V603,728d7ca6,52a3800f,0aa9ac24,20260821,20260905,0
15V613,95656e9d,3d5af21b,d6b87a3a,20260821,20260905,0
15V616,459127e5,6632c7e7,ce2a66fc,20260821,20260905,0
15V620,621f4fa9,bf91ce2f,2597c17a,20260821,20260905,0
15V623,bbe086d3,bf91ce2f,fa242a5c,20260821,20260905,0
15V625,1514329d,8fe9a988,93fbf22e,20260821,20260905,0
15V619,849025e1,51542824,ac9fa4dc,20260821,20260905,0
15V622,e6dde451,51542824,cc503cc6,20260821,20260905,0
15V632,70a1b445,cbb1fbdc,ed35ca0e,20260821,20260905,0
15V635,7eb7c0e6,cbb1fbdc,63a0546b,20260821,20260905,0
15V636,11359c09,2875e903,8142b5cf,20260821,20260905,0
15V639,98b6d37f,235d56a3,b822896d,20260821,20260905,0
15V661,2246ec17,5a0f0905,5c7a7d16,20260821,20260905,0
15V666,6dd6129f,0f414edc,3db9ec75,20260821,20260905,0
15V803,175323bc,f89adf4c,da08545b,20260821,20260905,0
15V652,e8580e7d,0c65528a,0b4db660,20260821,20260905,0
15V658,93772d08,35fc988e,52870f40,20260821,20260905,0
15V659,991861ff,c51f74a5,076be361,20260821,20260905,0
15V671,c1270924,0d466d7b,b023077b,20260821,20260905,0
15V669,9e5667f8,532c6e61,119e014f,20260821,20260905,0
15V684,f28a8a59,bb0ea174,f6589da7,20260821,20260905,0
15V686,9939dc65,85f84c4d,30bd54b5,20260821,20260905,0
15V687,b0a284c6,ba74793f,dae9ed6b,20260821,20260905,0
15V690,0d92b4dd,c08988b0,6b8e1751,20260821,20260905,0
15V693,0eef8239,235d56a3,8c8eefbb,20260821,20260905,0
15V695,a3b8ada2,49ba8148,1138ed9d,20260821,20260905,0
15V698,1aa20869,f2fcd86f,dc27f7d2,20260821,20260905,0
15V705,b117d711,1a9ad273,d91c64d1,20260821,20260905,0
15V710,ef0c3f3d,e0eaa097,186d55d4,20260821,20260905,0
15V716,aa9d7fe4,7fcfe757,75df1262,20260821,20260905,0
15V740,a205cc4f,2255c812,d3a3a22a,20260821,20260905,0
15V727,c0fd9aa2,5cb81ae9,36b1ea7a,20260821,20260905,0
15V732,63060bb0,8fa65755,a357ebef,20260821,20260905,0
15V733,5e44eeea,53d29570,1d0b981a,20260821,20260905,0
15V739,65f8a0a7,d5670c4d,9a196cb6,20260821,20260905,0
15V741,bb76ed1a,bfe648f8,a74c921c,20260821,20260905,0
15V743,90f40bb5,b8ae55f0,ff348cab,20260821,20260905,0
15V744,839ab2dc,a754dfb9,6a7c0f2f,20260821,20260905,0
15V749,89e71ce0,8fa65755,5066bd26,20260821,20260905,0
15C004,51a0ddac,1fffa5fa,41912c83,20260821,20260905,0
15V757,e98fff34,8fa65755,b956d269,20260821,20260905,0
15V164,929d9f02,d9d92885,26a357df,20260821,20260905,0
15V166,1aaba12d,6ec19b18,71fe70e6,20260821,20260905,0
15V170,9ea765a3,d934d475,765edcf0,20260821,20260905,0
15V172,a607c356,f5fef70e,92c115b9,20260821,20260905,0
15V175,61fd1b95,fb278918,faca8fdd,20260821,20260905,0
15V176,0155d95a,6b881a86,da744cea,20260821,20260905,0
15E024,e13f0f36,5616644c,3a264239,20260821,20260905,0
15V177,a2621fc8,77b03ca7,88b05dbd,20260821,20260905,0
15V181,a7c27aba,abfe8c16,89b9e1f7,20260821,20260905,0
15V182,39bd7bef,e35376a0,8b315bb1,20260821,20260905,0
15V184,a14e507b,e9701fdd,36400587,20260821,20260905,0
15V185,c7d345f3,a3915ddc,dcf17f43,20260821,20260905,0
15V206,641a886e,4a52d3b6,4e4b3713,20260821,20260905,0
15V187,e3aa3192,a1e4cce3,fc2c456e,20260821,20260905,0
15E026,9d936141,f632baea,32e1299a,20260821,20260905,0
15V189,853a5b80,6d478e44,2e09daa5,20260821,20260905,0
15V190,c9def1fb,9cfb172f,15063154,20260821,20260905,0
15V193,e223abe9,b3392ba7,8a506790,20260821,20260905,0
15E027,451a9f25,9a46ae6e,6b005ea9,20260821,20260905,0
15V202,2bcb98b6,f12b3f04,500fe133,20260821,20260905,0
15V205,bb944c56,571e3c67,c160fd11,20260821,20260905,0
15V207,91e7a84e,0ac7e51e,b33be66d,20260821,20260905,0
15V209,654202ea,ff62db25,a8545ff4,20260821,20260905,0
15V214,8946e512,915067c7,3a80fe36,20260821,20260905,0
15V217,ebecd41d,0934b683,ec9ad977,20260821,20260905,0
15V219,5ed1a66c,b657eeb4,637c60d9,20260821,20260905,0
15V224,47a52e58,218f00e9,ee63a983,20260821,20260905,0
15V227,967ec62a,712ef3c7,8d12710b,20260821,20260905,0
15V230,eb4a8290,3d66a9eb,20851311,20260821,20260905,0
15V233,95fd1d93,6f4f668d,e9e0471d,20260821,20260905,0
15V239,41f275f3,d608e6c5,d17c50bd,20260821,20260905,0
15V034,789a3f85,b6134bd3,c50ce2c0,20260821,20260905,0
15V036,911df895,5ed1447d,8fccaa5d,20260821,20260905,0
15V037,54d7369b,eb7836fb,f04e6459,20260821,20260905,0
15V057,9380c454,f5a86042,47879d97,20260821,20260905,0
15V059,f81917a1,97e1f6c1,a64820f2,20260821,20260905,0
15V063,ae801b3d,4d05c32e,d90ffd7d,20260821,20260905,0
15V067,8eebb192,a7106dc4,26eb5620,20260821,20260905,0
15V069,794171c3,3c771f91,d6ed947d,20260821,20260905,0
15T003,ed6a9e0c,fdac4e6a,864ed7c2,20260821,20260905,0
15V079,016453b0,567010c9,f4c71116,20260821,20260905,0
15V085,93daf026,f12b3f04,5361f4c0,20260821,20260905,0
15V087,8709b27c,4b4e6414,f3ffe112,20260821,20260905,0
15V091,9f6d6882,31e4ea2e,c7d2be04,20260821,20260905,0
15E011,afe7da4f,d4ab472b,e47643cb,20260821,20260905,0
15E012,33da49f4,50ed2797,b654df26,20260821,20260905,0
15V103,a251d62f,668d3b4d,251c51a6,20260821,20260905,0
15V109,721f7997,607273ba,22db47e8,20260821,20260905,0
15V116,5264fc4d,f1c38c35,9b93ffb8,20260821,20260905,0
15E015,54794d62,9632a518,aeba5c9a,20260821,20260905,0
15V126,92524fa2,64e26c71,3dca8f6b,20260821,20260905,0
15V127,cec9e834,aae17e26,e3825e79,20260821,20260905,0
15E018,1dd9b23e,929d56ad,3ef40b39,20260821,20260905,0
15E020,f4e837ef,6703b287,35b57b86,20260821,20260905,0
15V140,f0d186f9,e55d5ec1,2a289645,20260821,20260905,0
15V141,8f3b3eb7,a53e002e,3c29860a,20260821,20260905,0
15V143,52bb9508,235f95ef,27bee8d2,20260821,20260905,0
15V144,60c59676,3e115d8a,9a497253,20260821,20260905,0
15V163,40f91159,2fe5716e,9e50b6bd,20260821,20260905,0
15V150,0085207c,55094206,87bd20ed,20260821,20260905,0
15C001,096b74b4,ea06f91c,13f1bc4d,20260821,20260905,0
15V160,8db87a92,c1d389eb,fb376547,20260821,20260905,0
15V161,65d448f9,e7492777,c4bc891a,20260821,20260905,0
15V167,f236bf28,61fa3559,a4c4db00,20260821,20260905,0
15V169,cdeb91c7,34e12e21,8bfb59c3,20260821,20260905,0
15V178,7b436998,c4fb4e30,16154789,20260821,20260905,0
15V171,3e423cfd,9b2cbf9e,ca8fd444,20260821,20260905,0
15E025,f46d27f9,811b7aa3,e71750c9,20260821,20260905,0
15V200,25695770,75da9c0a,ff50284c,20260821,20260905,0
15V201,258e9af6,ab7d006c,9d1be5aa,20260821,20260905,0
15V203,44297a9a,ff62db25,eadda892,20260821,20260905,0
15V211,6047a4c3,4b5babaa,102fd4ee,20260821,20260905,0
15V212,d392f45c,0ac7e51e,49b5ba02,20260821,20260905,0
15V216,655b3646,e7daf9f0,7377f762,20260821,20260905,0
15V218,d6ec9bbb,c0aad525,3c675535,20260821,20260905,0
15V221,45dc3970,3d66a9eb,78b1588c,20260821,20260905,0
15V223,7535e8fb,d1449a01,686fce5f,20260821,20260905,0
15V226,67867135,0b38c013,c3adeffc,20260821,20260905,0
15V242,8e318133,2868f13d,571e54a1,20260821,20260905,0
15V228,af25bf3f,7f9541cc,4cb873c5,20260821,20260905,0
15V229,34d4dfbb,9488a166,96f48457,20260821,20260905,0
15V232,767d3144,c2252f4d,6a3d816a,20260821,20260905,0
15V234,fee064b0,3770762f,ac268e07,20260821,20260905,0
15V235,20536b2c,0ac7e51e,fa4aace3,20260821,20260905,0
15V238,5e7976e3,0ac7e51e,b75c406d,20260821,20260905,0
15V243,5cc1eefb,189ed7a0,96869f69,20260821,20260905,0
15T009,58dcfb3f,171afff2,05c16cc8,20260821,20260905,0
15V256,30ccbe57,29ce0317,b6323459,20260821,20260905,0
15V250,307121fd,a7f2507e,ad722c62,20260821,20260905,0
15V251,6911066b,3e298c17,95da19d8,20260821,20260905,0
15V253,f0def5a3,4ae4e62b,20eb581a,20260821,20260905,0
15V262,f9545b98,7630b044,c714ada1,20260821,20260905,0
15V265,153f4793,1bc1f0df,fd10e0d4,20260821,20260905,0
15E037,6bd4a596,7afb0457,73be2dda,20260821,20260905,0
15V272,14e39a64,c1c08062,cea6142f,20260821,20260905,0
15V274,82a6baab,4fb12a02,cc1d6832,20260821,20260905,0
15V276,0b435040,5781470f,dac03555,20260821,20260905,0
15V284,b8c31b8e,3e1ca9ec,d34b1da7,20260821,20260905,0
15V285,56b9197e,651a71e0,a67e258a,20260821,20260905,0
15V286,588092f3,651a71e0,62a66c2f,20260821,20260905,0
15E039,a6d8c29a,a65c6abc,bf1116ec,20260821,20260905,0
15V290,44d6d455,cfcd8474,280a6730,20260821,20260905,0
15E043,fae7da53,0b38c013,67c0e4e8,20260821,20260905,0
15V294,3e3049d4,7630b044,47457a7b,20260821,20260905,0
15V308,b97c3f79,dc3fecb4,861d18c0,20260821,20260905,0
15V309,5d5f8801,7630b044,3dffff27,20260821,20260905,0
15V324,c3b520ba,0fe86c76,18b6329e,20260821,20260905,0
15V337,74cd9c46,7f6c32d5,82be02e0,20260821,20260905,0
15V338,a927e4a3,8672bea1,fa4f8818,20260821,20260905,0
15V312,d7d961f3,0b38c013,cbec0bbd,20260821,20260905,0
15V329,6df63ea8,db3dc407,31f1e913,20260821,20260905,0
15V355,8a67de35,e94b9f18,d2df0252,20260821,20260905,0
15V341,0a4203d8,faf1d5d7,bd2ea05d,20260821,20260905,0
15V352,6178624b,7fb0e99f,0a588eb0,20260821,20260905,0
15V364,3c381bfa,faf1d5d7,367cf85d,20260821,20260905,0
15V365,f681a503,c0285d45,3be305d8,20260821,20260905,0
15E051,4f40631c,8db23079,68021986,20260821,20260905,0
15C002,5dcc3261,94f575ad,532550a6,20260821,20260905,0
15V394,a124487e,ed225b04,d145ee55,20260821,20260905,0
15V381,31d2803e,ba33811a,56cc9c0f,20260821,20260905,0
15V386,f5db7773,d75888ca,18ee45e6,20260821,20260905,0
15V395,d013bccb,02bd9d78,32d93be7,20260821,20260905,0
15V396,5464f17f,94b7a524,0829abf6,20260821,20260905,0
15V447,e3bce99c,4a42b14f,aa2f528d,20260821,20260905,0
15V467,5fba02dc,ad2b38e6,216e8ff5,20260821,20260905,0
15V399,7ac230fd,8942210e,4bc6cbad,20260821,20260905,0
15V400,d91e6acf,7e93231f,0d9d05a6,20260821,20260905,0
15V405,32426a19,1ff60f05,2cb2e9ae,20260821,20260905,0
15V413,8da8cecf,110b6214,0d77832c,20260821,20260905,0
15V415,6c406881,3443795b,43c6067d,20260821,20260905,0
15V418,99aeff56,ccac558f,d5f3ecdc,20260821,20260905,0
15V422,000d77ca,a9d98e27,237b92d7,20260821,20260905,0
15V425,faa3a74c,d4bb76e8,1143b290,20260821,20260905,0
15V429,32bb5e73,f3f96aa9,a46d6777,20260821,20260905,0
15V431,c429fc7b,c2a2516f,db74ce7d,20260821,20260905,0
15V435,378a334f,3f4567f8,5a1f7542,20260821,20260905,0
15T012,fdebc89c,61e92fb4,69f62b2a,20260821,20260905,0
15V446,5756b806,11c60a55,17d33ba3,20260821,20260905,0
15E060,07731557,6a6321ac,bc8c8f32,20260821,20260905,0
15V449,f339de0c,6d36b5ea,7c187754,20260821,20260905,0
15V456,fab5de6f,c76f0741,4561d3a5,20260821,20260905,0
15V461,349c0d8b,54943c4c,eb9afab1,20260821,20260905,0
15V462,7152b098,7d30b0a1,6ab8d0cc,20260821,20260905,0
15V502,fa792e75,d19f6057,dc12884e,20260821,20260905,0
15V470,95189547,47844809,414420e2,20260821,20260905,0
15V471,661fa4b6,50a061e4,d011a408,20260821,20260905,0
15V475,a184a5e3,7d5c0d8a,37016c0f,20260821,20260905,0
15V476,e0ec2240,1eb81921,8492a03f,20260821,20260905,0
15V481,ee53dcb1,9480ab94,4934327b,20260821,20260905,0
15V483,be24445e,6fae8114,18a3569d,20260821,20260905,0
15E064,55d25fc3,24e78a0c,73f28f53,20260821,20260905,0
15V487,25aaa42b,5abbdf43,33bb82a1,20260821,20260905,0
15V489,11e087e1,42d2a95a,b25730d5,20260821,20260905,0
15V491,76f00c97,590e39a8,143df664,20260821,20260905,0
15V492,805069d0,57211859,28221fa3,20260821,20260905,0
15V493,069a379e,d1d051ab,90d603c8,20260821,20260905,0
15V500,9a343696,74c82b7a,0e30f990,20260821,20260905,0
15V503,127e9113,df6da774,0553b574,20260821,20260905,0
15C003,2547920a,eda62ce4,8a1b7b51,20260821,20260905,0
15V507,35dda709,150212d4,4ce9496a,20260821,20260905,0
15V508,383b56ad,54943c4c,5d11a162,20260821,20260905,0
15V509,f39a899f,da69f4d5,f781ccaa,20260821,20260905,0
15V515,1fe518ff,d771e14a,33fc29aa,20260821,20260905,0
15V516,f97c8127,321ed81d,d1588e87,20260821,20260905,0
15E066,6c48bada,6632c7e7,2bd0c36d,20260821,20260905,0
15V525,b2649a45,23e3f234,aa82ba0b,20260821,20260905,0
15V527,ed1fc505,ed225b04,e5b24cfe,20260821,20260905,0
15V529,35df3ba9,f0bed50c,6b2318a2,20260821,20260905,0
15V531,7840ae17,4682bb88,8eef9d35,20260821,20260905,0
15E068,966a55fa,8fa65755,cf89b916,20260821,20260905,0
15V538,38ea8b4a,d1cac418,ad21da28,20260821,20260905,0
15V539,c3120768,f10c84e2,2631c490,20260821,20260905,0
15V544,93c93373,758fc771,fef2f2ce,20260821,20260905,0
15V557,a02f7fb3,381dae48,5054b82f,20260821,20260905,0
15V559,e7f89aa1,1c75cc08,52702b26,20260821,20260905,0
15V565,6a22d929,8fa65755,b72705c3,20260821,20260905,0
15V259,8e5fcd5b,0ac7e51e,d138f9fe,20260821,20260905,0
15E074,7d016600,1e1c8ee0,d8130e69,20260821,20260905,0
15V568,59532009,ea13b38c,16b91cd2,20260821,20260905,0
15V573,a7fb9847,4ea689c6,86873c6a,20260821,20260905,0
15V574,7318e6b2,07b0ce85,023efc5c,20260821,20260905,0
15V385,4b5c07a7,36b5d992,f36712d8,20260821,20260905,0
15V808,c507e87f,8e44f435,529600a9,20260821,20260905,0
15V815,8334ebbc,1e533090,ffbd4759,20260821,20260905,0
15V821,bf9fc107,50c639dc,ff642ff4,20260821,20260905,0
15V188,77c84757,32276bb8,4e362895,20260821,20260905,0
15V826,c713a0aa,c810699c,90fd79e8,20260821,20260905,0
15V830,f671250a,86f8f1d9,6c6cdbcf,20260821,20260905,0
15V833,becb456b,0ffef971,f7082a4c,20260821,20260905,0
15E094,c8649502,68165e61,80a8f893,20260821,20260905,0
15T024,16292735,8d2abcf3,d2f08ed3,20260821,20260905,0
15V863,61f89cac,4a5423cd,233b5a10,20260821,20260905,0
15V866,a3fb6536,e569a686,7287f51c,20260821,20260905,0
15V868,f41c1800,8fa65755,7f64f482,20260821,20260905,0
15V874,c485936e,8ae48eb8,85033302,20260821,20260905,0
15V884,0ac3f9cb,192fea46,eadacf98,20260821,20260905,0
15V886,4f92c9fd,00fc435b,bac11ed1,20260821,20260905,0
15V004,c64be219,607273ba,4a1fd930,20260821,20260905,0
15V009,744ce67d,607273ba,7fa87393,20260821,20260905,0
15V015,53c1f05e,a0f2adf5,6a930192,20260821,20260905,0
15V021,b42278b0,4d05c32e,90c03270,20260821,20260905,0
15V022,bf809c4b,6316655e,2c957d47,20260821,20260905,0
15V030,462f70bc,4da17d9a,632fb935,20260821,20260905,0
15V039,ee0f9d1b,9d7e648e,8b5a2dbf,20260821,20260905,0
15V040,b3a9082c,9b2cbf9e,a287ce84,20260821,20260905,0
15V044,e98b7028,4265d6fd,829f7a22,20260821,20260905,0
15V045,6338030a,44eea73c,e3a3acad,20260821,20260905,0
15V046,2c6dab59,44eea73c,3388c3f1,20260821,20260905,0
15V066,6bf7e1af,4632abf8,1146a0d0,20260821,20260905,0
15V047,18930112,9c5eeb4f,f8336d95,20260821,20260905,0
15V050,43093fc8,35b3ae68,cb1108b5,20260821,20260905,0
15V056,1d14d5d4,d373aa38,ecb483d3,20260821,20260905,0
15V071,d17481eb,8b1c0143,197965b7,20260821,20260905,0
15V072,63e6a358,248d3f54,35ea808c,20260821,20260905,0
15E005,85f2244d,5565f312,c7cdbd90,20260821,20260905,0
15T004,e7abf13f,29208f3d,fa3aae6f,20260821,20260905,0
15V082,b574d6ca,06d98e07,82a6c877,20260821,20260905,0
15V090,a37d35ed,cb5c6a13,c50959c5,20260821,20260905,0
15E008,836e7676,5616644c,d982c2ad,20260821,20260905,0
15V094,783b1dde,381c39ef,f08b6df0,20260821,20260905,0
15V095,9f5a5178,b0ddc1c3,25e9e75e,20260821,20260905,0
15V096,09e66bce,bd39b3e9,9b66645b,20260821,20260905,0
15V097,0ae6734d,10fdfbe7,5d632637,20260821,20260905,0
15V105,127c927c,1f424116,e9ce5abe,20260821,20260905,0
15V111,922ae7d9,f82fc744,390c0177,20260821,20260905,0
15V113,a6af2592,65b92c13,6b1b5601,20260821,20260905,0
15V129,018df92e,e9701fdd,77f29b2e,20260821,20260905,0
15V130,e7a0bbe3,9b175e80,bd10c6e4,20260821,20260905,0
15V133,d40f29ff,badcaa83,fc74553e,20260821,20260905,0
15V135,fbc0fa42,06d98e07,f710918f,20260821,20260905,0
15V136,10c7734b,8f350033,0efe3949,20260821,20260905,0
15V137,be4f6b8f,eb835fb3,773c9fcf,20260821,20260905,0
15V139,710f302b,d1cc1185,f82fa99e,20260821,20260905,0
15V146,926b07fb,1687f463,8c9acda7,20260821,20260905,0
15E022,80717919,76b4c892,d07890b6,20260821,20260905,0
15V157,0bdd166a,5ea9a97a,caa9fa2b,20260821,20260905,0
15V158,5ad83048,5cea5114,bebd6e19,20260821,20260905,0
15V162,e7541836,69ff3f58,e7822555,20260821,20260905,0
15V168,a58f6f2f,ea854e84,12664104,20260821,20260905,0
15V173,46d001d1,8df518f3,80eb1a5f,20260821,20260905,0
15V183,a3547852,5616644c,8a5d6f2c,20260821,20260905,0
15V191,0b28edae,9cfb172f,d90571ce,20260821,20260905,0
15V194,7b62ac8d,208effb1,b85ccc2d,20260821,20260905,0
15V197,c5bd02b5,6d478e44,06fd01cb,20260821,20260905,0
15V208,ce11e300,bd1bce78,29762456,20260821,20260905,0
15V215,41935f4a,0ac7e51e,8282671c,20260821,20260905,0
15V213,b2e44bf3,94b7a524,ac7404cd,20260821,20260905,0
15V220,a88996b2,18c56e00,06199a2e,20260821,20260905,0
15V222,aeef335a,beaa0078,7d696a52,20260821,20260905,0
15V225,742584ec,129a9a23,32c4a262,20260821,20260905,0
15V237,dee51e76,916f2020,4eccd935,20260821,20260905,0
15V240,97f5c537,a6ac8b78,f1992014,20260821,20260905,0
15V244,c0a2a3cd,1e960958,b4e614d0,20260821,20260905,0
15V247,a0a94692,7e59def5,e612ce82,20260821,20260905,0
15V249,cd6c960b,d7d508c2,7aaf9416,20260821,20260905,0
15V255,6f4c31a4,3d66a9eb,13e8ba50,20260821,20260905,0
15V258,84e5ec9b,4abe80dc,21c0eb92,20260821,20260905,0
15E035,83552190,7afb0457,73be2dda,20260821,20260905,0
15V270,3bb4fbb6,c76f0741,6ac31a31,20260821,20260905,0
15V331,a78e0e91,242ee7ec,2cc983bd,20260821,20260905,0
15V379,bedf072c,3c913e2d,158a641a,20260821,20260905,0
15V280,8ac2c694,5781470f,47103fef,20260821,20260905,0
15V281,c80f7021,c197088b,8ff34b79,20260821,20260905,0
15V287,21aca3de,651a71e0,26fd446c,20260821,20260905,0
15V302,2d96e678,712ef3c7,5466228c,20260821,20260905,0
15V305,84640ead,183a687a,a3dfc92d,20260821,20260905,0
15E045,846dea29,da1362c3,038113ee,20260821,20260905,0
15V315,bbd0c1b3,7f951288,224b2a92,20260821,20260905,0
15V340,2beed6ae,333e7cb6,913ae21f,20260821,20260905,0
15V323,aefa5768,651a71e0,6bea12c1,20260821,20260905,0
15E046,8efb80c3,d7326e0f,4cdb8d7e,20260821,20260905,0
15V348,9465eead,e084a7c1,7f20ad65,20260821,20260905,0
15V344,ddbebc7d,7630b044,41e68b54,20260821,20260905,0
15V350,1a6eace7,92dd2c5b,62d99f32,20260821,20260905,0
15V359,64a626c0,0ac7e51e,54290437,20260821,20260905,0
15V361,99df622c,5c664094,fe86aec1,20260821,20260905,0
15V368,b3dbe7de,4eaa578b,2dd39ee2,20260821,20260905,0
15V369,adedff83,b9b262bf,5d404c31,20260821,20260905,0
15E050,885baa62,721499d0,c49226d2,20260821,20260905,0
15V375,4f8d92cb,4b5babaa,051aa3df,20260821,20260905,0
15V377,0dde01ef,dc3fecb4,fec82a39,20260821,20260905,0
15V388,f007edaa,02bd9d78,87c3b9c6,20260821,20260905,0
15V389,b481aaa7,a0a3d852,5cc3ff36,20260821,20260905,0
15E053,c32fd604,8fea4c4b,e8d68ace,20260821,20260905,0
15V403,9cc22249,88498dfb,cdf9e2b8,20260821,20260905,0
15V416,15713880,ebf24fa3,fed54131,20260821,20260905,0
15V421,fdbc6740,e9d3a11f,6eebfa70,20260821,20260905,0
15E055,600e50e4,739746f6,2962296f,20260821,20260905,0
15E057,7d1f1333,ff62db25,ed253cc0,20260821,20260905,0
15V432,8999ddd9,d4bb76e8,25fd9135,20260821,20260905,0
15V433,d9fad7c3,42b87373,65f2e8a4,20260821,20260905,0
15V436,4b122942,9e8063cd,aee7b23d,20260821,20260905,0
15V437,9e23df8b,2765b90d,827267da,20260821,20260905,0
15V439,c0dfd6e5,f0c278b7,cc19e9a1,20260821,20260905,0
15V442,e43a53ec,fe36717b,f2bc6122,20260821,20260905,0
15T014,bd4de427,008b48a8,d1f9e911,20260821,20260905,0
15E061,16d52ff9,2665b764,8d9194d3,20260821,20260905,0
15V453,6934a08a,d0176ace,f41103fa,20260821,20260905,0
15T015,114a59d9,49bfb38f,abede2ec,20260821,20260905,0
15V460,95b01fe0,ad2b38e6,03d92510,20260821,20260905,0
15V455,855473d0,ccdd1276,b3dc03b7,20260821,20260905,0
15V458,68a84d4c,c7517b78,985871a4,20260821,20260905,0
15V459,94c04bfb,9815fb97,d67d3576,20260821,20260905,0
15V463,6110d888,96b4d86a,da051b6b,20260821,20260905,0
15V465,b2d188d2,061f0074,e55bbd51,20260821,20260905,0
15V466,8bdfde8f,9459b5b4,18a17e39,20260821,20260905,0
15V468,6af4ebba,bbe3239b,e2786367,20260821,20260905,0
15V485,4998be4a,8459bd14,0b745278,20260821,20260905,0
15V486,cca12a36,594ba308,6d788745,20260821,20260905,0
15V490,05efbd7e,3823595f,326963b9,20260821,20260905,0
15V494,8f496054,6221d11e,b07935f7,20260821,20260905,0
15V497,ae04b055,8a3141a1,53123994,20260821,20260905,0
15V504,65a766c1,e62e9ab7,6b9795e5,20260821,20260905,0
15V510,7d99c67b,9af9c815,3fff1662,20260821,20260905,0
15V505,c75f9afb,d241e379,a5283c8d,20260821,20260905,0
15E069,138261a1,c2f17a5b,f9e6ac7c,20260821,20260905,0
15V512,1bff774f,536df519,b4db67a8,20260821,20260905,0
15V517,47fde397,0f3ffe4b,243ebc96,20260821,20260905,0
15V519,a1c43eef,6c0d95c6,ed723151,20260821,20260905,0
15V520,11e0ef84,4c3485fc,744ab490,20260821,20260905,0
15E070,08f62920,5368662d,7add282f,20260821,20260905,0
15V550,01f3a1c1,15f9fb14,c5e22a0a,20260821,20260905,0
15V656,9178a10c,9e41ef22,67a43e4c,20260821,20260905,0
15V521,9a221fc3,2630b226,ed704573,20260821,20260905,0
15V533,78a409f4,604e0d0a,767f66b0,20260821,20260905,0
15V535,913905f4,d5a78d15,92125cb8,20260821,20260905,0
15V536,1630c3f2,9c006a8e,a347dbbe,20260821,20260905,0
15V541,fb4a3ef8,b4ecc461,7e008890,20260821,20260905,0
15V545,fa9a64c5,758fc771,137e7a1f,20260821,20260905,0
15V552,f32b793a,af8c29ed,a49cee1b,20260821,20260905,0
15V553,44c3883b,5e5a4109,799ccc29,20260821,20260905,0
15V555,d72942c9,a3e1801e,fa633b8f,20260821,20260905,0
15V564,a36bb95d,8fa65755,f796ff0b,20260821,20260905,0
15V566,14352472,e1d75c50,5067d855,20260821,20260905,0
15V572,beeca6ed,66316291,12489450,20260821,20260905,0
15V662,38ed0b6f,82946bc1,705b4d7d,20260821,20260905,0
15V761,537cf5a2,0ca75bc9,6f6b9e3d,20260821,20260905,0
15V763,cbcfe234,55b62670,559e342e,20260821,20260905,0
15V778,2a57f519,66316291,24bb15d0,20260821,20260905,0
15V765,0c6792db,8fa65755,a6f66d22,20260821,20260905,0
15V771,2fcf657a,1790423d,91470906,20260821,20260905,0
15V772,a6149751,8fa65755,e2626f36,20260821,20260905,0
15V802,075d4a82,79e2acc9,18f7db2c,20260821,20260905,0
15V781,5f849347,565105d3,0bf4f7cb,20260821,20260905,0
15V782,c634a7a9,df9f0fb2,dfc77259,20260821,20260905,0
15V784,9b558ce2,e37c9765,ada119bb,20260821,20260905,0
15V792,6c394d9d,114f3474,7bcd7d69,20260821,20260905,0
15V793,7625b0d4,d8e74b21,b8d12703,20260821,20260905,0
15V799,94997baa,6171e772,65588830,20260821,20260905,0
15V540,a6fa79c9,46a8e035,8ee8a9cc,20260821,20260905,0
15V450,0c10b727,0d723d50,c2483a93,20260821,20260905,0
15E062,5d49c1a6,8018a70b,9daad1b9,20260821,20260905,0
15V454,341d0d2d,6d892133,0b3a6f51,20260821,20260905,0
15V457,25b8f29f,4a56640f,d3a7bce5,20260821,20260905,0
15V524,1195372d,9273d837,f39d79c5,20260821,20260905,0
15V472,162ed1b4,b90a30cc,8a03c521,20260821,20260905,0
15V477,0c8e3e0e,a1978306,8071a483,20260821,20260905,0
15V479,bd37b890,560a760d,afed6d67,20260821,20260905,0
15V498,516fd0fd,db14bc08,b38845ec,20260821,20260905,0
15T016,0287b85b,6a9418c1,205c6d6b,20260821,20260905,0
15V501,50362f5a,7269d403,fc0b7aed,20260821,20260905,0
15V511,1d1925f4,4bb3afa0,264e83c7,20260821,20260905,0
15V514,3000366b,cc65f4ee,4fd8033d,20260821,20260905,0
15E065,91165744,c08988b0,fc5ec492,20260821,20260905,0
15V522,6c4d6094,690f9b66,75db4256,20260821,20260905,0
15V526,f18d13b0,7e59def5,f387d1ef,20260821,20260905,0
15V530,648188dd,97160768,dfec5ed8,20260821,20260905,0
15E067,d8541157,cbb1fbdc,76c6db31,20260821,20260905,0
15V543,4e7fab93,565105d3,67dadef6,20260821,20260905,0
15V546,c6bec06a,46fdde83,63f59aed,20260821,20260905,0
15V547,798a2848,0704bba5,84349074,20260821,20260905,0
15E071,dfcee8ce,6c43e8f1,6cb957d0,20260821,20260905,0
15V549,57449ef8,453a24ed,b67c50e2,20260821,20260905,0
15V556,80b6ead9,1d9fdcac,946d49bf,20260821,20260905,0
15V560,c318e34d,e9580900,6dc44812,20260821,20260905,0
15V562,fc98ff1d,a661eb39,5849d496,20260821,20260905,0
15V586,b877f502,b29147b4,6f107b1a,20260821,20260905,0
15V563,724b8517,89215ebe,2e2c62e8,20260821,20260905,0
15V571,461d0528,e8419499,b4984274,20260821,20260905,0
15V576,821d7c01,3145e08b,c2ed1afe,20260821,20260905,0
15V588,4197c801,0ac7e51e,5755b0ab,20260821,20260905,0
15V590,c0a638a2,4a4b6689,7be67040,20260821,20260905,0
15V593,cac3c383,f7f5c67c,3b8494a7,20260821,20260905,0
15V615,98748333,e1ec6971,d9b82ac5,20260821,20260905,0
15V609,d96192e9,eeffc4cb,bdd569a4,20260821,20260905,0
15V610,57452c71,1551dc80,21b1f8d1,20260821,20260905,0
15V611,b750f2f0,1be76318,82c314bf,20260821,20260905,0
15E080,0a30adb8,68165e61,4d58c1f1,20260821,20260905,0
15V627,968a20f9,bf0520bf,0e53df41,20260821,20260905,0
15E084,fbf9e099,5128b9a3,78560c74,20260821,20260905,0
15V638,6dbaa8b1,a6da94b6,7a962680,20260821,20260905,0
15V640,5195d41f,5a66cc36,565422b5,20260821,20260905,0
15V649,09bb1e4a,cafd1609,f689ec0f,20260821,20260905,0
15V654,ded19646,4c40595d,e1653bdd,20260821,20260905,0
15V657,b13adfea,0c49c2e5,4ac609f2,20260821,20260905,0
15V805,25c10c56,df823e69,d240a3ed,20260821,20260905,0
15V806,cdf415e8,83c143db,93356b12,20260821,20260905,0
15V850,1a554abe,d96809c6,aadc51bf,20260821,20260905,0
15V807,991055f5,1d784c4b,222683e5,20260821,20260905,0
15V813,c8a52b4b,d1bdb391,25fae49b,20260821,20260905,0
15V817,8a570719,c9aa934c,5fc017a1,20260821,20260905,0
15V819,55c97168,1790423d,709dbd07,20260821,20260905,0
15V822,f5ac9499,6e6539a9,8d818b06,20260821,20260905,0
15V824,2afb52b5,025b7523,356a0c25,20260821,20260905,0
15V832,aeb2839e,7533842b,a135c41f,20260821,20260905,0
15T022,745d4ee3,d0878738,63290a33,20260821,20260905,0
15V835,53ae34d2,1790423d,c5a25f5c,20260821,20260905,0
15V847,13c85ced,26e1ef1a,8bb93d16,20260821,20260905,0
15E007,8b22f6d7,097ad2dd,eec4b0bb,20260821,20260905,0
15V849,df8863d3,703dc06b,68d390bb,20260821,20260905,0
15V858,dd356e6e,18a74dba,abcb6874,20260821,20260905,0
15V851,d2ae3f7c,3c309112,6f8d39a4,20260821,20260905,0
15V852,cb59d4e2,c626285b,7d53e7a8,20260821,20260905,0
15V857,c31cbd20,4a8e24b0,4370aba9,20260821,20260905,0
15V871,9d16f1a2,204f9b09,9dde4d30,20260821,20260905,0
15V010,39115a6a,1f7d5c20,1421b2cc,20260821,20260905,0
15V444,552691bc,3e1ca9ec,8a050269,20260821,20260905,0
15V003,5795f215,a0a274c3,96f28a9f,20260821,20260905,0
15V011,59b2bda3,b9718d8c,7e6dc632,20260821,20260905,0
15V013,51ec9545,9bb3387f,e6fa8f5b,20260821,20260905,0
15E001,59700668,4a6fda25,f41df44d,20260821,20260905,0
15V018,4cb7d7e2,5063d6ce,3466f257,20260821,20260905,0
15V026,a05cc8d3,4d05c32e,734b805f,20260821,20260905,0
15E003,268ee368,77e30497,9b9ea36d,20260821,20260905,0
15V027,d65495a9,f2301f49,3ed676ab,20260821,20260905,0
15V035,3e92da3a,c53769c2,c9942aac,20260821,20260905,0
15V038,d823a9ce,c5c4250f,4e8f6847,20260821,20260905,0
15V042,6ffab0a9,8eac1cfb,a18ce242,20260821,20260905,0
15V051,4d37896e,1fec6d19,24879426,20260821,20260905,0
15V043,a3343931,f0f76fb2,ccea152e,20260821,20260905,0
15V049,8f0768bc,d32f8bcd,951cbc8f,20260821,20260905,0
15V054,e240d530,fe2b1907,6b423fa7,20260821,20260905,0
15V060,0eb90bab,97e1f6c1,6823268d,20260821,20260905,0
15V061,e8297bed,6bf690ed,36573be5,20260821,20260905,0
15V062,71c8c042,c3331ca0,5402afe4,20260821,20260905,0
15V064,7ff6d86c,577d9553,1570d698,20260821,20260905,0
15V080,17b47b6b,b5c8d1cd,a7246523,20260821,20260905,0
15V086,9872e83a,47e0a124,72fb75a7,20260821,20260905,0
15V180,57bf10a2,abfe8c16,fcbe1970,20260821,20260905,0
15V089,0542a700,85e29385,0ff2b69c,20260821,20260905,0
15V092,980daebc,eb39f28a,453f61b6,20260821,20260905,0
15V100,c0742dca,577d9553,9d3579b7,20260821,20260905,0
15V102,f735f756,8df518f3,7ba2779e,20260821,20260905,0
15V104,99da98f4,33f9fced,d27dacc1,20260821,20260905,0
15V110,5b837787,b47b6b47,be79b6d9,20260821,20260905,0
15E013,3e56b781,c5e85e34,da88e6da,20260821,20260905,0
15V112,193c2133,5063d6ce,d8c5719b,20260821,20260905,0
15V119,9fb79cf4,f438d9d3,1fe48698,20260821,20260905,0
15V115,f46c843e,f7aee42c,9069caab,20260821,20260905,0
15V118,2c63628e,428ac685,f9d8a9ad,20260821,20260905,0
15V122,cb6da50b,4066b4a1,096bddc0,20260821,20260905,0
15V124,0f0b37b3,428ac685,ad604420,20260821,20260905,0
15E014,4dcea94e,a7a8750f,0da2f9dc,20260821,20260905,0
15E016,928dae69,1102e6e9,a58fe399,20260821,20260905,0
15V131,f03edaa5,3358fc02,c93e5ea3,20260821,20260905,0
15E017,02bea6c4,4d05c32e,91f524d5,20260821,20260905,0
15V134,cabe9e45,8db24135,f4ada618,20260821,20260905,0
15V147,fc996edc,c1de8169,1e9e0b28,20260821,20260905,0
15V155,a3d4b459,e9701fdd,37a8ce49,20260821,20260905,0
15E023,07b73d5a,4baf1ac2,a6c213de,20260821,20260905,0
15V165,2254cfb1,6ec19b18,0b088d44,20260821,20260905,0
15V174,856fa830,6a203b89,5295374a,20260821,20260905,0
15V179,38c6b3be,869b63fe,1ff69cdd,20260821,20260905,0
15V186,b1bdadab,ff62db25,7b77ad94,20260821,20260905,0
15V195,71f39476,36fe8cdf,0d6edc56,20260821,20260905,0
15V196,bf072cb3,6f81042b,2cb23a87,20260821,20260905,0
15V198,cd162eb7,8df518f3,c364ee3e,20260821,20260905,0
15V390,b168bacf,0ac7e51e,7c6861e6,20260821,20260905,0
15V199,fa1306ec,ff62db25,12b8a8d7,20260821,20260905,0
15V204,e5d4186f,ef37d8e7,e4fc6be2,20260821,20260905,0
15E028,62da6d88,9488a166,6508a588,20260821,20260905,0
15E029,c8f4d419,a65c6abc,19fa0ff1,20260821,20260905,0
15V210,2171825c,f162a560,1156eb77,20260821,20260905,0
15V231,c293e891,0ac7e51e,7c89fccf,20260821,20260905,0
15E030,ab186b4d,7630b044,0111c631,20260821,20260905,0
15V236,1a2556dc,a6ac8b78,97f6e1c0,20260821,20260905,0
15V245,a27d59b6,22f9e528,ff116c6a,20260821,20260905,0
15V246,ee4fc63e,6c5e4622,a68a0d17,20260821,20260905,0
15V260,6c8a9122,e61201d8,6e7ba741,20260821,20260905,0
15V291,347520f7,1529bd30,61c9f32e,20260821,20260905,0
15V254,ac57ba40,6703b287,83c2dfb0,20260821,20260905,0
15E032,8e230d4a,b044fc8a,e5382d80,20260821,20260905,0
15V257,8395ad44,6b70161f,bea11453,20260821,20260905,0
15E044,cbcdb198,10b18167,90aeeaa1,20260821,20260905,0
15E034,72e86a42,4f5e7c49,0c7c2292,20260821,20260905,0
15V261,6ecaae43,e4d1d263,806f1b3f,20260821,20260905,0
15V263,3b230851,b044fc8a,da569f77,20260821,20260905,0
15V266,1613ea19,c5e85e34,699d43e0,20260821,20260905,0
15V267,ed32cc36,b5eca739,4613de5f,20260821,20260905,0
15V268,a8ab28cb,3d66a9eb,ed48c808,20260821,20260905,0
15E038,0afc2c5c,9dd59458,71bbe411,20260821,20260905,0
15V277,dfa7174e,b044fc8a,971de4f7,20260821,20260905,0
15V278,c7327c72,64981133,cb53da25,20260821,20260905,0
15V279,329fb57f,712ccb8a,7904bb6f,20260821,20260905,0
15V282,95132c55,c579441d,85087c8e,20260821,20260905,0
15V283,8295c2e5,87b70a2d,fc309072,20260821,20260905,0
15E041,2a3d98f7,0b38c013,330af449,20260821,20260905,0
15E042,2ad9aa32,0b38c013,6a8c20b9,20260821,20260905,0
15V293,3abafcf3,7630b044,6041e0b0,20260821,20260905,0
15V295,0428a343,20315a87,0c8182f1,20260821,20260905,0
15V297,e12df935,872889f9,308280bc,20260821,20260905,0
15V299,66e2b24d,29257946,d9e5bce4,20260821,20260905,0
15V307,b290d154,b044fc8a,475490b4,20260821,20260905,0
15V310,4b532503,4a68379a,2ed15c11,20260821,20260905,0
15V326,a739bf27,43e609dd,cdd25a88,20260821,20260905,0
15V327,ef61bb96,b044fc8a,3d4adfec,20260821,20260905,0
15V328,43e960a6,94b7a524,53b2ec76,20260821,20260905,0
15V333,6c2efb49,695efdfa,4050cb21,20260821,20260905,0
15V335,163842e9,6c9b83b4,1a9a954c,20260821,20260905,0
15V336,88895b2b,b676e18c,af8ed88d,20260821,20260905,0
15V339,a345352a,b10fe187,d64b025c,20260821,20260905,0
15V342,411d29f6,2c34969a,17a3c74d,20260821,20260905,0
15V351,24be7279,e4d1d263,3dbd054f,20260821,20260905,0
15V357,17b0ada3,7630b044,5c75a2fd,20260821,20260905,0
15E048,df92fe5c,a0a3d852,3183817b,20260821,20260905,0
15V366,3cd82af6,d0bedb17,37c6c9f8,20260821,20260905,0
15V371,e6394733,fb278918,054a2166,20260821,20260905,0
15V372,6e32e9a3,2b8e39cf,f63fdc63,20260821,20260905,0
15V373,de319681,45c3f9eb,7af1e7d5,20260821,20260905,0
15V384,7a5459dd,3d21a007,13f00a73,20260821,20260905,0
15V391,09e02cb0,110b6214,5e693aee,20260821,20260905,0
15V410,cc237804,621f7638,f180e95e,20260821,20260905,0
15V393,54e75bcf,9d4d86f7,37b89593,20260821,20260905,0
15V397,7720a447,fc245043,0e2106aa,20260821,20260905,0
15V401,bd7e0f5c,0ac7e51e,089d8702,20260821,20260905,0
15V402,63dc66ab,1ff96a67,a5ccfa29,20260821,20260905,0
15V406,807a48cf,d72579f0,d9458a9b,20260821,20260905,0
15V411,3c60f3db,37e663b3,45e9e2c8,20260821,20260905,0
15V414,13cc1942,11c60a55,ac298b5b,20260821,20260905,0
15V417,3a774c42,34d03b17,1a67c7df,20260821,20260905,0
15V420,7ffb0fbb,8d5382bf,1095c44d,20260821,20260905,0
15V423,7f9758b7,69806136,ace166dc,20260821,20260905,0
15V427,516bf7d0,369d0264,1e30c68c,20260821,20260905,0
15V430,47fdc26a,7d1d03f7,42707e1c,20260821,20260905,0
15V434,2015e996,0eeaf232,af70df44,20260821,20260905,0
15V445,5bfa6847,9ebea772,19af2eca,20260821,20260905,0
15V448,75f8fcd6,338e932c,3b0e2710,20260821,20260905,0
15E058,8d9bd689,d1cac418,dda231e9,20260821,20260905,0
15V428,58acb5bd,a0a3d852,2e7a8c49,20260821,20260905,0
15V804,723cb93b,0ddae841,ccbef25d,20260821,20260905,0
15V766,cbd3fb97,8fa65755,35f722f8,20260821,20260905,0
15V780,4386b4f3,6046b75e,0ddfc289,20260821,20260905,0
15V787,f37ae851,1602ef85,c85c915f,20260821,20260905,0
15V790,3d330baf,26e1ef1a,da270b21,20260821,20260905,0
15V791,7e67da05,26e1ef1a,b0eff79a,20260821,20260905,0
15V796,20f219f4,96d99ca3,81331d0b,20260821,20260905,0
15V774,c207ef5c,26e1ef1a,9355677d,20260821,20260905,0
15V358,81a99c6f,a07e6101,c8e547f2,20260821,20260905,0
15V714,57fa4157,3e1ca9ec,b14ba542,20260821,20260905,0
15V360,00159f10,1d460f92,7a6743e5,20260821,20260905,0
15V719,ba14186e,1be76318,ed3daa98,20260821,20260905,0
15V726,c7f84867,1be76318,5a10e188,20260821,20260905,0
15V728,99b1d32f,d514b6f2,e2fb9597,20260821,20260905,0
15V746,1b508c5f,c08988b0,6ec3f8ef,20260821,20260905,0
15E090,407a469b,bc4ec2f2,ee36ac07,20260821,20260905,0
15V751,47ae87be,1790423d,675f441e,20260821,20260905,0
15V752,8f69b914,b9d0f7bc,a9dfe1e8,20260821,20260905,0
15V756,539fb5c1,a183b4ba,748df5f4,20260821,20260905,0
15V759,b6dd36ca,e4589908,863fb49d,20260821,20260905,0
15V762,7ef2b32f,215af4ba,0a28eb66,20260821,20260905,0
15V764,15e36aeb,1790423d,8c6d3d41,20260821,20260905,0
15V777,4997b9f1,3683b081,01964e9c,20260821,20260905,0
15V876,9768e5c9,dfcc26d3,a14f44cb,20260821,20260905,0
16V071,1534f084,3e1ca9ec,facb5a55,20260821,20260905,0
16V135,8704aca5,abebf238,d2f5e578,20260821,20260905,0
16V501,00e2eed1,890ae47b,965e6064,20260821,20260905,0
16V507,f4df546e,298b23bf,30ffda89,20260821,20260905,0
16V511,81bb8ceb,d2649f74,e8c96ba3,20260821,20260905,0
16V512,460d7e33,5c3ea730,4c2ab6df,20260821,20260905,0
16V513,bba87938,70f1079f,f7fcc1b2,20260821,20260905,0
16V516,c6601e71,3b72f16b,33256afd,20260821,20260905,0
16V518,5e9f5fab,e15c1db8,e590ddf1,20260821,20260905,0
16V520,eaef05f9,336ffea4,7b99a981,20260821,20260905,0
16V521,06f02afa,f7aee42c,be06536b,20260821,20260905,0
16E061,2e298e65,0d3942d4,46f9fa0b,20260821,20260905,0
16V523,954b1235,b2a869e3,39583479,20260821,20260905,0
16V952,b220125a,058e6f62,9d23a6ab,20260821,20260905,0
16V524,3d34e7b7,b2a869e3,47569250,20260821,20260905,0
16V526,2baa9ec8,d6311243,482a267e,20260821,20260905,0
16V528,b1f28534,40b238b2,01ad1759,20260821,20260905,0
16V570,88b72007,c44d13dd,fb8f9b13,20260821,20260905,0
16V532,dd037d28,74eb710f,499c1b88,20260821,20260905,0
16V534,0db043f8,38b8e930,5ffb7d7c,20260821,20260905,0
16V537,c52fea4e,3395f17f,037f79b5,20260821,20260905,0
16V541,4c8dab8f,c8ae385e,bffd830a,20260821,20260905,0
16V563,37223ffb,77ee9381,1c2c3bfe,20260821,20260905,0
16V542,1a2dfd40,4d46817d,589463cc,20260821,20260905,0
16V549,866ce7e3,6d676654,2e932b32,20260821,20260905,0
16V551,f31cd5f6,4b8be32e,02b88831,20260821,20260905,0
16V552,3112e91b,73d55219,76a4c6ea,20260821,20260905,0
16V553,de95fb72,3a87a3a6,39a0f135,20260821,20260905,0
16E065,4be9845a,3df350c8,2169194a,20260821,20260905,0
16V556,9d291c27,0d5b4243,7a8c32d8,20260821,20260905,0
16V559,804630ad,3037d85f,f34b34b5,20260821,20260905,0
16E067,46a29e00,73d55219,34ba5e3f,20260821,20260905,0
16V562,69d7518d,e6b870e8,76939eee,20260821,20260905,0
16V590,6e3f0aee,b7cbc9ad,214c7506,20260821,20260905,0
16V574,9774d1cf,6c8e17b6,b3503ad0,20260821,20260905,0
16V575,ce001ea0,2dbd4f95,c26a2676,20260821,20260905,0
16V580,8c5b3f75,b2a869e3,de185d68,20260821,20260905,0
16V582,fe37b059,728ab0cb,ac1b4f83,20260821,20260905,0
16V584,d4eb31d1,181297e1,6308be03,20260821,20260905,0
16V595,d030dca5,2a877304,307aac1e,20260821,20260905,0
16T011,e490633e,5ad2b3a0,0861ea98,20260821,20260905,0
16V610,65769f4a,5b590d40,f0bbdf14,20260821,20260905,0
16V376,95207bc6,0b8f83eb,e11f9511,20260821,20260905,0
16V611,91bdb0c6,5fb43377,08c321bd,20260821,20260905,0
16V613,5f558d7e,51542824,deb9e45c,20260821,20260905,0
16V615,4f6a4766,27f17bea,1e1b7ea2,20260821,20260905,0
16V620,79e74c25,5e6e6c19,44bc976b,20260821,20260905,0
16V621,143bcd11,14a34b6f,4c30c90e,20260821,20260905,0
16V624,393e229c,5e6e6c19,99261c8a,20260821,20260905,0
16T012,aa0830c8,d6c65d0c,85dbf015,20260821,20260905,0
16E069,a2fb48d5,91fb345e,b744dc4a,20260821,20260905,0
16V627,8c8774d2,e04aa4e1,0922ceb3,20260821,20260905,0
16V629,fb4a0877,8fa65755,6b89f721,20260821,20260905,0
16V638,493fda73,a0895a9d,8c1f53fa,20260821,20260905,0
16V642,236a985d,4c3485fc,81a0c666,20260821,20260905,0
16V632,073c0ade,c0ccbd0d,a2802175,20260821,20260905,0
16T013,a07b1d77,9d2dfb54,61a05055,20260821,20260905,0
16V650,9038fce6,58111aff,33b8e0fc,20260821,20260905,0
16V655,55883693,dc82a50d,183210b2,20260821,20260905,0
16V653,374e672a,1e0d083d,d38c0807,20260821,20260905,0
16V654,89c94fb2,6183ffa8,9230c7d5,20260821,20260905,0
16V657,1a4032df,87ce6078,9728fdff,20260821,20260905,0
16V658,304f6365,d4be2ee1,1b878ffc,20260821,20260905,0
16V664,be844a10,31fbba92,b26f3f27,20260821,20260905,0
16V666,f8c966f6,31fbba92,3e241164,20260821,20260905,0
16V670,a6472efe,d049049c,4b41ac2d,20260821,20260905,0
16V676,8ed6246b,bbb3d7b7,79f0fd9b,20260821,20260905,0
16V678,30c7442d,27f67d4c,ce5869a5,20260821,20260905,0
16E073,8d1a62cb,f23a3fbd,d57d98b0,20260821,20260905,0
16V682,af665c87,ee430267,57f7f0f3,20260821,20260905,0
16V683,dd3153b1,e656628d,83d98494,20260821,20260905,0
16V687,6b72fec7,75645457,e9c10007,20260821,20260905,0
16V690,6c032296,6aa5e77d,0ce3837d,20260821,20260905,0
16V691,4ebc8092,4dcdd42a,e451392b,20260821,20260905,0
16V694,684c9179,4579fc0e,c5b68923,20260821,20260905,0
16V698,01db2c87,84e06fcc,08a08349,20260821,20260905,0
16V702,f61bdff0,c04029ac,324ed97a,20260821,20260905,0
16V710,ca966acf,4e90bc69,70885e6d,20260821,20260905,0
16V711,b3ee54a6,bd227ea2,694ef98c,20260821,20260905,0
16V713,5e67c600,6fe60f58,ed581aa4,20260821,20260905,0
16V715,b6b0307e,bbb3d7b7,3f16390b,20260821,20260905,0
16V755,e748c87f,53e3d414,7a438dec,20260821,20260905,0
16V726,f8b9668d,5c0a497d,8cff3038,20260821,20260905,0
16V728,1c8104e7,0aa1bd5f,0c977089,20260821,20260905,0
16V794,b2a0669f,dc5594f1,f0e12fd4,20260821,20260905,0
16V729,951ba8cf,fca5fd75,da048f99,20260821,20260905,0
16V737,f28c3d3a,87a2a454,569deb53,20260821,20260905,0
16V753,10955766,81ce479c,52cf2905,20260821,20260905,0
16V746,a9676c86,088f3763,6e3a6682,20260821,20260905,0
16V747,8e4502e0,b4a1dfe6,944cc811,20260821,20260905,0
16V748,6f9e57aa,05caf34b,c96b7b8f,20260821,20260905,0
16V749,32db9729,7788a8c6,59030d3c,20260821,20260905,0
16V778,785ad63b,e83d36b2,231b416e,20260821,20260905,0
16V799,428f2277,e39a003e,97453c92,20260821,20260905,0
16V751,0a9c986a,dd1ac346,2e74794c,20260821,20260905,0
16V754,eb1b48d3,42ff15af,51d6cb4e,20260821,20260905,0
16V766,7362d825,8fa65755,45b3be9e,20260821,20260905,0
16V772,af9fa904,4dbe455c,eedd1101,20260821,20260905,0
16E080,937f0af8,d48ec89f,30021719,20260821,20260905,0
16V791,77499906,ed59898b,76d390f9,20260821,20260905,0
16V793,a3d1acfa,bd2bc048,c06e4857,20260821,20260905,0
16V798,6be41d6d,54d2ca1b,61949a06,20260821,20260905,0
16V805,5d73fe74,7101b7e9,a7b81cc9,20260821,20260905,0
16V802,24637250,03bf8da7,61d1c8fc,20260821,20260905,0
16V804,7e63007a,a42f9aa8,b226db0e,20260821,20260905,0
16V806,a6289178,5b933c2a,59b204b3,20260821,20260905,0
16V811,c982bcd2,9878d2d5,7587746c,20260821,20260905,0
16V813,04c76571,4cc585a8,8d731605,20260821,20260905,0
16V814,9f0748d4,215cbc8d,2bf6d79b,20260821,20260905,0
16V820,75e5e33f,634bb2c1,7199177e,20260821,20260905,0
16V821,44d298a2,634bb2c1,43d7d12d,20260821,20260905,0
16V826,df6a3ff8,c2983ece,e392d10e,20260821,20260905,0
16V925,80a414d5,8f3a2ca9,facfcb7c,20260821,20260905,0
16V833,62cc6ec5,6168c820,6d5ea522,20260821,20260905,0
16V838,10a7c265,75d12da5,5a28d9dc,20260821,20260905,0
16T018,981a12f1,b1853590,4d9c2feb,20260821,20260905,0
16V841,aff5aeb2,634bb2c1,b6638d21,20260821,20260905,0
16V844,748d059e,5e81d586,0133293f,20260821,20260905,0
16V846,8999e94d,e347c203,593e91f4,20260821,20260905,0
16V850,136b0b3b,61d3d80b,3fc3a96d,20260821,20260905,0
16V853,956321d2,b42ec258,57145b88,20260821,20260905,0
16V856,5f1d8150,f98d3f3c,0ea4e085,20260821,20260905,0
16V858,65f95481,1704524f,af519cc4,20260821,20260905,0
16V866,bed1d5a8,ed2b09be,211a4008,20260821,20260905,0
16V872,52971bc0,39f06033,ee137a7b,20260821,20260905,0
16V873,54138c30,4fbe2b59,58e90da7,20260821,20260905,0
16V879,6e494d2f,8c48e63f,1ff92a8e,20260821,20260905,0
16V882,615a5bbd,903a9f3c,33413167,20260821,20260905,0
16E091,8c418718,97b3b40a,c7e0c669,20260821,20260905,0
16V886,8c4ae15d,b4fb3546,99d57877,20260821,20260905,0
16V890,93b64113,5e4e4aa9,bafa393c,20260821,20260905,0
16V900,c841e6bd,4b88edb1,2cfed627,20260821,20260905,0
16V908,096847bd,5861144d,cfe8511b,20260821,20260905,0
16C008,19dbce49,3bb0dc93,5bc67953,20260821,20260905,0
16V912,b1b934a3,48a7cd19,14fdec94,20260821,20260905,0
16V918,c1c28e7a,0df64570,3e42571d,20260821,20260905,0
16V919,fb9df388,821c63a8,fd423c0f,20260821,20260905,0
16V928,96dac711,09d9e46a,e825dfd0,20260821,20260905,0
16V929,e1af6018,f7368059,de8ec8e0,20260821,20260905,0
16V930,55ef7462,dbcb8e53,f9451a5c,20260821,20260905,0
16V931,63f0d057,e0eff059,c61a7b16,20260821,20260905,0
16V935,56eccd26,e11104c8,00ea1c93,20260821,20260905,0
16V937,2f9725f5,c42bfd1e,6b6cb0a6,20260821,20260905,0
16V951,da4fa7ee,bf3fa599,00618e7e,20260821,20260905,0
16V940,1a0cf0b9,a8ab109c,a90bd3e1,20260821,20260905,0
16V943,469216c2,7c1d1910,2bf6dfea,20260821,20260905,0
16V953,97152a21,681e5a81,8b2e4729,20260821,20260905,0
16V947,febffde4,3e1ca9ec,28d2a0cb,20260821,20260905,0
16V120,5902e535,7c8e7bbf,07b70c68,20260821,20260905,0
16V352,7b7eb9da,66af2234,01eff94e,20260821,20260905,0
16V011,fd7386c4,2a6caa57,12e0a0cd,20260821,20260905,0
16V002,29b58f0d,c08988b0,c17d0e41,20260821,20260905,0
16V007,5980669f,e5b7ea21,abcc0976,20260821,20260905,0
16V023,7f393922,65a3644e,5f858ed7,20260821,20260905,0
16V008,ecbdb2bb,e5b7ea21,6ce73c3b,20260821,20260905,0
16V014,be0b7313,8fa65755,49e54c11,20260821,20260905,0
16V027,bf53216a,c08988b0,46bb1f54,20260821,20260905,0
16V040,30498a4c,151ec152,92eca8c9,20260821,20260905,0
16V042,33f4d38e,de84939d,7bf05cd7,20260821,20260905,0
16V036,0f06d1b7,dea246b8,3743832f,20260821,20260905,0
16V239,f3d7c631,7d19a3de,76e3afff,20260821,20260905,0
16V020,a5db1e22,2a6caa57,1d1949c5,20260821,20260905,0
16V038,f55e90bf,1ac320c5,4899a682,20260821,20260905,0
16V887,44a58898,48c49b44,18260ba9,20260821,20260905,0
16V045,adf9ccc3,f1342522,c07fd391,20260821,20260905,0
16V052,a60274d8,51542824,368832c0,20260821,20260905,0
16V061,2c247e3c,3e1ca9ec,73aad193,20260821,20260905,0
16V065,341a8dd9,bde63f21,6cb61ec1,20260821,20260905,0
16V296,9bcff5ee,451ae75a,9a355082,20260821,20260905,0
16V300,81317e30,4e44354a,966a7a25,20260821,20260905,0
16V340,2c4e8bba,d5c46a8d,c1ae8d54,20260821,20260905,0
16E010,f14981c6,89230871,836f8e3f,20260821,20260905,0
16V069,0c0817d3,82d896f9,1cf94b7f,20260821,20260905,0
16V082,30e00825,2f41f5ec,ef85be04,20260821,20260905,0
16V090,286f391d,ba8ef3ac,9b7063ef,20260821,20260905,0
16V124,f63b1a2c,fca0bbf5,591b24ac,20260821,20260905,0
16V420,3f962136,62296be9,f1cd0263,20260821,20260905,0
16V421,559b23c5,eda1f329,6cb3b6c8,20260821,20260905,0
16V423,f637697c,675137cf,37b915a0,20260821,20260905,0
16V428,e798da5c,51362b08,a44e7b57,20260821,20260905,0
16V412,7683370e,bbfcd7f5,a714ea65,20260821,20260905,0
16V429,4639f9bf,b9a2531f,d49bbeaa,20260821,20260905,0
16V434,131a83cf,1ba4da6b,9129bbde,20260821,20260905,0
16V499,6e58a8c5,d5c46a8d,f451557b,20260821,20260905,0
16V706,3e9e4ab0,864e8f87,c4f43893,20260821,20260905,0
16V440,cb5ae1c0,5f10b126,273bba8e,20260821,20260905,0
16V441,1f3097fe,66ec8e22,042c300b,20260821,20260905,0
16V565,cb5441cf,999b32d2,12e2f225,20260821,20260905,0
16V442,22aae0df,0231835e,22a359a8,20260821,20260905,0
16V443,27be400b,1ed47b27,6d51262e,20260821,20260905,0
16V446,16c8d5b3,7dfed1ae,49f8ddac,20260821,20260905,0
16V185,6a881d5f,b65f02c2,01da78c5,20260821,20260905,0
16V801,15b4a921,e1b31c6a,a48391ea,20260821,20260905,0
16V447,cf8a03df,8df39696,fc4f7390,20260821,20260905,0
16V449,8fa7a9b8,8d4eabd5,88e76026,20260821,20260905,0
16V451,ee6bd7b1,27d639a2,3271aabd,20260821,20260905,0
16V454,b3cf1361,4543008a,f7584f7c,20260821,20260905,0
16V460,aadbd8d7,310302d4,a6d174ca,20260821,20260905,0
16V470,39779583,fbb0e142,d49d84a0,20260821,20260905,0
16V472,9677b131,732ecbd6,cb9a27bd,20260821,20260905,0
16V477,3d303da1,f73962d9,cee6c0ea,20260821,20260905,0
16V480,7d88d101,05375a51,3b519d34,20260821,20260905,0
16V483,f811f7b9,b2a869e3,fcb9c6b5,20260821,20260905,0
16V485,9ddd1199,17700bdb,68a52ba9,20260821,20260905,0
16V487,e204fe15,dc7e512e,9ad106fa,20260821,20260905,0
16V489,0ad8f7eb,b2a869e3,0c776953,20260821,20260905,0
16V491,08e878ec,5e42ffa2,3e0d089c,20260821,20260905,0
16V495,7923adbc,eeadf4c0,65ac58af,20260821,20260905,0
16V497,4e31f039,6230b0b6,5f93d54f,20260821,20260905,0
16V224,5487b191,5b28fd80,ae107d8e,20260821,20260905,0
16V498,e04672c1,97fee3f4,a3806453,20260821,20260905,0
16C006,b88ce62d,345254b6,37a4cf28,20260821,20260905,0
16V363,5d177743,d5c46a8d,ad9fd9bc,20260821,20260905,0
16V366,a849d6ac,74552343,3e42b1ad,20260821,20260905,0
16V367,71ff12f8,0bb4486c,d807b543,20260821,20260905,0
16V372,8a697b67,604cc8d9,773fceba,20260821,20260905,0
16V373,575949f2,d5c46a8d,c22d78c4,20260821,20260905,0
16V389,7572b7c8,f1c38c35,64920c82,20260821,20260905,0
16E051,c42404a1,a66de638,c300acc1,20260821,20260905,0
16V398,5d711af9,b9917861,0b3cb9fb,20260821,20260905,0
16V400,95856a30,3a54708a,9d75f61c,20260821,20260905,0
16V402,6a2209c1,a80023f6,7d8fc5f4,20260821,20260905,0
16V407,7e6ad0a9,d4bb76e8,5941dd98,20260821,20260905,0
16V405,4d6de122,b9917861,52eb5c20,20260821,20260905,0
16E053,828bf6cd,d060772a,e59d8958,20260821,20260905,0
16V406,30915b3b,74552343,e1326939,20260821,20260905,0
16V414,263b4ee2,7ceb9459,9bf96abb,20260821,20260905,0
16V416,793dfa12,105e0e5d,addebe30,20260821,20260905,0
16E054,8c86938f,73373ed5,b92e7fb1,20260821,20260905,0
16V418,79db57b5,d5c46a8d,680122a3,20260821,20260905,0
16V450,54cbfd5d,af74d118,f6625e39,20260821,20260905,0
16V223,aebcd5a7,b9bfea29,52862a5f,20260821,20260905,0
16V226,60565218,5b28fd80,0f25d947,20260821,20260905,0
16V231,12ec954a,b4d40558,0c0c64af,20260821,20260905,0
16V234,c66dc8c1,4d7538fa,4ee65264,20260821,20260905,0
16V597,6c11d141,5f6d439b,94d97460,20260821,20260905,0
16V605,899c9af3,1ed47b27,0414ef8f,20260821,20260905,0
16V606,a82fb779,195e2791,e20fffdd,20260821,20260905,0
16V609,8c6db061,9a403aae,f34658e1,20260821,20260905,0
16V622,8a48d241,450abc23,e7367e24,20260821,20260905,0
16V630,d43c69c9,3366d430,96bce22f,20260821,20260905,0
16V634,202d9629,bfdeacab,84bf5e03,20260821,20260905,0
16V635,7704136e,1ba791bc,e4bdc282,20260821,20260905,0
16V636,cd31d276,18d83c24,b948087c,20260821,20260905,0
16V645,cfaa5824,7b84540a,45349ace,20260821,20260905,0
16V649,dada118d,b23693e1,edaab5cf,20260821,20260905,0
16V651,aff95537,cfb80b5d,344bc0c7,20260821,20260905,0
16E037,7eb7ab67,a427568c,7e6a677f,20260821,20260905,0
16V236,172e8a82,5d66b037,ef5573b4,20260821,20260905,0
16V238,30fcd65c,6183ffa8,a49b23b2,20260821,20260905,0
16V241,c3be9ce6,52a3800f,712cbc2f,20260821,20260905,0
16V242,b28f95c0,dd9a6bf0,a6b5419a,20260821,20260905,0
16V243,6c9c03a8,eecc6cd8,bb437fbf,20260821,20260905,0
16C005,e3f1650e,8c3a2e0d,4ec408c2,20260821,20260905,0
16V258,cb979565,363dec66,a74e4ead,20260821,20260905,0
16V261,fda51153,293ab322,6033375a,20260821,20260905,0
16V264,7aaf43cf,f0a9fc46,502d3cf6,20260821,20260905,0
16V266,f0befffe,8ecc07ba,27f4cc58,20260821,20260905,0
16V284,c33bc46e,5bf2befa,1d1ecd03,20260821,20260905,0
16V285,e421f135,723d1c0c,af6c6e77,20260821,20260905,0
16V288,3f254edf,c23ae180,9c5a2537,20260821,20260905,0
16V293,3c8de75c,3a54708a,5b8c8fdf,20260821,20260905,0
16E041,da41a6f1,949c8c5d,0ed1dd55,20260821,20260905,0
16V306,f16ab14a,6feed21c,641d4907,20260821,20260905,0
16V317,c1ff0d4c,b9917861,801230d9,20260821,20260905,0
16V328,8a8783fd,31bd770c,49c83cef,20260821,20260905,0
16V320,35b28059,dc26db32,6dcf4a76,20260821,20260905,0
16V330,37322b31,5976ebe3,031a4856,20260821,20260905,0
16V336,2048f2bf,1f27d037,0e31ef58,20260821,20260905,0
16V337,c8d1df61,4e7d1f71,6162d173,20260821,20260905,0
16V390,0d683ae7,3a54708a,be7075fb,20260821,20260905,0
16V346,eeda80bc,d5c46a8d,1874ff25,20260821,20260905,0
16V347,fd192061,b8da891c,5ea0ddd6,20260821,20260905,0
16V348,b11022d0,30511d38,47822d2b,20260821,20260905,0
16V410,c6552707,b9a2531f,c5f0ef70,20260821,20260905,0
16V368,06b050c3,8ecc07ba,b5624c77,20260821,20260905,0
16V392,74b871a1,41205344,7e06f04d,20260821,20260905,0
16V393,894bea69,b9a2531f,32282c82,20260821,20260905,0
16V399,d600d8c5,fbb0e142,b02ade99,20260821,20260905,0
16V353,7d9bf05f,c08f755a,5e71a1af,20260821,20260905,0
16V360,de609fa3,2e21f0e1,a4b59fb2,20260821,20260905,0
16V362,10c192f7,93405f0e,d699bee7,20260821,20260905,0
16V364,3252116d,d5c46a8d,a896961d,20260821,20260905,0
16V365,a688e084,b9917861,49baa717,20260821,20260905,0
16E056,0184563d,dec1e4e4,9c580159,20260821,20260905,0
16E049,5602279a,c7454e5e,8b28ff73,20260821,20260905,0
16E050,0725e836,45f2df8f,fba37b37,20260821,20260905,0
16V387,641188d2,66739e7d,587f809a,20260821,20260905,0
16V425,1a31ed69,afd176e5,d416cbf5,20260821,20260905,0
16V411,e88a1739,74552343,746b3318,20260821,20260905,0
16V415,d6fd2899,dec8fbf3,6e41992e,20260821,20260905,0
16V426,19df5d22,b9a2531f,d7d87843,20260821,20260905,0
16V427,99b2fcae,7dea00ea,17fb0b69,20260821,20260905,0
16V433,403b3ab8,127126f2,9d1e6b19,20260821,20260905,0
16V435,5624b3d9,1d85615e,0ed91d54,20260821,20260905,0
16V438,434aa84b,333e7cb6,99a1c39e,20260821,20260905,0
16V445,cfaa73b3,3a54708a,6aafcf60,20260821,20260905,0
16V453,c0238535,b9a2531f,7b301d10,20260821,20260905,0
16V456,35787631,4503c2dd,e644b77b,20260821,20260905,0
16V457,85297a4b,bf05b259,0011dc17,20260821,20260905,0
16E059,2e52f736,5e6e6c19,1e4be09e,20260821,20260905,0
16V466,71168313,bdb19b76,fdb40e0d,20260821,20260905,0
16V467,24947b83,4503c2dd,4755e890,20260821,20260905,0
16V474,a4dffe95,b2a869e3,4c329e7d,20260821,20260905,0
16V506,e58d63e3,b2a869e3,5ba6c964,20260821,20260905,0
16V475,1e3397c7,ea68b622,8166dc16,20260821,20260905,0
16V478,124aaf3f,732ecbd6,4b7d2e51,20260821,20260905,0
16V573,0044d9aa,a1139c7d,ff9ae3f0,20260821,20260905,0
16V481,6a08a2bf,835e746f,1cc04aa0,20260821,20260905,0
16V486,ce16ed9e,b2a869e3,d391de7a,20260821,20260905,0
16V492,00d97818,b5749dfc,78b8ff2b,20260821,20260905,0
16V494,48c44127,b2a869e3,15a3aa48,20260821,20260905,0
16V500,167f14c7,1c811125,fcfe43a0,20260821,20260905,0
16V502,10839f04,5ac9ab83,b25ec257,20260821,20260905,0
16V503,4860bf0f,b2a869e3,7b1cbb54,20260821,20260905,0
16V517,953b8c4d,480e12bc,bc9ac70a,20260821,20260905,0
16V529,6ca57cdf,3df350c8,a05ea5c8,20260821,20260905,0
16V533,16ac8d38,a66de638,7add2260,20260821,20260905,0
16V535,c0a66ca3,e3f2ae1f,66f32092,20260821,20260905,0
16E063,21da0634,25077558,506cf9e7,20260821,20260905,0
16V544,b115da87,90296a13,0b7b8e1f,20260821,20260905,0
16V548,856de7be,6e0ae5c9,bcfda2ea,20260821,20260905,0
16V564,19e29bf1,afde5c61,7b594dbf,20260821,20260905,0
16V568,a6f6ae36,73d55219,ac17995f,20260821,20260905,0
16V576,1d504125,836273f3,7a8ccb76,20260821,20260905,0
16V581,4735088e,5e6e6c19,9c905750,20260821,20260905,0
16V583,e0c5b605,5e6e6c19,b0882c53,20260821,20260905,0
16V757,fc21671f,1b18542a,3b8e8a94,20260821,20260905,0
16V585,0cf6432f,5e6e6c19,13e64dd2,20260821,20260905,0
16V589,e65445b2,dad6f963,b162ecf4,20260821,20260905,0
16V591,98515a04,35148d6f,1865d368,20260821,20260905,0
16V592,754161ff,2f604ade,5294bf29,20260821,20260905,0
16V594,d6c607b2,36268d97,956b4e3b,20260821,20260905,0
16V596,02646d74,1ad5675e,9efa070f,20260821,20260905,0
16V600,6aef5d28,3d0cdcf2,108ef922,20260821,20260905,0
16V601,3c4d46bd,5e6e6c19,90dbf50c,20260821,20260905,0
16V603,6f928623,442896ca,005756a5,20260821,20260905,0
16V612,2fff5319,ea76ad54,96dd49dc,20260821,20260905,0
16V623,18368a44,a273ec7e,a7b2ed30,20260821,20260905,0
16V625,d74d7b20,e7a7231d,60547d62,20260821,20260905,0
16V628,e7fe509c,acaaf3f0,515f49cf,20260821,20260905,0
16V631,814511c7,8fa65755,6b89f721,20260821,20260905,0
16V644,4a4695e7,3dbf6580,a70415e0,20260821,20260905,0
16V633,2879fd98,3fd96cd1,8d5af48b,20260821,20260905,0
16V639,1f16ff5e,2046660b,1e588c9d,20260821,20260905,0
16V640,dff647ec,3df350c8,1d3e7885,20260821,20260905,0
16V641,1228e3c3,cad95ee0,1da443b6,20260821,20260905,0
16V646,58aed764,2c1e78b5,43df6327,20260821,20260905,0
16T014,6b2631be,d7fcd9bd,eb0fd668,20260821,20260905,0
16V659,0306c4d9,21f5c497,6bf46edf,20260821,20260905,0
16V661,dc08dead,f9f07eb3,da5c1e49,20260821,20260905,0
16E072,4df0c872,93a0ac97,b3c15bf0,20260821,20260905,0
16V669,6b035f35,8b1d8e7b,452b5f92,20260821,20260905,0
16V673,ca6ec7fc,a5e780f2,17579f76,20260821,20260905,0
16V680,a9e214f8,d2d9ef9a,fb5e0f35,20260821,20260905,0
16V692,8cf796fb,71dd1e31,900103bd,20260821,20260905,0
16V693,de1f869f,ee174077,e18a8f4e,20260821,20260905,0
16V695,ea021697,394c60b3,25d8bede,20260821,20260905,0
16V699,39bc4603,74117ba9,a2bd95ff,20260821,20260905,0
16V700,b30d826c,c6f9fcb0,d6c37d8e,20260821,20260905,0
16V704,60b72409,038ccae8,1816e83d,20260821,20260905,0
16V708,d2a7f061,90296a13,eba4db4d,20260821,20260905,0
16V714,07396366,038783a0,9275f17f,20260821,20260905,0
16V718,c9dfadbd,424651ac,8e9ccf41,20260821,20260905,0
16E077,34cc02ab,634bb2c1,55993248,20260821,20260905,0
16V727,6b241e1d,795f216e,3abfa64d,20260821,20260905,0
16V730,85d001b7,e6157b6b,bb1f6e04,20260821,20260905,0
16V731,9764bba1,a337cc18,c7630204,20260821,20260905,0
16V732,f70ae74a,a0414019,72c40de8,20260821,20260905,0
16V733,1d43da82,62ae6151,5cdff8ad,20260821,20260905,0
16V735,8a7b665d,39347ada,9712f1cd,20260821,20260905,0
16V741,963f810b,dfd3b3ed,625287af,20260821,20260905,0
16V743,58f284bf,ba74793f,55f501e4,20260821,20260905,0
16V745,b4925948,bbb3d7b7,606bb1d1,20260821,20260905,0
16E078,c040480d,904b7072,479e8db4,20260821,20260905,0
16V752,96862acd,30836e6a,0e269fd0,20260821,20260905,0
16V758,00fa2e63,e3586b03,9b081124,20260821,20260905,0
16V760,43cc1aaa,99101ac5,cb912382,20260821,20260905,0
16V771,5e7221cc,f0c91918,301c6db0,20260821,20260905,0
16E079,0359acee,b42ec258,f775608f,20260821,20260905,0
16V776,c6bea51c,0346cc0c,1c72308f,20260821,20260905,0
16V780,ed468cde,e1200ede,1e872bf0,20260821,20260905,0
16V782,5b4cbc2e,8a17deb7,961ecc32,20260821,20260905,0
16V784,91aee605,a5c82b08,1529f794,20260821,20260905,0
16V787,e7a52ff5,bdb19b76,21dc5fec,20260821,20260905,0
16E082,c9f7be1c,23fc9e8f,3ad104e4,20260821,20260905,0
16E083,d88e17fb,014a805f,6a0f6ff9,20260821,20260905,0
16V803,15d13294,b9ec8853,38defeae,20260821,20260905,0
16V815,b82b230e,ea7169a2,f50d6b72,20260821,20260905,0
16V822,9b2d298e,43ffcd44,eb8a841b,20260821,20260905,0
16V825,90be333f,634bb2c1,8e316b81,20260821,20260905,0
16V829,65f7891c,7a8ab80b,74da67bd,20260821,20260905,0
16V830,43a4fb1a,9762de97,483f3a28,20260821,20260905,0
16V831,95204060,942d90a1,6b82cf7d,20260821,20260905,0
16V832,9eecbfb9,45ba7324,c92c61dc,20260821,20260905,0
16V835,a1fd2842,9a962d51,fc3b2abc,20260821,20260905,0
16V836,164a801b,dc0d0f02,c1bbb259,20260821,20260905,0
16V837,7aaf366f,75d12da5,f2c9564e,20260821,20260905,0
16V848,c6730b4d,e1596fcd,cd51440e,20260821,20260905,0
16V849,058227f2,703dc06b,e6393685,20260821,20260905,0
16V855,9d56b934,15f9fb14,4037e7ec,20260821,20260905,0
16E087,f227a82b,76c5b049,4e1d1364,20260821,20260905,0
16V875,6c198f07,f122d2b5,24ca7807,20260821,20260905,0
16V885,f9467bc1,554d8cdf,cf5d3ac6,20260821,20260905,0
16V888,ad0b432a,8791a807,1b0b52ae,20260821,20260905,0
16V889,279a8a0d,02ff2fc0,bae87a67,20260821,20260905,0
16V891,3ab2d420,95991af6,9cf470e7,20260821,20260905,0
16V892,d56238d9,0487a97e,a6004402,20260821,20260905,0
16V893,5e89afde,81abc0be,88d27a9f,20260821,20260905,0
16V894,0baf5891,7cf5ce62,e9fa82ac,20260821,20260905,0
16E092,529a8dce,fddf8db8,122520b3,20260821,20260905,0
16V896,a2cf1f60,5861144d,22e0af94,20260821,20260905,0
16E093,5a794f46,5861144d,adb12b0b,20260821,20260905,0
16V903,263bccd8,d4507a19,ef336a06,20260821,20260905,0
16V905,8152b553,b22a8688,d3abbc41,20260821,20260905,0
16E094,c980ff88,cac13d6a,cdde5ffc,20260821,20260905,0
16E095,b0bec09c,c73e6733,006d5dd9,20260821,20260905,0
16E096,b25cd970,20cfbe35,e7ceff02,20260821,20260905,0
16V922,44b8acc8,2e8cbf0e,2af71691,20260821,20260905,0
16V932,bf0b9bb1,9d42b553,5b0e5f59,20260821,20260905,0
16V933,31c86458,feb93c7b,b6b755d7,20260821,20260905,0
16V773,670aabee,852473e5,1a53aeac,20260821,20260905,0
16V934,906287b4,3552f98b,9e69eeb1,20260821,20260905,0
16V939,2256b1e9,8e36f481,19f526ce,20260821,20260905,0
16V945,12b09e36,653b3d11,8ef0f233,20260821,20260905,0
16V946,220f642a,c1666b07,a3c9fa00,20260821,20260905,0
16V384,92eb4596,d5c46a8d,eae1a150,20260821,20260905,0
16V949,45e20ef8,6fe83799,e41ef360,20260821,20260905,0
16V955,00e5e9c8,245d8dc4,557f22df,20260821,20260905,0
16V165,546ed7bc,7d1feb4f,268aeec4,20260821,20260905,0
16V956,a20ddd1c,9fde6bca,da68104e,20260821,20260905,0
16V689,7dd1f7c8,61f8d45d,869d28bb,20260821,20260905,0
16V001,42597619,8fa65755,8c2ac9f3,20260821,20260905,0
16V003,a9161ad4,e5b7ea21,64ad4078,20260821,20260905,0
16V004,0ecf9bef,0a32d4d1,325dc919,20260821,20260905,0
16V006,aa9c4e10,bc4ec2f2,0996e40d,20260821,20260905,0
16V010,204b54bb,2a6caa57,c778f24d,20260821,20260905,0
16V024,7c408c3f,cbb1fbdc,566277ac,20260821,20260905,0
16V012,e2fa8525,2a6caa57,e9015674,20260821,20260905,0
16V015,1d8ed272,387f6d77,83a2e2c5,20260821,20260905,0
16E002,d83eedc8,3a00ecca,50f5f129,20260821,20260905,0
16V022,4a1c8cfb,2a6caa57,e0746e1c,20260821,20260905,0
16V025,c43e2192,f6bdd4fa,a269549a,20260821,20260905,0
16V026,643a13bc,6171e772,86c4deae,20260821,20260905,0
16V030,53ee068c,bc4ec2f2,69768ff6,20260821,20260905,0
16V032,ad989b44,46a47fba,be50abcb,20260821,20260905,0
16V033,d729a6a1,8fa5be38,7fe2aed7,20260821,20260905,0
16E006,d37afc4c,dea246b8,e302b5d0,20260821,20260905,0
16V043,ea1ed639,bc4db3a7,3e99e447,20260821,20260905,0
16V047,db38e46c,0caba101,746d05ba,20260821,20260905,0
16V050,9238f241,99dba607,c20c6988,20260821,20260905,0
16V051,2989aa8f,51542824,af337f12,20260821,20260905,0
16V054,adc4a421,010c6546,0c87a4ef,20260821,20260905,0
16V057,5f7ae8a6,28a92ac7,8477d728,20260821,20260905,0
16V059,11f5d7bb,83f7ebeb,49d9343d,20260821,20260905,0
16V060,78fbf619,c93ede39,28518aea,20260821,20260905,0
16V083,7ebf9e20,0caba101,5e9bb892,20260821,20260905,0
16V062,08233804,eb184094,88d902bb,20260821,20260905,0
16V064,66eaccea,50baa674,96062641,20260821,20260905,0
16E008,59796c8d,539a42b4,eac43ec3,20260821,20260905,0
16V066,1e4e273b,c08988b0,a5ac3150,20260821,20260905,0
16V070,8fb2ffa2,28a92ac7,36186761,20260821,20260905,0
16V072,dfad158d,7080e91d,469a7e35,20260821,20260905,0
16V075,57702268,833aacc2,02319234,20260821,20260905,0
16V079,7c4377da,3e1ca9ec,f4880086,20260821,20260905,0
16V080,936da6f0,bc4ec2f2,c61609d3,20260821,20260905,0
16V087,9aa8b964,832712c1,1b3f216b,20260821,20260905,0
16E013,cd5f16c4,d9038ca0,5fd49703,20260821,20260905,0
16V096,860492a9,91f983a7,cc9c7b3c,20260821,20260905,0
16V098,bbdcf6ce,af02a799,eade1c80,20260821,20260905,0
16V103,91fbacb0,518a5bbd,5e8861f0,20260821,20260905,0
16V100,105a59a8,714250b7,e5ac066a,20260821,20260905,0
16V102,4591cb8f,0a029430,1485be26,20260821,20260905,0
16V104,0b365155,4c271d35,e7e2ef11,20260821,20260905,0
16V109,8e9e4ec4,74ace2a0,d0bcd33a,20260821,20260905,0
16E014,fd6aa477,5cd93195,dbbad42c,20260821,20260905,0
16V110,cd586c2f,80c4f985,be6ecc9b,20260821,20260905,0
16E028,7432c133,bf4d7b31,2db26bfb,20260821,20260905,0
16V111,0f30342e,02f9f212,46935128,20260821,20260905,0
16V112,8a829a56,e11bbd34,43055d0e,20260821,20260905,0
16E015,cd29b7b3,10b18167,1a33d975,20260821,20260905,0
16V116,c70fe73f,efbe5dd2,da977242,20260821,20260905,0
16V143,2497bcf9,8ceaede9,6fdb5d2e,20260821,20260905,0
16E019,30fb10a0,803d05b7,e4079aa0,20260821,20260905,0
16V148,e467d6ac,2ca2dc4b,53afd88a,20260821,20260905,0
16V160,90f5a375,0864d85a,5653ad60,20260821,20260905,0
16E020,8b586105,b9917861,5455c668,20260821,20260905,0
16V182,fafe6ce4,8069ccc8,80872b20,20260821,20260905,0
16V155,e4380377,239438e0,98e3e3d4,20260821,20260905,0
16V156,08b2a28d,78bbb290,0d033b96,20260821,20260905,0
16E021,c031ad76,795838e8,b0e0ffaa,20260821,20260905,0
16V157,84269348,fd6f5abb,0ee3b420,20260821,20260905,0
16V161,bde576d9,32a1af5c,6f39c753,20260821,20260905,0
16V164,a09afbda,d045ba64,7582b219,20260821,20260905,0
16E025,da9fef7b,8613db8c,5e4ba018,20260821,20260905,0
16V187,849d5294,87ce6078,386b7acb,20260821,20260905,0
16V190,6f3f9a68,f621cbf0,363c4296,20260821,20260905,0
16E027,c558a5d5,3a54708a,4c723766,20260821,20260905,0
16V192,082bb8d1,cad95ee0,2d386aa7,20260821,20260905,0
16V198,9b9137eb,add3051b,09e124dc,20260821,20260905,0
16E032,7abc1cc2,152b88e2,ca47098e,20260821,20260905,0
16V200,0efbf6ab,79dbc3a4,7653ceb6,20260821,20260905,0
16V201,90ce8810,e11bbd34,903eb683,20260821,20260905,0
16V246,76de8006,763819ac,a1735118,20260821,20260905,0
16V203,3dbd1786,35b40743,a83a1a55,20260821,20260905,0
16V206,9eb958af,5a7ed0a5,434d1cb0,20260821,20260905,0
16V225,7ed0e541,5b28fd80,9ab69a24,20260821,20260905,0
16V227,ecb7458e,5b28fd80,e15a905d,20260821,20260905,0
16V228,ad039afb,5d66b037,2ae8f150,20260821,20260905,0
16V230,6c35d01c,48edc697,fe96d04b,20260821,20260905,0
16V235,528028ec,c37c1e61,43608acb,20260821,20260905,0
16V247,25315d2f,1fafc1e4,ada8a69a,20260821,20260905,0
16V660,de0ea4a6,2c1e78b5,0143c556,20260821,20260905,0
16V662,60514e5d,7cc9bcb3,ea7eb259,20260821,20260905,0
16V674,b31d775a,f0c91918,b3b71908,20260821,20260905,0
16V249,dd32329a,ed398824,5a0cbb6f,20260821,20260905,0
16V252,fbeed104,6183ffa8,d09bb176,20260821,20260905,0
16V253,3bb14e7e,1c811125,f70170b0,20260821,20260905,0
16V257,614a1144,1bb3d4d1,c8900d35,20260821,20260905,0
16V260,998dc6b8,d283ce8c,23c0c262,20260821,20260905,0
16V262,735ee0b7,8ecc07ba,18fd88ec,20260821,20260905,0
16V263,daa504c4,2bec6271,3a3dd7be,20260821,20260905,0
16V265,70784124,5b28fd80,67796496,20260821,20260905,0
16V268,dd15fe90,444ac826,705d11cc,20260821,20260905,0
16V270,75574efc,723d1c0c,48704839,20260821,20260905,0
16V274,c0b0d048,4537a513,3fb53966,20260821,20260905,0
16V278,71e93ae6,920a519b,424815a7,20260821,20260905,0
16V281,24dc4c85,5b28fd80,476182c0,20260821,20260905,0
16V283,17639241,b65c6df9,0508a738,20260821,20260905,0
16V292,6392ab11,4a4f4c4e,05f29b1a,20260821,20260905,0
16V294,94b3dc20,3a54708a,2e2b4813,20260821,20260905,0
16V299,a6db10ac,e5b7ea21,e285b53a,20260821,20260905,0
16E040,dda25059,74552343,6fb73061,20260821,20260905,0
16V305,da6744dc,f95a4cbd,6d2addb9,20260821,20260905,0
16V307,d8cb05b6,58adfcd0,6ab7bae4,20260821,20260905,0
16E042,66f3e841,8f7f7224,ff5003f6,20260821,20260905,0
16E044,ee72c145,8f7f7224,8d4dde0c,20260821,20260905,0
16V310,502b1d00,5b28fd80,a8a189a5,20260821,20260905,0
16V311,f5062cc6,8f8d4a4f,a1f428a3,20260821,20260905,0
16V312,4b88ca01,e041a19e,463f6097,20260821,20260905,0
16V314,c9e2764c,d5a78d15,690d6b25,20260821,20260905,0
16V315,f045eda2,6b70161f,5f069ef7,20260821,20260905,0
16V316,6001085b,54a00e3a,b1f31877,20260821,20260905,0
16V324,4c1e756c,11af86ae,e4fbfe02,20260821,20260905,0
16V327,350a2259,e4d9cb70,36814d7a,20260821,20260905,0
16V335,22e91ea5,204ccf5c,f7690762,20260821,20260905,0
16V343,79518cc9,d61ecfc9,a5943255,20260821,20260905,0
16V349,c6da7ad5,d5c46a8d,77e37a1a,20260821,20260905,0
16V350,59ff26b8,b9917861,896eb8f5,20260821,20260905,0
16V370,21ec5b57,9e458153,27158de0,20260821,20260905,0
16V377,650990fa,8069ccc8,cae60d6a,20260821,20260905,0
16V380,72c2b9d0,74a74443,648a404e,20260821,20260905,0
16V385,ac4ed9fb,74552343,ba8e2ca4,20260821,20260905,0
16V386,bea9fa23,b9917861,94832031,20260821,20260905,0
16V388,2a3f2114,b9a2531f,7455b491,20260821,20260905,0
16V394,87090d5d,b9a2531f,6dfae129,20260821,20260905,0
16E052,d52ea5df,99a22948,5f5611b0,20260821,20260905,0
16V403,73f59471,c02fb4a9,4bade612,20260821,20260905,0
16V417,920a4c81,66ec8e22,22fb9fc4,20260821,20260905,0
16V473,5fb43e48,b2a869e3,5c1c3549,20260821,20260905,0
16V422,6608d7b1,68cbae5e,c59e4241,20260821,20260905,0
16E057,b2ed176d,ee8cfb79,f694216e,20260821,20260905,0
16V431,658289f5,6f0de70f,f796432f,20260821,20260905,0
16V439,42ee5f91,cfb0e79f,b0dfb019,20260821,20260905,0
16V448,1fe82881,4601d95e,75eae8b2,20260821,20260905,0
16V452,f5590328,5b28fd80,2dc2fc7d,20260821,20260905,0
16V455,8ba148ca,6035ec16,85120600,20260821,20260905,0
16V461,e5c0f0a6,ea45a4f9,7bcd0773,20260821,20260905,0
16V458,a4b266ef,fdb873e2,ac6ed14f,20260821,20260905,0
16V515,24e9e40a,8ecc07ba,6939c8a1,20260821,20260905,0
16V462,342f8b52,35670603,b128d5c7,20260821,20260905,0
16V471,8c8f3d87,e7daf9f0,c1109423,20260821,20260905,0
16V476,3180795f,b2a869e3,dae5c126,20260821,20260905,0
16V488,4104133f,b2a869e3,1f78c8ac,20260821,20260905,0
16V490,25ac0a66,0c69eeda,4e9fbd83,20260821,20260905,0
16V493,26ad907c,fc48fde3,da7122f4,20260821,20260905,0
16V496,4f835a38,b2a869e3,e058c8ea,20260821,20260905,0
16V505,8c72ffe5,b2a869e3,fc853646,20260821,20260905,0
16V510,2b57ebae,b945dfd0,e0353ddb,20260821,20260905,0
16V519,61d9c8ba,1231cfd1,3facfca1,20260821,20260905,0
16E060,536b7b44,152b88e2,beca36a9,20260821,20260905,0
16V522,0e1d6bf8,b2a869e3,721f3cc1,20260821,20260905,0
16V538,8888faed,318d0a7f,3aa74e7c,20260821,20260905,0
16E062,f80e440b,73373ed5,6c9c598c,20260821,20260905,0
16V536,5f9b9b66,6f1b3f90,96b05912,20260821,20260905,0
16V539,5991ddad,dec8fbf3,1edb2c19,20260821,20260905,0
16V543,27422474,f4c62623,8b3ed15b,20260821,20260905,0
16V546,8500526c,e8627e03,a6046b7e,20260821,20260905,0
16V550,d7a796d6,bbc822d9,9ab7e87b,20260821,20260905,0
16V555,ea75a087,863b3a14,f7f45d69,20260821,20260905,0
16V557,27283704,0ad7192c,4785a3d5,20260821,20260905,0
16E066,1fe7d101,f0c91918,b26843f7,20260821,20260905,0
16T010,17455328,4771dfb7,ebe71774,20260821,20260905,0
16V561,00d07435,5f9c187d,c16946cb,20260821,20260905,0
16V578,b512ec7e,ba49b94f,96fe7f46,20260821,20260905,0
16V586,5378cbe8,90296a13,29dcfad0,20260821,20260905,0
16V588,25ed314b,8ca05ead,29237e2a,20260821,20260905,0
16V587,d987cba5,59ee4de2,45a8f248,20260821,20260905,0
16V593,6a42b3ea,13b3221d,5ddfeb3c,20260821,20260905,0
16V344,f3a095bb,d5c46a8d,95107344,20260821,20260905,0
16V028,6d112a41,e85ebf45,30f21bde,20260821,20260905,0
16V208,806fe713,723d1c0c,34b7dba4,20260821,20260905,0
16V209,0c2462be,e15c1db8,7e0b3850,20260821,20260905,0
16V211,66d0fec1,445b429f,58726703,20260821,20260905,0
16V215,f9496789,639e0fab,23c3d035,20260821,20260905,0
16V218,c0b23eb0,17a7f16b,4b08f26d,20260821,20260905,0
16E035,4cb030a1,aad19c32,b8a42e78,20260821,20260905,0
16C001,52437069,12f10a2c,50948942,20260821,20260905,0
16E001,abf01eed,a351c94a,c9661e8f,20260821,20260905,0
16V009,c16e629a,8fa65755,77ec461c,20260821,20260905,0
16V013,1127939d,2665b764,d07e6674,20260821,20260905,0
16E003,f1c86f2e,5526d8a1,a1e6d7b7,20260821,20260905,0
16V031,b70cc859,bc4ec2f2,4b252245,20260821,20260905,0
16V039,e7bc756c,e5b7ea21,c2dd8e89,20260821,20260905,0
16V037,66d65c92,18ac278f,45776196,20260821,20260905,0
16V041,cee18a26,f15dcdbe,4214afa4,20260821,20260905,0
16V044,86af579e,ab8be699,39060295,20260821,20260905,0
16V053,5dd3db65,c2a3739d,8f1a0d7f,20260821,20260905,0
16V055,cf024822,28609da1,bf252151,20260821,20260905,0
16V056,3fbb1399,0b8f83eb,4b43606d,20260821,20260905,0
16V058,dec36452,e11bbd34,e3a78239,20260821,20260905,0
16V068,964a2eee,eaa84644,c8634c09,20260821,20260905,0
16V063,e244a6f3,3e1ca9ec,0f41d800,20260821,20260905,0
16E011,882b3e47,49479f5f,ed769279,20260821,20260905,0
16V074,1c1fdb2a,93028e76,cfa79e72,20260821,20260905,0
16V077,3fdc4da6,dea246b8,281ebb01,20260821,20260905,0
16V078,e9754391,dea246b8,5b51ed5b,20260821,20260905,0
16V084,8e2e0632,20c4b57d,b4e02f4b,20260821,20260905,0
16V086,760ece76,48c44315,0ec0114f,20260821,20260905,0
16E012,505154a6,8ecc07ba,b40d293b,20260821,20260905,0
16V091,2d4dcbcc,ba8ef3ac,2de8bef4,20260821,20260905,0
16V093,4b2649e0,3ca190ce,c6830c3e,20260821,20260905,0
16V094,722c70c8,3240b71c,0353e7d1,20260821,20260905,0
16V101,61de6321,714250b7,d9cf1b9f,20260821,20260905,0
16V117,9a3f88d7,c6cb6c34,6ff280bf,20260821,20260905,0
16V119,fbf9d45d,869792a1,446a267c,20260821,20260905,0
16V123,fa4f911d,61f9896d,e7793ec0,20260821,20260905,0
16E016,c308fe05,1c7a5d15,04e3aaca,20260821,20260905,0
16V121,22c279ed,e13dc248,b76c9b36,20260821,20260905,0
16V125,09a6ce53,c2038933,67bc3454,20260821,20260905,0
16V126,a8505466,87fcf52a,aa9bd107,20260821,20260905,0
16V127,916cfd1d,651a71e0,e1285cf4,20260821,20260905,0
16V130,2c0f40da,4d7538fa,2b4b57dd,20260821,20260905,0
16V128,738c327d,651a71e0,606d1bde,20260821,20260905,0
16V129,6bf60cb5,feb1e6b9,812a87ef,20260821,20260905,0
16V138,08dbcdf9,adae9e14,73ad1d96,20260821,20260905,0
16V133,69e12426,4fa65b54,5cfaf07c,20260821,20260905,0
16V136,de84653b,fbf18c63,c4db39ea,20260821,20260905,0
16V139,7db0ee48,7f2109d8,4f3b6d24,20260821,20260905,0
16V140,781e907d,5128b9a3,72a54634,20260821,20260905,0
16V147,0747a6c3,726be55c,2e71c219,20260821,20260905,0
16V153,a5cc83d5,ff62db25,3e901872,20260821,20260905,0
16T003,78504b81,dc35e409,b5846122,20260821,20260905,0
16V167,f63bb755,fa6aed79,f8116801,20260821,20260905,0
16V169,9f2bf68a,4cb12f80,a165f3ef,20260821,20260905,0
16V171,be2407d5,64dc251a,3f7d7b17,20260821,20260905,0
16V172,69d82f20,dee0e15a,f23bf1c8,20260821,20260905,0
16V173,dc2ffa12,fc5a93a8,1ed573b3,20260821,20260905,0
16V174,617dcd96,5acad766,5ae22faa,20260821,20260905,0
16V176,3e7e23f8,f123c375,1bea9482,20260821,20260905,0
16V178,b51b65be,fa3e2194,def0aa0d,20260821,20260905,0
16V180,b2415b29,7b27d848,e5619989,20260821,20260905,0
16E024,63baf786,5526d8a1,82407782,20260821,20260905,0
16V184,f4fb56bb,c7353fb4,2af85e26,20260821,20260905,0
16V186,46bbd21d,604cc8d9,6e3f7af7,20260821,20260905,0
16V219,e8c82ab4,c0b1dfdf,3c7813b1,20260821,20260905,0
16V193,8a985cbe,600cc8a0,309bd2cf,20260821,20260905,0
16V221,786c2952,411c0abf,438fa809,20260821,20260905,0
16V195,48967dad,4864a383,a3d1ff58,20260821,20260905,0
16E031,6ae7c18a,152b88e2,ca47098e,20260821,20260905,0
16E033,bda5c46c,6b2e126f,a9b921b9,20260821,20260905,0
16V205,e00e4dca,0a507d81,b8268245,20260821,20260905,0
16V207,e61985c2,0fc652c6,3750d90e,20260821,20260905,0
16V213,fa10a32b,8cab1825,6cd0c363,20260821,20260905,0
16V217,0ad70e58,3e959090,e447e83a,20260821,20260905,0
16V229,8bc5153b,bf4d7b31,310fb733,20260821,20260905,0
16V232,8bf88137,b8ea9139,465a2af7,20260821,20260905,0
16E047,27b1031c,8f8938aa,f2ccd561,20260821,20260905,0
16V237,e95d9415,9e6746f4,d27f0fb0,20260821,20260905,0
16V240,75234475,cb7e41d2,3c94172e,20260821,20260905,0
16V250,c60177e4,b212ed96,c624e786,20260821,20260905,0
16V244,3626c829,cfa127b4,684bc89e,20260821,20260905,0
16V245,d265c4a6,1df937d4,fb025b07,20260821,20260905,0
16V254,cf3cd62c,8ecc07ba,50af34af,20260821,20260905,0
16V256,7f11b006,2d69f552,39e462af,20260821,20260905,0
16V269,b5a171ee,8ecc07ba,9ae68e08,20260821,20260905,0
16V272,802ba294,edfcf60a,82d56beb,20260821,20260905,0
16V273,7bff0536,0814c5d1,12845ad2,20260821,20260905,0
16V277,aedbdb62,723d1c0c,478708e0,20260821,20260905,0
16V276,223cfd3a,8ecc07ba,277f341c,20260821,20260905,0
16V279,2ffec96c,e4d46a1a,d24a5437,20260821,20260905,0
16V280,eb870757,e13dc248,7d6f0a48,20260821,20260905,0
16V282,be90c3e2,a63d9b68,c25bee32,20260821,20260905,0
16V286,5bfed673,baee3518,38eac08f,20260821,20260905,0
16V303,7516f397,f3ec7573,e261c2dd,20260821,20260905,0
16V290,910aca20,c23ae180,1f874e0b,20260821,20260905,0
16V301,fc7cee7e,0064461a,0a50cad3,20260821,20260905,0
16V302,e88b8fba,de00d0cd,111c1880,20260821,20260905,0
16V304,211bc018,2cecd92a,4fd60006,20260821,20260905,0
16E043,40f6ffa4,8f7f7224,42f1815d,20260821,20260905,0
16E045,c2529d40,b2a869e3,6485312b,20260821,20260905,0
16V309,bfd2e54b,5b28fd80,14a027ea,20260821,20260905,0
16V323,5abc6bd0,11af86ae,5f5c87df,20260821,20260905,0
16V332,e7ebfdb4,7299d488,4e5d4e8f,20260821,20260905,0
16V333,03ffb83a,f902eaa4,f5ba990c,20260821,20260905,0
16V339,b8e3afac,a312c058,610a2507,20260821,20260905,0
16V341,fa832d63,d5c46a8d,b2f643bc,20260821,20260905,0
16V369,95f90825,8fa65755,dcb5d1a1,20260821,20260905,0
16V351,32fe8f1d,f9650f0c,c6d2e76e,20260821,20260905,0
16V358,45fabc62,d5c46a8d,d9a53dbf,20260821,20260905,0
16V371,7d66b5a6,c08988b0,9d2ea60b,20260821,20260905,0
16V599,8f5ecad8,cffa5b2a,f2d02693,20260821,20260905,0
16V884,d474bed3,08aa9c39,44ccd9b1,20260821,20260905,0
16V361,db9615ba,d5c46a8d,4cff1cb5,20260821,20260905,0
16V391,9aae6a4d,f8a0978e,e6b97b51,20260821,20260905,0
16V149,02b130f3,6d478e44,39d08410,20260821,20260905,0
16V162,8e219891,15f9fb14,f313c48f,20260821,20260905,0
16V168,474c8f6a,8ac956d3,e76eb530,20260821,20260905,0
16V073,0ed08bff,4f58122a,9e1c8a06,20260821,20260905,0
16V085,45ca00fb,465b0574,9b903415,20260821,20260905,0
16V089,075ba753,18e79d60,f2f601e3,20260821,20260905,0
16C003,80356c10,9257b262,eba45037,20260821,20260905,0
16V095,1fd72324,b7633318,e39759eb,20260821,20260905,0
16V097,377ecbd1,78bbb290,51fb7a5a,20260821,20260905,0
16V105,a2f7737c,77f3327a,fd1561ea,20260821,20260905,0
16V107,af61abcc,fde53ebb,94500396,20260821,20260905,0
16V108,4759f559,10c759e4,9a7c60c8,20260821,20260905,0
16V113,5acd90fd,c8eac124,a9286110,20260821,20260905,0
16V114,cce7b7ab,bd6efccb,4188db17,20260821,20260905,0
16E017,0b6c83d0,8ceaede9,fa8942fb,20260821,20260905,0
16V132,9675a216,e5b7ea21,eccb3de2,20260821,20260905,0
16V134,88aebdad,5c9104fd,d9d9f34b,20260821,20260905,0
16V144,b431fc53,1ac320c5,92b1f5aa,20260821,20260905,0
16V150,4f924bb7,0ea4fd68,460bc97e,20260821,20260905,0
16V152,0fc82e9a,1ba96e9c,236d44ee,20260821,20260905,0
16V158,88206751,1dd17365,39f88cb4,20260821,20260905,0
16V159,9b8b0074,573ecfae,12bf3c8b,20260821,20260905,0
16V170,1b39b560,4cb12f80,8e9d0d90,20260821,20260905,0
16V175,579dc28c,38c2c2d6,f4549475,20260821,20260905,0
16V177,4a85f855,30f44d30,dccf69cd,20260821,20260905,0
16V183,b83b6b13,55b754e0,54859def,20260821,20260905,0
16E026,63d02fa0,bd51c0a9,76f29a5e,20260821,20260905,0
16V202,c98ac43d,f826cabb,bd209008,20260821,20260905,0
16E030,0ecd6bcb,600cc8a0,81444747,20260821,20260905,0
16V864,27eac9f6,692957c7,03a6f2ec,20260821,20260905,0
16V860,8329f321,31fbba92,4304f662,20260821,20260905,0
16V861,873533b7,23f1ca52,66266a1e,20260821,20260905,0
16V863,6dc79eba,ac50d3ea,42e64456,20260821,20260905,0
16V865,df847b1c,6635654e,41d47981,20260821,20260905,0
16V867,6c2e4f7c,2db0e140,0a90842f,20260821,20260905,0
16V179,f16f5d36,38c2c2d6,b48d165e,20260821,20260905,0
16V181,57c106a2,a80023f6,25ede0c3,20260821,20260905,0
16V188,be597005,c0651a33,2b876d85,20260821,20260905,0
16V189,f617948e,9dc29c83,6c715825,20260821,20260905,0
16V191,3fcf171e,f212f835,3a9c4e90,20260821,20260905,0
16E029,33076879,3aaf6652,cd6f10b1,20260821,20260905,0
16V196,34a4fe9f,e11bbd34,279444fc,20260821,20260905,0
16V197,c3ebc706,ce39dd51,ecfda47f,20260821,20260905,0
16V199,1c0d96ae,32cc619d,b3da4266,20260821,20260905,0
16V204,beafce75,6183ffa8,2dfd0bbb,20260821,20260905,0
16V210,f2305c4b,9970a164,900dc1c0,20260821,20260905,0
16E034,9d04f2ed,dec1e4e4,b17dbf54,20260821,20260905,0
16V212,5ec4cbed,91d5577e,d8a7fb7b,20260821,20260905,0
16V214,c010fd39,62b1eafc,b7ac8ba7,20260821,20260905,0
16V166,69c7135a,b4a2608f,bf79d4b5,20260821,20260905,0
16T005,b43c3e31,d48ecd2d,5e44af43,20260821,20260905,0
16V233,54198be2,56157b15,bf7af044,20260821,20260905,0
16C004,0b00ab87,a92f8dcd,713758e6,20260821,20260905,0
16V248,185571fb,be76f086,0d90d259,20260821,20260905,0
16E038,5adaea2a,1ed47b27,2abb737d,20260821,20260905,0
16V329,f71231bf,bf359f73,3db79422,20260821,20260905,0
16T006,61a84545,c8784be1,abdaafab,20260821,20260905,0
16V251,c44c7e46,a4546d8e,a00d8cdd,20260821,20260905,0
16V255,be1cda4e,8ecc07ba,11b5a215,20260821,20260905,0
16V413,968e2ceb,a6702e4b,599a58e6,20260821,20260905,0
16E039,ddfe037c,1c811125,3bcab267,20260821,20260905,0
16V259,dc12d79e,8ecc07ba,9e6c33f8,20260821,20260905,0
16V267,efc71d18,dea246b8,aef0c454,20260821,20260905,0
16V271,dc2ed0b0,88c0b292,9bf01b8f,20260821,20260905,0
16V275,af6d2baf,830db250,33191e13,20260821,20260905,0
16V287,fb6a87c3,5bf2befa,ffa27d37,20260821,20260905,0
16V289,46d7e2be,dea4d7f9,ee06cc3a,20260821,20260905,0
16V291,c747ede0,b14e3be1,4ab5a5a8,20260821,20260905,0
16V295,19d82aa5,5b28fd80,705246cd,20260821,20260905,0
16V297,229bca27,88c0b292,ec8e0391,20260821,20260905,0
16V319,b1b469a9,54a00e3a,1efa17da,20260821,20260905,0
16V298,3fab4a59,f212f835,e0fb038d,20260821,20260905,0
16V308,897123d6,8ef54390,e6472ebd,20260821,20260905,0
16V313,e8cfbcff,890ae47b,efc34c58,20260821,20260905,0
16E046,d38360f6,90296a13,e915eef9,20260821,20260905,0
16V318,91099807,f8a0978e,9eded64b,20260821,20260905,0
16V321,e8cec0fc,6035ec16,da2242a6,20260821,20260905,0
16V322,a73f1cb6,250ba322,0b2b2831,20260821,20260905,0
16V325,99478f68,bfce5d23,3174c14e,20260821,20260905,0
16V326,0888a67c,bfce5d23,f9edbfd2,20260821,20260905,0
16V331,9c82f665,b9917861,e1d731eb,20260821,20260905,0
16V334,941c5c0b,d5c46a8d,a4462145,20260821,20260905,0
16V338,c01e2429,18f9c700,497dc9b6,20260821,20260905,0
16E048,369c54bf,1c717a47,3cb6f88c,20260821,20260905,0
16V342,3a70168f,bd331527,2ec79d05,20260821,20260905,0
16V345,ca6b3122,70dfcf72,1ad604fa,20260821,20260905,0
16V355,a6cbb901,d7bf3d49,9eb084fb,20260821,20260905,0
16V357,857d698f,09105285,c10abc64,20260821,20260905,0
16V359,54b66f31,d5c46a8d,4c0aabdb,20260821,20260905,0
16V652,4de6c61c,b2a869e3,71b43a72,20260821,20260905,0
16V656,8b73ee32,1978f8ff,6e8beeb8,20260821,20260905,0
16E071,167753d2,b42ec258,6abecb72,20260821,20260905,0
16V877,08a50236,2c1e78b5,e615532e,20260821,20260905,0
16V869,b43fb84b,d57969bc,ddc2b501,20260821,20260905,0
16V870,2e9e9b25,9f47b751,4ab7be26,20260821,20260905,0
16V899,7bffb062,233cdeb7,f9116614,20260821,20260905,0
16V736,4bdbeb6b,f53d7142,224e3fd0,20260821,20260905,0
16V901,650d3615,80bc1b73,d1114eee,20260821,20260905,0
16V904,f94205aa,b45de3a2,442ae71b,20260821,20260905,0
16V909,9eae58b4,2ac2190b,ad2362e5,20260821,20260905,0
16V910,8ea30e82,0df64570,507d4012,20260821,20260905,0
16V911,48a29468,7fedc049,ad608c56,20260821,20260905,0
16V914,4fb094de,3897223f,31cc40fe,20260821,20260905,0
16V915,436b91e7,b78bbcd7,085ae8b2,20260821,20260905,0
16V923,fa81de63,5863dbdb,5d2555d7,20260821,20260905,0
16V936,a060d9cc,61e83e38,342be965,20260821,20260905,0
16V938,332d88f7,caa1213c,14e48530,20260821,20260905,0
16V950,4c79083a,1bb9aae7,563f298a,20260821,20260905,0
16C009,3d8978a1,90e8dbb4,cfce3f08,20260821,20260905,0
16V957,0389d7b0,5e73e9bd,36a17989,20260821,20260905,0
16T017,a6286fbe,71ceef17,c14ae391,20260821,20260905,0
16E076,4dfb33d4,8f75c49b,1fb3f5b1,20260821,20260905,0
16V705,47d876f8,3a06676b,f6213be3,20260821,20260905,0
16V707,451a2c06,5e4e4aa9,abc49822,20260821,20260905,0
16V716,42b31259,588143d4,404f9595,20260821,20260905,0
16V717,45dbded7,35bc783c,20acbf92,20260821,20260905,0
16V719,7e4c94c0,2b678e69,1bdf6744,20260821,20260905,0
16E023,dec8e344,95e868ed,62edf359,20260821,20260905,0
16V722,0dd3aa62,6e9a4f4a,960a8c26,20260821,20260905,0
16V740,84e80eba,b1a7c08f,29d24d9b,20260821,20260905,0
16V750,6b89b875,95200eca,794c443c,20260821,20260905,0
16V756,6877c652,6434a7b7,6038dff4,20260821,20260905,0
16V759,0e087425,99101ac5,cb912382,20260821,20260905,0
16V769,47511517,9edd152c,32ad84cb,20260821,20260905,0
16V762,5bbe154e,5abff12e,886708f3,20260821,20260905,0
16V765,2f69cdb9,8fa65755,f797152f,20260821,20260905,0
16V775,aadf76d6,df855f66,b0397da0,20260821,20260905,0
16V779,fe963adc,36889a21,097e9628,20260821,20260905,0
16V781,edfcdd6c,7a224406,e0f869a7,20260821,20260905,0
16V808,069751df,bd0ef8d2,951bb1d9,20260821,20260905,0
16V785,a38c3ff7,b433e1a2,8dd3a96c,20260821,20260905,0
16V789,bd432d0a,fa747bbb,99dfe883,20260821,20260905,0
16V809,67a6858e,c2983ece,35acf9f0,20260821,20260905,0
16V812,467bdac2,6f80d7f3,44e8d206,20260821,20260905,0
16V816,e89c5708,62547608,5b7224b2,20260821,20260905,0
16V818,45dfe6ce,634bb2c1,ebd46004,20260821,20260905,0
16V819,10312b1e,634bb2c1,ce050cad,20260821,20260905,0
16V823,5c6f163c,634bb2c1,29c685b4,20260821,20260905,0
16E084,08b83e85,3f4248be,db8863f4,20260821,20260905,0
16V857,7049ee41,0ba94098,0170e111,20260821,20260905,0
16V842,534fbfd3,4d104a3b,b6649791,20260821,20260905,0
16V845,f963f10c,b7f98d14,971a68c3,20260821,20260905,0
16V847,3d1c48ed,7b8fa6ec,055abcb7,20260821,20260905,0
16V851,0abd6a3c,8af6322c,271a875a,20260821,20260905,0
16V081,1727d20f,3e1ca9ec,ebc373e5,20260821,20260905,0
16V088,096e7a5b,8ecc07ba,53699a00,20260821,20260905,0
16V092,77c7e2b8,776f9708,78519e07,20260821,20260905,0
16V099,d169c03f,d6df4d65,3b8b3fa1,20260821,20260905,0
16V106,42be5f1e,1e4b6487,614eec87,20260821,20260905,0
16V115,3773ffe6,59936100,8e0eee5d,20260821,20260905,0
16V118,602ee3af,bf7acaf5,04bde0a5,20260821,20260905,0
16V122,8332ceeb,013a47e5,6c17a257,20260821,20260905,0
16V131,0664631a,144d874b,bba1caf0,20260821,20260905,0
16V137,9f9aedab,10c759e4,7bd571e5,20260821,20260905,0
16E018,a54d1e94,f8942b6f,3976ca1e,20260821,20260905,0
16V141,88ef6ef0,5c9104fd,6d9cb1c9,20260821,20260905,0
16E022,899c5681,44c6037c,57a26b5f,20260821,20260905,0
16V142,fef5a903,f8942b6f,c4975cec,20260821,20260905,0
16V145,d2c4606b,153ea13d,595fbe4f,20260821,20260905,0
16V146,caac73ca,50e3bd5a,890f36f8,20260821,20260905,0
16V151,16f4b9fb,1e7f1447,3bc82ce6,20260821,20260905,0
16V154,eb1c2676,9851270f,7cbe5f10,20260821,20260905,0
16V163,83c4a647,72233423,bd50fbe9,20260821,20260905,0
16V401,eef7b110,8672bea1,51cf4ab1,20260821,20260905,0
16V404,cf44aa90,7c758878,6be3d1fd,20260821,20260905,0
16V409,21d6fa2f,5d5c90a5,0d999730,20260821,20260905,0
16V419,39cf7b57,410d8ef6,fd792163,20260821,20260905,0
16V430,b973418b,ccfc2b20,b926d348,20260821,20260905,0
16V374,83deafc0,d5c46a8d,3988472f,20260821,20260905,0
16V375,e35ef8c2,b9917861,22ba12ee,20260821,20260905,0
16V378,7a30d2a3,6b9e3c92,c24b3d28,20260821,20260905,0
16V382,f4d03f1a,d5c46a8d,0049b611,20260821,20260905,0
16V395,3daa616a,d4bb76e8,f910bfa4,20260821,20260905,0
16V396,45e99e92,5aa163c3,b39410d0,20260821,20260905,0
16V432,cb75db59,fdcb5f19,db2f361a,20260821,20260905,0
16V436,7bc05bd0,7eccfb51,351362c6,20260821,20260905,0
16V397,b9f2fe47,74552343,fa11c688,20260821,20260905,0
16V424,9b790871,cb7e41d2,35776826,20260821,20260905,0
16E055,4b0e2632,eda1f329,e1174d32,20260821,20260905,0
16V437,807767a4,6183ffa8,4db8c383,20260821,20260905,0
16V444,aa18513c,0181fa92,25c28794,20260821,20260905,0
16E058,5b4d6d1a,dec1e4e4,3f26c352,20260821,20260905,0
16V459,620e58d8,42af1198,fd9bd5bc,20260821,20260905,0
16V463,fb86faa9,4ae49834,e0fbfdd2,20260821,20260905,0
16V464,344304a6,ee225b15,d24fd632,20260821,20260905,0
16V465,c11dc39d,a3de3b76,76ac798d,20260821,20260905,0
16V468,03c2a1d9,723d1c0c,f18de32e,20260821,20260905,0
16V482,098720ff,b9fedf1a,79e60d0a,20260821,20260905,0
16V469,d3f7553d,732ecbd6,19ce3e6b,20260821,20260905,0
16V479,b146e097,f94f0d49,65a28a34,20260821,20260905,0
16V484,3ab9ae6d,b2a869e3,ce721940,20260821,20260905,0
16V504,cc30dc5f,b649bafe,480d60e7,20260821,20260905,0
16V514,58fecddc,463c0a13,09ede5e4,20260821,20260905,0
16V525,15041fe3,b2a869e3,641b6876,20260821,20260905,0
16V527,13222964,109e641e,dcaeffea,20260821,20260905,0
16V540,3e9adfce,1cae20c1,02993c95,20260821,20260905,0
16V545,2eff7fad,8bc79e0c,1294a384,20260821,20260905,0
16V547,2c689a71,10451585,8232d262,20260821,20260905,0
16V554,44604390,3138a528,3f60308c,20260821,20260905,0
16V558,add23997,3eae2fa2,c948c00d,20260821,20260905,0
16V560,5ed6f30a,8b7a22fd,963fedcb,20260821,20260905,0
16V566,317aa351,999b32d2,86d6ec1e,20260821,20260905,0
16V567,3da02f66,5e6e6c19,a9d304a9,20260821,20260905,0
16V569,c7949aea,5e6e6c19,bca5d984,20260821,20260905,0
16V571,2d20cbd6,73d55219,9e4e63b9,20260821,20260905,0
16V572,495a5f7c,544c24e8,8011a9e6,20260821,20260905,0
16V577,5c6e1d53,d771e14a,6cca190c,20260821,20260905,0
16V579,52f66e51,9b347bc5,174d1c30,20260821,20260905,0
16E068,09f6ad0b,73373ed5,fdd4240b,20260821,20260905,0
16V598,5fdb5ca9,967fb596,05a62aa5,20260821,20260905,0
16V602,2b33db43,c619dc59,409b73eb,20260821,20260905,0
16V607,e4e3c509,f4015129,126d7a70,20260821,20260905,0
16V614,e45f309e,3df350c8,eab1ee96,20260821,20260905,0
16V616,24119a36,5ddd6372,e11e3f76,20260821,20260905,0
16V618,4ff273d1,fc85f1fc,187e0e4f,20260821,20260905,0
16V617,9a7593f0,c153962b,d1a51e72,20260821,20260905,0
16V619,9452d35d,f7aee42c,0bad44c6,20260821,20260905,0
16V626,c853bd0c,17d6204c,1e20b285,20260821,20260905,0
16V643,0c2fd04d,6c5e4622,0afced72,20260821,20260905,0
16V647,8ee70bc5,718e65e5,0cb702ca,20260821,20260905,0
16C007,320784ae,c41b941b,ae5bbde3,20260821,20260905,0
16V648,3318f96d,f621cbf0,325c9d32,20260821,20260905,0
16V663,80bc8268,90296a13,9d2d485f,20260821,20260905,0
16V667,1626c979,40918abc,12120f61,20260821,20260905,0
16V668,e5a2e439,04151a64,f18b8b0f,20260821,20260905,0
16V671,9764c4db,96a31167,99c53c60,20260821,20260905,0
16V672,03bc7213,c2439b7d,58915ac1,20260821,20260905,0
16V675,0fce55dd,757769ae,bdb25a87,20260821,20260905,0
16V679,3150eb5d,43638880,cc114326,20260821,20260905,0
16V684,0c81a300,2c1e78b5,f89acfe3,20260821,20260905,0
16V685,f44388d3,2c1e78b5,f09b63e6,20260821,20260905,0
16E074,784ab82f,5e733994,f9f9c921,20260821,20260905,0
16V686,28795f9c,3159f205,23dbcb43,20260821,20260905,0
16V688,7cf750d2,59a34b17,8648bfc5,20260821,20260905,0
16V696,5f87c46b,a50acdf7,a7fbf18f,20260821,20260905,0
16V697,252a590f,71065541,77fff6cc,20260821,20260905,0
16E075,caf01ce2,71065541,00a4ec32,20260821,20260905,0
16V701,0b67f28d,71065541,5c62de01,20260821,20260905,0
16V703,d934d266,424651ac,229c87e7,20260821,20260905,0
16V709,122c42fc,2cacd0f3,464aa0d6,20260821,20260905,0
16T016,5bd21ff5,aed761d6,894d5924,20260821,20260905,0
16V712,5f085a88,5e4e4aa9,c6287759,20260821,20260905,0
16V720,77fc1275,1fc7e28b,26210e75,20260821,20260905,0
16V723,b209a831,1fc7e28b,3cd08837,20260821,20260905,0
16V721,273ef201,6183ffa8,ef90975b,20260821,20260905,0
16V724,092ee8a6,ea8c8cf8,fddab4b0,20260821,20260905,0
16V725,5e07cf5d,eec24726,54ad5f9a,20260821,20260905,0
16V734,c6ec1936,f063e5ca,2883e050,20260821,20260905,0
16V738,9a57d0e9,e694d89c,e3caea59,20260821,20260905,0
16V739,3893c71d,d6c00d9a,ed581bde,20260821,20260905,0
16V767,796b50e1,faa2bd39,43aba527,20260821,20260905,0
16V834,edc21251,0624b394,bf8446be,20260821,20260905,0
16V852,44d42c30,361b8dc0,f3c0bd6e,20260821,20260905,0
16V907,e99ea30a,aa53e89a,11338ea0,20260821,20260905,0
16V742,9dd13bc9,e6157b6b,39ba3995,20260821,20260905,0
16V744,25092b1e,a40db90d,26cd08ef,20260821,20260905,0
16V761,66fc48dd,613a3f62,4f141988,20260821,20260905,0
16V764,519fdea5,9ec2420b,ca84adac,20260821,20260905,0
16V768,a184e56a,ed0607cb,9766836f,20260821,20260905,0
16V770,36e54adb,0eec0aec,f95ab3f5,20260821,20260905,0
16V774,57a59164,62100907,b4b23b0d,20260821,20260905,0
16V777,4fc596d3,2c1e78b5,b5627dbc,20260821,20260905,0
16V783,12691704,541a330c,9b22c01c,20260821,20260905,0
16V786,91e5c7e0,80480e7c,4817da60,20260821,20260905,0
16V788,32ff4867,2c1e78b5,01298b28,20260821,20260905,0
16E081,340b8e6a,e7a66d19,e99b20f9,20260821,20260905,0
16V792,ed9c9ae4,f62d74a7,e800b55e,20260821,20260905,0
16V795,2298707c,f3ce7053,22158a44,20260821,20260905,0
16V880,5caba65f,d36d821d,13a4814d,20260821,20260905,0
16V796,327390d7,703dc06b,a6b1e89a,20260821,20260905,0
16V797,a1320449,27a1bc34,9e78289f,20260821,20260905,0
16V800,6dc67c79,05daea23,2e98f3b2,20260821,20260905,0
16V810,4c4dac9e,0346cc0c,9cdbef01,20260821,20260905,0
16V824,7704cb8b,038783a0,5a320f2b,20260821,20260905,0
16V827,6b9834e6,0346cc0c,de8c2393,20260821,20260905,0
16V828,ad5f9970,634bb2c1,eb7f334e,20260821,20260905,0
16E085,da2fbf93,3d66513b,0680fed6,20260821,20260905,0
16V839,c37a70dc,18c288fd,7b9f57a7,20260821,20260905,0
16V840,8ee6a227,b1853590,df262d58,20260821,20260905,0
16V843,e0c1417a,f1c38c35,0cd5fc55,20260821,20260905,0
16V854,ea7e2ba2,99253c04,0b3f0b46,20260821,20260905,0
16V862,8a789f1f,4d104a3b,fc0aee09,20260821,20260905,0
16E088,33a915d9,7bddcc7c,6aaaa7bc,20260821,20260905,0
16V868,f81ce833,efbe5dd2,705d7905,20260821,20260905,0
16E089,b140cd89,b42ec258,bd692a1e,20260821,20260905,0
16V874,af8d77e4,750be97a,9ff1b06e,20260821,20260905,0
16V878,9f6ef28c,53be73ba,527e5bbe,20260821,20260905,0
16V897,63e9d04c,ace1e0e8,82259d35,20260821,20260905,0
16V898,5732021f,5861144d,6ae65f30,20260821,20260905,0
16V906,b971890e,73778954,ca41a50e,20260821,20260905,0
16V913,0f171ddb,0bc58578,b9cc5916,20260821,20260905,0
16V926,541749b7,92f38539,935f721b,20260821,20260905,0
16V920,b1fb22e0,833aacc2,adb876e8,20260821,20260905,0
16V924,27552c0e,bb08c830,2639b2ae,20260821,20260905,0
16V927,9e48f01c,f7368059,e1a3ad16,20260821,20260905,0
16V941,84db99c1,7c1d1910,dbb45d99,20260821,20260905,0
16V942,ab302e03,a8ab109c,3d5ccd9b,20260821,20260905,0
16V944,a4973ae5,0f823ea2,290915d6,20260821,20260905,0
16V948,0a055e6c,657dc331,29ebfc83,20260821,20260905,0
16V954,86409cb2,c049db14,e83cae16,20260821,20260905,0
16V005,3fae0577,bc4ec2f2,0c9a8112,20260821,20260905,0
16V018,64bf615b,ecabfaaa,f9e20374,20260821,20260905,0
16V016,c37f7a20,bc4ec2f2,ae900a8d,20260821,20260905,0
16V017,4daebb0e,1ac320c5,fe23be41,20260821,20260905,0
16V019,5e6a7179,fbb0e142,9d353ece,20260821,20260905,0
16E004,9efd1d4c,fbb0e142,6996d2cf,20260821,20260905,0
16V029,2acf13f5,f1c38c35,549e1000,20260821,20260905,0
16V035,03cf6956,e3e886e5,469459a7,20260821,20260905,0
16E005,1cc03241,dea246b8,00c83704,20260821,20260905,0
16E007,e4bc6b0f,f92fd69a,7fe86a36,20260821,20260905,0
16V046,82df71cb,dd237e82,7c7be48e,20260821,20260905,0
16T002,1a4c2f6d,4688cc90,acb05407,20260821,20260905,0
16C002,9ae6b598,8dd1735a,3a032a1a,20260821,20260905,0
16E009,cd0991e5,8f7f7224,3655a7ff,20260821,20260905,0
16V067,cb367f0a,1668d77f,3dbff281,20260821,20260905,0
16V076,5baaa23e,3cd67475,8a8bf47f,20260821,20260905,0
17V030,f62a8452,d5c46a8d,f86f33d6,20260821,20260905,0
17V560,623767e3,4c01f456,2c65b89f,20260821,20260905,0
17V656,ff99d438,04fea860,fd129703,20260821,20260905,0
17V631,f6cd24ef,48a9005e,00f527c8,20260821,20260905,0
17V345,720fd0b2,03ee601b,13f070c4,20260821,20260905,0
17V349,1017dc0f,938564d5,4c21a147,20260821,20260905,0
17V486,69833a5d,4fae51d1,1dcb89af,20260821,20260905,0
17V249,36688f7a,6b606df0,c6e4180f,20260821,20260905,0
17V618,8b177287,a44babc8,013dee06,20260821,20260905,0
17V619,f9600527,7d29b2cd,20d6e9be,20260821,20260905,0
17V620,cb341ac5,efbe5dd2,5f0de5e9,20260821,20260905,0
17V140,1432afaa,a95a3b5e,887ee6b3,20260821,20260905,0
17V143,0c8d71cd,339994ae,7fb878b4,20260821,20260905,0
17V142,a73cd086,261bd374,6e5b6b31,20260821,20260905,0
17V149,084dce6b,947af7c2,2a2f0dc0,20260821,20260905,0
17E015,f2ef0b8f,4a68e97e,0b432651,20260821,20260905,0
17V169,887993ec,401e0872,88d63360,20260821,20260905,0
17V186,3b66a773,4c02bb4d,5f185d3e,20260821,20260905,0
17V747,8616c62a,a7a67d49,f341f1cc,20260821,20260905,0
17V178,a726f217,273f07eb,d4458f05,20260821,20260905,0
17V179,14450511,50826986,94078303,20260821,20260905,0
17V215,2a56eb80,9c50ed00,fe3414a3,20260821,20260905,0
17V219,700dc93f,703dc06b,1e0673b7,20260821,20260905,0
17V233,9f83073d,71668a5e,5e67b155,20260821,20260905,0
17V237,d2f0c959,45ab78e9,e3988168,20260821,20260905,0
17V239,c49bb481,8a5aba6b,9cf47c47,20260821,20260905,0
17V241,6a33e95b,15383f4f,83bd234d,20260821,20260905,0
17V244,2dcca4b7,a8ab109c,447dad21,20260821,20260905,0
17V259,861a595e,4fed1224,1f2f10c2,20260821,20260905,0
17V242,c4cd3ca3,b61e68ab,e2ee47ea,20260821,20260905,0
17V245,aefb1710,dadadf2f,9cfa77b1,20260821,20260905,0
17V268,3cca3e14,cbb58ee6,2a8a48fa,20260821,20260905,0
17V270,52a78806,0643b74d,6dbb52b3,20260821,20260905,0
17V272,c95d6fab,ba268c40,be66cd10,20260821,20260905,0
17V273,25afe16e,7d03238d,c36c38f8,20260821,20260905,0
17V749,45cd897b,a7a67d49,0ba7b19b,20260821,20260905,0
17V283,2e94a367,c2983ece,61b4f3e4,20260821,20260905,0
17V288,5b8eaf7a,67a6fef7,b96aa663,20260821,20260905,0
17V289,f48bdea5,2c1e78b5,1d135321,20260821,20260905,0
17V303,69b32b8a,b3c04854,20f03a12,20260821,20260905,0
17V291,40ab60f7,dd9aeda5,4dd8efc7,20260821,20260905,0
17V292,5c61a2d0,bf05b259,5cac40f0,20260821,20260905,0
17V293,224fcbf9,1e7f27cd,c9c0c520,20260821,20260905,0
17V297,fab34f6e,09a84e95,fd055645,20260821,20260905,0
17V300,793360d6,4c36988c,09c8b536,20260821,20260905,0
17V311,7d4a41d3,9eb5ffd2,01de7f93,20260821,20260905,0
17E026,275b1c02,49edf26e,189729cd,20260821,20260905,0
17V322,8b17cad4,35979b54,38f43056,20260821,20260905,0
17V327,d1815b47,ace4aae5,064bff1f,20260821,20260905,0
17V331,ac4276e7,7ab45842,93c4519a,20260821,20260905,0
17T010,8629e2cb,475512c9,b8c51ad2,20260821,20260905,0
17V336,7f02a460,c672f8f2,13ea98d5,20260821,20260905,0
17V337,072d5fb7,e17b9e9c,44215bbe,20260821,20260905,0
17V339,9c2c63be,c672f8f2,b445589b,20260821,20260905,0
17V342,704d4cd7,dbf5a43e,1a8d37d8,20260821,20260905,0
17V348,f3145cae,7e0f10db,1be1b8fb,20260821,20260905,0
17V363,6e6bd54c,51db9130,5667ca2b,20260821,20260905,0
17V369,3404d9a0,a5abc6a4,2a80212d,20260821,20260905,0
17V371,2b602778,ec9e65e9,f8d129bb,20260821,20260905,0
17V375,05429867,485cfc77,2aca3453,20260821,20260905,0
17V382,ce8600d0,0864d85a,e94bb64d,20260821,20260905,0
17E030,78c8e8e2,ba218444,375770cd,20260821,20260905,0
17E031,f8f6f479,e47300ca,22930d3f,20260821,20260905,0
17V401,2379b93e,c4873537,319fe149,20260821,20260905,0
17V407,a2b47aad,301e47e6,ad98bb84,20260821,20260905,0
17V410,a4b41f1c,9bde74fd,b99eaa5a,20260821,20260905,0
17V411,63b348d8,90072bb3,30c38eb9,20260821,20260905,0
17V414,1dde50ae,6b39c67d,aef2ffde,20260821,20260905,0
17V419,9cbd7bde,a6268da4,1650ed70,20260821,20260905,0
17V421,4133b1d9,0e9c08e6,d96b6e4a,20260821,20260905,0
17V424,17a14db4,730c80e0,6678e6db,20260821,20260905,0
17V425,cff6db06,92f7f592,55e1c30b,20260821,20260905,0
17E032,2b02b6be,165fbbb8,c5ee5b79,20260821,20260905,0
17V437,df6634a8,cfb80b5d,7783db82,20260821,20260905,0
17V433,f52f280e,b22c50ec,822a926d,20260821,20260905,0
17V435,eb134ef9,d6c00d9a,db766ca5,20260821,20260905,0
17E035,8b27af98,25431732,0f8121b6,20260821,20260905,0
17V440,1f47bd0c,8367247a,d096728e,20260821,20260905,0
17V441,a4a9d194,b9a2531f,ac44b9b2,20260821,20260905,0
17V449,ea434bb2,8f7f7224,46e42680,20260821,20260905,0
17E037,688c37b5,d2a6a464,4b2eeb33,20260821,20260905,0
17E038,12e60289,98da4228,3874cbf8,20260821,20260905,0
17V463,086152da,523d93fa,0e9695c7,20260821,20260905,0
17V470,0077699f,52586609,238cb9dc,20260821,20260905,0
17V473,9ea5a6d6,885e5097,eb3f6863,20260821,20260905,0
17E040,b174a2b7,cc19c0d5,941afdfe,20260821,20260905,0
17V481,a87f9249,235f2169,462469d0,20260821,20260905,0
17E041,d3adb01f,d498e66f,59738e43,20260821,20260905,0
17V482,060b7d2a,7d50ab8c,481a3ee8,20260821,20260905,0
17V483,5c14014c,131e329f,0761293f,20260821,20260905,0
17V485,f3238296,8bae1037,4058ee64,20260821,20260905,0
17E043,5d14eaf5,052c126b,b233817d,20260821,20260905,0
17V489,0d859cd5,c35dfa56,dbdc76dd,20260821,20260905,0
17V506,fa51940a,8acccd6d,95571366,20260821,20260905,0
17E044,362ccec2,6f386439,e64ddb76,20260821,20260905,0
17V493,af7c99f0,97e8c591,59e7daa6,20260821,20260905,0
17V505,3006e1d8,6f8ef261,42ff3493,20260821,20260905,0
17V511,4bbe5ffe,9af2c59b,17004236,20260821,20260905,0
17V515,d850844c,0624b394,6a601dcc,20260821,20260905,0
17V527,5a000ff6,d498e66f,3a81db71,20260821,20260905,0
17V529,4b3e063d,d5c46a8d,515105e6,20260821,20260905,0
17V531,4d6bc336,88b19ef8,64ae3155,20260821,20260905,0
17V535,ba43570d,497e4d35,de7af61e,20260821,20260905,0
17V536,59c72c45,497e4d35,f61ee015,20260821,20260905,0
17V542,a259dac7,5fefda53,c1fec214,20260821,20260905,0
17V545,d1d6d7f3,4b0aba7c,1e686063,20260821,20260905,0
17V557,9de124f0,83cd13e4,00f0d3ad,20260821,20260905,0
17V567,f943ca77,d6c044ce,b3fdc618,20260821,20260905,0
17V576,58dcb4bd,2c1e78b5,46a380eb,20260821,20260905,0
17V577,d6705352,afedc52d,962c730f,20260821,20260905,0
17V578,1931fe5c,026255b3,93418b52,20260821,20260905,0
17V579,505ba376,86459515,25b47080,20260821,20260905,0
17V582,ce25d87a,25431732,02c276b7,20260821,20260905,0
17V588,75ae1df3,06d5c093,8c644222,20260821,20260905,0
17V584,1e041b26,6c99f562,d65fc00e,20260821,20260905,0
17V586,912c1f72,19b597ab,ba2d9e7b,20260821,20260905,0
17V598,60358405,629c0356,7011e0fb,20260821,20260905,0
17V599,df81a008,e7a6eb09,11742389,20260821,20260905,0
17V603,6f23c2d9,f62d7929,c8a25b01,20260821,20260905,0
17E053,5bab9ae1,0197ff6f,0d29af27,20260821,20260905,0
17V611,bcc8ba89,c2f4f899,a3bb69fe,20260821,20260905,0
17V613,7aee9ad3,4db4a42c,83c86d14,20260821,20260905,0
17V017,45aea84d,d5c46a8d,d7da1d49,20260821,20260905,0
17V617,ce08135b,994cfea2,c0bb7d91,20260821,20260905,0
17V627,fb686ca9,0a063f63,0743fee1,20260821,20260905,0
17V622,0c8c9895,fedea0fa,077a0700,20260821,20260905,0
17V626,368be79d,756643aa,24527fc2,20260821,20260905,0
17V629,d92a33f3,cbb1fbdc,ecaa9886,20260821,20260905,0
17V630,ede6c543,d88dec4b,2b9fb3d8,20260821,20260905,0
17V632,70223a51,d88dec4b,bfc789bf,20260821,20260905,0
17V003,2873fb4e,24ca2e44,2d96df8f,20260821,20260905,0
17E058,b13b28c0,7f0ab773,3312e404,20260821,20260905,0
17T018,5fc95fc2,dfbd3482,09c35494,20260821,20260905,0
17V639,6e9e4cc1,73d86511,ffec299f,20260821,20260905,0
17V652,c85a566e,647a1023,79f8237b,20260821,20260905,0
17V654,ccf32f49,7e972b2d,a83d85c0,20260821,20260905,0
17V655,17bab76f,0c85a8b1,4a1a3a0e,20260821,20260905,0
17V657,e599a68b,8687cedc,96717569,20260821,20260905,0
17V661,f2d8b0aa,6cae3634,d0c63472,20260821,20260905,0
17E063,d5c76765,67ddf602,27b85b04,20260821,20260905,0
17V668,0c4b82a1,560b428b,59ea2a52,20260821,20260905,0
17V688,4791b680,0853ff62,4eb436b3,20260821,20260905,0
17V671,83a0e9cb,8bfae67f,e4ab2bb8,20260821,20260905,0
17V672,aad02e7a,e49b228c,ce07a026,20260821,20260905,0
17V673,a8bdf929,f34b5dac,ea5e0d77,20260821,20260905,0
17V746,cd959827,a7a67d49,f2f49eb0,20260821,20260905,0
17V675,1252e8fe,b9d7c3a0,2d3e4eb7,20260821,20260905,0
17V680,835dab5b,11a0b112,0fa50c44,20260821,20260905,0
17V689,e524e4c0,4801d9e6,a503a011,20260821,20260905,0
17V697,1777b2c5,050ec1f8,5f3a2f0e,20260821,20260905,0
17V704,1eff42d9,f94211af,c1a24da2,20260821,20260905,0
17V709,7ab13198,8ce2021e,15a8cc22,20260821,20260905,0
17V712,8b59a427,8dddf0ed,54dd6a5b,20260821,20260905,0
17V716,2cabf955,c934dc85,2931f878,20260821,20260905,0
17V720,d2114db8,7c2e9a97,c5060656,20260821,20260905,0
17V728,d2d3a6f3,8c741efc,b795ea3c,20260821,20260905,0
17E067,2f111e70,86a567e2,b8fb8b0d,20260821,20260905,0
17V736,59673f46,09610b4a,f0f44c1b,20260821,20260905,0
17E068,3ccf1548,a7a67d49,aa0e7550,20260821,20260905,0
17V739,a9cd6961,71727fb9,31cf1d46,20260821,20260905,0
17V765,2e2f5f75,71727fb9,129ee928,20260821,20260905,0
17V777,5e47a3a2,89a77c67,7c104bf7,20260821,20260905,0
17V098,0c762a6f,56877e32,8fcf2360,20260821,20260905,0
17V779,95a40558,7c256c46,26c24a59,20260821,20260905,0
17V780,a98705af,9aa18ebf,8b232833,20260821,20260905,0
17V784,02818924,630938f1,ca8c529c,20260821,20260905,0
17V786,72958447,a7a67d49,62efa7e2,20260821,20260905,0
17V787,fca4b3b5,dea246b8,a8556824,20260821,20260905,0
17E074,39cec0ef,7323cda9,8c6cad7f,20260821,20260905,0
17V799,bc9d73ec,35f35ddb,4e54e7b2,20260821,20260905,0
17V800,c88032fb,0e467f0f,4b7672b0,20260821,20260905,0
17V806,0a8d8ee0,0fe86c76,aedf6daf,20260821,20260905,0
17V812,56e3f161,b86d96dc,cb130adc,20260821,20260905,0
17V817,39ebe217,21792637,9cd57808,20260821,20260905,0
17V818,9279f641,4d56e3f6,57fe8b55,20260821,20260905,0
17E076,8839d87e,502b183d,d2c05a33,20260821,20260905,0
17V830,bb5a6e0b,6ed4e6bf,aacaf0ea,20260821,20260905,0
17V831,9c0fb01f,014ae910,c45ae872,20260821,20260905,0
17V838,f6a454b9,93d0afad,673a9c53,20260821,20260905,0
17V834,89d1d165,20cbaba2,b57fddf7,20260821,20260905,0
17V840,28d86e8b,5efd54d0,c5df2d14,20260821,20260905,0
17V841,dc85832f,a7a67d49,cfacb565,20260821,20260905,0
17V001,0b6c4c60,8f7f7224,b7f7c20b,20260821,20260905,0
17V079,d87f57a1,4ef021e5,125d6473,20260821,20260905,0
17V002,d2c756df,1aae841b,8ed663c1,20260821,20260905,0
17V004,4dd72c01,d5c46a8d,b631143b,20260821,20260905,0
17V005,4ef4c795,d5c46a8d,67385340,20260821,20260905,0
17V007,ab5d9622,9fde6bca,3b07da24,20260821,20260905,0
17V008,ebc2f7e5,aedf358e,ff1b696d,20260821,20260905,0
17V009,d26538f4,aa242a37,af475f66,20260821,20260905,0
17V016,2a39b426,d5c46a8d,e5bacec7,20260821,20260905,0
17V024,96bd344f,d5c46a8d,f2172cb5,20260821,20260905,0
17V023,e961f7c8,d5c46a8d,1e19e027,20260821,20260905,0
17V026,e5c7cd5f,d5c46a8d,4d145bc3,20260821,20260905,0
17V028,dc74b844,d5c46a8d,eecc4539,20260821,20260905,0
17V031,2b71bf94,ca430c74,38bd0903,20260821,20260905,0
17V035,f66b100e,c2e2f562,bc1c7f29,20260821,20260905,0
17V044,33ad7795,e7bb88c0,7b3e6034,20260821,20260905,0
17V046,977673e9,0624b394,d0ca95ba,20260821,20260905,0
17V048,19c7b211,f4ccd575,4a2f9894,20260821,20260905,0
17V055,87cc45f1,b2a869e3,0919f3f1,20260821,20260905,0
17V068,1722130b,d5c46a8d,cdcda933,20260821,20260905,0
17V072,b4797bde,703dc06b,46f83808,20260821,20260905,0
17V091,05ce926f,e2256baa,57fd8f89,20260821,20260905,0
17V095,dbd17727,3acae88d,20b5933f,20260821,20260905,0
17V097,92285b05,b3f8cbae,34c69f97,20260821,20260905,0
17V100,7ff18086,3134ffcf,be8d78f1,20260821,20260905,0
17V106,d7f396b9,deae9cbb,ba1e0f70,20260821,20260905,0
17V108,f186c7d7,f741da0f,1f8183e9,20260821,20260905,0
17V109,4d6134c7,22e8b267,e4de96b7,20260821,20260905,0
17V111,e5b6b3ab,81de4c61,4cd50198,20260821,20260905,0
17V112,fc7820d6,15f9fb14,2db24053,20260821,20260905,0
17V115,431bca42,3897223f,5c9b47d0,20260821,20260905,0
17V126,57ebb1b5,a6b11163,263d9286,20260821,20260905,0
17E013,84196ac8,6b606df0,6adc18e8,20260821,20260905,0
17V133,60071a4b,3b16b80f,285dfe9f,20260821,20260905,0
17V160,587fb726,6b606df0,d6da0182,20260821,20260905,0
17V139,e862695f,916ddb7e,2d2aaffe,20260821,20260905,0
17V153,0b887ffc,0c802d08,9a4bacff,20260821,20260905,0
17V161,d2a831cb,0eac682e,d9c8f935,20260821,20260905,0
17V162,85071573,520541ca,67b87a98,20260821,20260905,0
17V163,004b9c08,240f76f2,93104a11,20260821,20260905,0
17V164,3a6a4643,c5541823,1ae93dc0,20260821,20260905,0
17V168,286358db,fbd3ecc7,acb254a3,20260821,20260905,0
17E017,094135b3,62299e41,bf82da7a,20260821,20260905,0
17E018,9a6c5f1b,62299e41,7fed466e,20260821,20260905,0
17V170,63523ae4,62299e41,58f55ee4,20260821,20260905,0
17V176,3c71572e,2f950f4b,fd017fd1,20260821,20260905,0
17V183,9165f5a3,1b94881f,dc7a9ad6,20260821,20260905,0
17V188,3d42f3c7,c7f529d5,578508db,20260821,20260905,0
17V190,80839772,79944ca1,3eac628e,20260821,20260905,0
17V191,549184d2,c79ae38d,98d6b239,20260821,20260905,0
17V207,5f97c3e0,564c332a,a2f6a091,20260821,20260905,0
17V192,65f813cd,9d3e7053,6ae56554,20260821,20260905,0
17V197,6a075a1c,5dbe118d,1390fbf6,20260821,20260905,0
17V203,6faee5c0,62299e41,0a6a4785,20260821,20260905,0
17V206,25b61117,8347350f,0ab663c3,20260821,20260905,0
17V209,10c656ec,26187548,5bb68860,20260821,20260905,0
17V211,7d6d57f4,ad85a275,5221262a,20260821,20260905,0
17V217,8271e6e4,9c50ed00,22d7f3d6,20260821,20260905,0
17V218,3102ac24,34c96f63,b7db9ee0,20260821,20260905,0
17V222,855c4dfa,02ded999,3236a59e,20260821,20260905,0
17V225,8fb251a8,546c5fc8,bda88dbc,20260821,20260905,0
17V230,cf25ea24,a82e0daf,b71c56f5,20260821,20260905,0
17V232,3902a70b,6b606df0,64ad4473,20260821,20260905,0
17V235,d1d58a77,d553dbe5,86cf7efe,20260821,20260905,0
17V236,88a96d06,bf3d865e,c0f17243,20260821,20260905,0
17V238,d58a508b,fee90c70,b5863925,20260821,20260905,0
17V247,90dca075,7456b9d5,a39f1dcc,20260821,20260905,0
17V251,a393050b,a8ab109c,84c4f7c1,20260821,20260905,0
17E021,8150b17b,15f9fb14,3152b3e0,20260821,20260905,0
17V253,cb9de255,22883947,52178439,20260821,20260905,0
17V255,07c2ba15,7c73e7e3,56d4267a,20260821,20260905,0
17V256,e466516c,4b97df80,0736141e,20260821,20260905,0
17V258,f7ae0f16,cc1d46b3,dfc5736a,20260821,20260905,0
17V260,5cd65dbd,f45fe999,8a3d4d4f,20260821,20260905,0
17V267,aa874618,1a30e8ee,2517a9e8,20260821,20260905,0
17V269,525395c2,62299e41,fa83bc75,20260821,20260905,0
17V276,31cff0a3,54a910b8,ebba0625,20260821,20260905,0
17V279,aa522599,2a5843cd,8fd77d7c,20260821,20260905,0
17V281,a472db1c,45e41140,d4b761f2,20260821,20260905,0
17V282,2615ad7c,74ce2634,f14ac648,20260821,20260905,0
17V286,8f7bd0fa,f7eb9416,76461d33,20260821,20260905,0
17V287,6c11422a,96ea6829,dda8f32e,20260821,20260905,0
17V296,07cc2392,00e16ac6,78ff3963,20260821,20260905,0
17V301,5bcb8e11,362dfbb4,052dbc97,20260821,20260905,0
17V302,fdaa3ca9,d4b59422,71049201,20260821,20260905,0
17V367,69e3d0e7,2de08b28,d7a3597b,20260821,20260905,0
17V304,9fabc5a4,1e7895a6,e709eeb3,20260821,20260905,0
17V306,9c5f3c28,9bf2720c,bb08e4bc,20260821,20260905,0
17V727,b0116f07,5e1ae51c,7fc88993,20260821,20260905,0
17E024,a17fc03e,e47cbe13,ce8ca767,20260821,20260905,0
17C001,4e9eca61,ad2208e7,1053ecf2,20260821,20260905,0
17V314,e526839f,318d92a3,70ad9cf8,20260821,20260905,0
17V315,846f51f0,ada31946,08751353,20260821,20260905,0
17V316,030e5b54,66ea0839,55419bed,20260821,20260905,0
17V319,e61319c4,0121a98b,af0aee97,20260821,20260905,0
17V320,e8546aaa,bcdbc1bd,8a0837d8,20260821,20260905,0
17V326,830d8ddc,48c49b44,c3e957cc,20260821,20260905,0
17V321,b27703c8,8360b315,ff48f365,20260821,20260905,0
17V323,3a126f25,00931cb6,50129e7d,20260821,20260905,0
17V325,c0ecfa67,f300e04f,d34b5d6c,20260821,20260905,0
17V332,b9dcf8fb,3af9bcbc,42787af8,20260821,20260905,0
17V333,8db62631,7a05fa8c,fd35703e,20260821,20260905,0
17V340,86e77c80,e17270cb,76e3491a,20260821,20260905,0
17V347,6ab69c4f,dc9e35d2,a131b4cf,20260821,20260905,0
17V352,15480e76,4001cf6c,cbe9c4b2,20260821,20260905,0
17V355,9d433c7f,8373bd84,1da74e38,20260821,20260905,0
17V364,af473ce3,90d7e5b3,5487a2f5,20260821,20260905,0
17V366,4be68ffc,4053699a,fa00f15f,20260821,20260905,0
17V376,920dce70,28f95e91,57a4764b,20260821,20260905,0
17V377,4f1d521a,23b3c7bc,927a3dc6,20260821,20260905,0
17V380,7c65bffb,2d8fc7dc,772b9998,20260821,20260905,0
17V383,6362a851,df3963e4,f3f844e8,20260821,20260905,0
17V385,f0908521,5972cc90,3227e2cf,20260821,20260905,0
17V386,9b997b1e,00e16ac6,4f8a88cd,20260821,20260905,0
17V387,b011505e,59578d69,e35637a8,20260821,20260905,0
17V398,7540ed00,feeeab5c,8f372b0d,20260821,20260905,0
17V402,22a98820,355da0cb,8dee4222,20260821,20260905,0
17V403,655d3f0c,b9a2531f,fb4152b4,20260821,20260905,0
17V404,1ceeb7a9,c95b2b86,7aeccb80,20260821,20260905,0
17V503,28d04187,303d95f8,5043a78f,20260821,20260905,0
17V408,1d90aec6,aab773de,7471fb12,20260821,20260905,0
17V409,eb4c9caa,b9a2531f,ee1b0469,20260821,20260905,0
17V412,899a7a88,6d6dfa1f,e3e06f74,20260821,20260905,0
17V413,40883e88,6ac38d40,a4df8a96,20260821,20260905,0
17V416,ce108cae,57dc0303,b2f3d566,20260821,20260905,0
17V420,2f4c2caf,fb9ae14b,d89291d5,20260821,20260905,0
17T013,815395de,71ceef17,7bb06aa0,20260821,20260905,0
17E034,ca38e2f6,8f7f7224,4a9952c0,20260821,20260905,0
17V431,1abf808e,0d86e0a9,158f9a44,20260821,20260905,0
17V432,9d35c95f,28f95e91,484e742a,20260821,20260905,0
17V434,9cc03233,efe52ba4,62f15ba9,20260821,20260905,0
17V438,ab7f43e8,ddc6f7bc,a15da9cf,20260821,20260905,0
17V442,b751a3cf,48d418c2,487c930f,20260821,20260905,0
17V445,4b240e14,ce048416,6a7c5ad2,20260821,20260905,0
17V450,5684155c,a5137541,cf79576b,20260821,20260905,0
17V446,f4515ced,aab773de,6ad364d9,20260821,20260905,0
17V451,fcb1675f,e9cc9802,ea558cd3,20260821,20260905,0
17V460,64cec5e2,2496f797,a430a70f,20260821,20260905,0
17V464,7c549113,11a0b112,ef7e5427,20260821,20260905,0
17V465,b2a060b8,d484a330,a7b718ae,20260821,20260905,0
17V472,6bdc840c,aba5918e,276425fe,20260821,20260905,0
17V474,b472ad8b,3e1ca9ec,ee5ed5ff,20260821,20260905,0
17V476,68c6ca44,b9a2531f,f4bb803a,20260821,20260905,0
17V479,a02a5b1f,d5c46a8d,40e6b4fd,20260821,20260905,0
17V480,6281f1e5,d5c46a8d,43f4ac90,20260821,20260905,0
17V487,d2619d23,fcdb8428,cb8f18c8,20260821,20260905,0
17V490,5c524473,aaf74019,4d3b4f58,20260821,20260905,0
17V499,cee07591,31779d94,11b04527,20260821,20260905,0
17V500,a1f14121,e9cc9802,f5c0a453,20260821,20260905,0
17V502,8272862f,b3c51d0f,0a48c949,20260821,20260905,0
17V514,e2acb83f,c0f9d2ee,ee6539d9,20260821,20260905,0
17V517,2ba29dea,6e100e50,6e7ce136,20260821,20260905,0
17V562,bbf047e6,ecbb5304,ce7b658b,20260821,20260905,0
17V518,d48f4b51,e93152af,5c7c4724,20260821,20260905,0
17V520,b58c4bcf,9586a62a,09260b21,20260821,20260905,0
17V523,53b74e55,9664c573,f659c823,20260821,20260905,0
17V524,7fa0d740,f08081e9,e626d401,20260821,20260905,0
17E048,7960d821,13c5fa46,23437b27,20260821,20260905,0
17V528,c751b644,50539ad7,7de12f80,20260821,20260905,0
17V534,c9b5c8fa,d498e66f,15310d42,20260821,20260905,0
17V537,5e1718a9,80493f86,16e3be99,20260821,20260905,0
17V538,4b7b1ab5,f5969e82,f0dd5427,20260821,20260905,0
17V549,6720e6ca,d911f671,5d61d5f7,20260821,20260905,0
17E050,169636ae,738ecf26,eed33bb8,20260821,20260905,0
17V566,170cb573,db78ed24,67aa80d9,20260821,20260905,0
17V568,399f64e9,6d6ad41c,3c8ba7bd,20260821,20260905,0
17V573,6cfd84e3,c26cc8b4,7ce3a8e9,20260821,20260905,0
17V574,c45b98f6,55dd8d6f,a796735e,20260821,20260905,0
17V580,61f2034e,497e4d35,28ea05c6,20260821,20260905,0
17V581,4787cf6d,a5137541,3bf644d2,20260821,20260905,0
17V585,83acdb39,027837c8,222720d5,20260821,20260905,0
17V587,a6a76dc1,db31f9e5,3a3143b8,20260821,20260905,0
17V591,22268455,6cd7c1e0,8df35e16,20260821,20260905,0
17V593,8cb03e3e,d498e66f,f16390aa,20260821,20260905,0
17V155,36601e16,3b992ae6,0c6b5941,20260821,20260905,0
17V157,475fba70,82bddfc8,c6593283,20260821,20260905,0
17V166,3aca3eb0,8be3a32a,ab110419,20260821,20260905,0
17V594,df7c0925,818b587a,69b8a68e,20260821,20260905,0
17V605,4f62e680,5225b492,cf6a9d07,20260821,20260905,0
17V606,f3abd1b8,e4a244e7,1175cb87,20260821,20260905,0
17V608,86e75e12,00188977,d794c9c2,20260821,20260905,0
17V610,0879d5e6,72ebdf29,f454c838,20260821,20260905,0
17V614,4b8f875b,e4a244e7,89fad580,20260821,20260905,0
17E056,b5186be8,71727fb9,0144a845,20260821,20260905,0
17V683,4c97299a,32300a90,6f4bc670,20260821,20260905,0
17V261,fea99604,0b5b0f25,5f125e7c,20260821,20260905,0
17V685,bd091c5a,331ae1d6,2f8fc144,20260821,20260905,0
17V640,4b423726,1c4939e7,58df0310,20260821,20260905,0
17V686,d41fb976,73fc8c40,31e021e6,20260821,20260905,0
17V693,839f991a,8f8e03c1,1ec6b91b,20260821,20260905,0
17V694,e6dd17f7,fc8c5440,b8a47fd5,20260821,20260905,0
17V696,53412dad,080359f8,8fc14558,20260821,20260905,0
17V703,f8a7d7e0,f624bf68,db2b7351,20260821,20260905,0
17V706,606740d5,5dd82c9c,d23f2572,20260821,20260905,0
17V711,bb21f8a7,25f5227f,e1c6d431,20260821,20260905,0
17V715,08cc1d7e,1aad3b05,abba036e,20260821,20260905,0
17V717,bad18370,5ede1ffb,87d6febb,20260821,20260905,0
17V718,31f55f9a,99114aad,6be642ba,20260821,20260905,0
17V721,e73f89ef,71727fb9,d652599a,20260821,20260905,0
17V735,446b6ea5,e4a244e7,ebe4bc4c,20260821,20260905,0
17V738,784d263f,926a7884,f7a1cfad,20260821,20260905,0
17V740,bc283b3f,fd151eaa,8fd31904,20260821,20260905,0
17V741,6bda5e86,a6fc8980,72c1cab6,20260821,20260905,0
17V743,e7bb6129,3b992ae6,9adb169d,20260821,20260905,0
17E070,cbe8b7c5,a7a67d49,00a33d41,20260821,20260905,0
17V748,c373487b,a7a67d49,e3ea091d,20260821,20260905,0
17V804,222497a0,bf3068eb,21991280,20260821,20260905,0
17V751,40ecc41a,a7a67d49,07809629,20260821,20260905,0
17V752,af8aa7cf,a7a67d49,c99ea043,20260821,20260905,0
17E071,0c0ca78b,25431732,23179c4c,20260821,20260905,0
17V778,dfa0a2e8,18fbf1e8,84244580,20260821,20260905,0
17V767,f0fb313d,bf934309,3991ee24,20260821,20260905,0
17E072,bc232f32,39458843,534ea004,20260821,20260905,0
17V790,7e7c7de4,56064cbd,f9375d3c,20260821,20260905,0
17V793,fa58ea86,d5c46a8d,7918f058,20260821,20260905,0
17V796,9002a3f2,85eac625,d1d55a93,20260821,20260905,0
17V641,e9dd6bd5,d498e66f,bf836eb4,20260821,20260905,0
17V642,41918055,d498e66f,f5d6965e,20260821,20260905,0
17V650,a51946ff,5f99de40,582bb1aa,20260821,20260905,0
17E060,6633692b,287cc6ec,bd52bcd3,20260821,20260905,0
17V659,d282c1ca,33bced04,cc504ec1,20260821,20260905,0
17V660,c930ef06,6cae3634,ad92b417,20260821,20260905,0
17V665,5d989740,9d82920c,07cc85be,20260821,20260905,0
17E062,f0b9de30,502b183d,f9169820,20260821,20260905,0
17V670,d6b9d805,0735582b,5459e101,20260821,20260905,0
17E064,95f93f97,4a68e97e,1448d43f,20260821,20260905,0
17V677,77a922b2,cfc14903,7de33a29,20260821,20260905,0
17V310,68480c5f,6ea0fb50,ee71b73b,20260821,20260905,0
17V810,e014b94e,a7a67d49,41b992f8,20260821,20260905,0
17V033,6486a13a,9bb289ee,ae1dfe35,20260821,20260905,0
17V755,7f7a0a3b,a7a67d49,f522e6d3,20260821,20260905,0
17V020,8a858a77,d5c46a8d,cf9a4b8d,20260821,20260905,0
17V022,7de09ef0,d5c46a8d,7930672e,20260821,20260905,0
17V040,532ebbf5,ef1030f0,8e68fc21,20260821,20260905,0
17V041,b2ef4066,8d3628e5,86374962,20260821,20260905,0
17V049,19912cf6,d7ad4e1d,ea81113a,20260821,20260905,0
17E005,9fc103a3,5f7b4143,b63aae14,20260821,20260905,0
17V053,4f6b231e,6966f281,e5648518,20260821,20260905,0
17T019,d0ef2146,907eb694,ac877ddb,20260821,20260905,0
17E006,a76e8b6d,703dc06b,c4cd5423,20260821,20260905,0
17V056,ffe08c6b,600d69a4,37a2db38,20260821,20260905,0
17V057,e53d47a4,adab7f57,636caa96,20260821,20260905,0
17V063,ed9c4395,1d5c5b6b,fd1264a3,20260821,20260905,0
17V080,1b32a17a,6fb89573,d658d9f1,20260821,20260905,0
17V081,811679c2,04ea3472,3b00ade6,20260821,20260905,0
17V084,3f5d14fa,703dc06b,856661b3,20260821,20260905,0
17V087,9f966371,d480b7b9,43b554ea,20260821,20260905,0
17V088,8a1eeabf,c814d780,bb851246,20260821,20260905,0
17T003,d24b3789,05c643fd,2d684328,20260821,20260905,0
17V093,f0d0c38b,c6c8a0d9,23528d93,20260821,20260905,0
17V105,65dfde98,4a7cd6f4,355527f0,20260821,20260905,0
17V110,f2bf99c2,2f657a0b,e3b1cddb,20260821,20260905,0
17E012,4cb6c688,df3dbe84,1a536df2,20260821,20260905,0
17V116,8e2c0d69,54e066c3,d9f14309,20260821,20260905,0
17V118,6325846a,c66e2e5c,53d9c61e,20260821,20260905,0
17V119,37af0402,c8927bec,3f57a9cd,20260821,20260905,0
17V121,f24fbcff,df34e1d9,1a95128c,20260821,20260905,0
17V123,d2303618,bc294b47,ab2f13db,20260821,20260905,0
17V127,6dcdf865,0df64570,e5507aea,20260821,20260905,0
17V130,b86a2706,3db8ed2f,acac5477,20260821,20260905,0
17V135,4d79fb16,4937eaba,af1230c4,20260821,20260905,0
17V137,5d67fa33,40b342d6,f42054b1,20260821,20260905,0
17V756,8ccf119b,a7a67d49,dbcde8c5,20260821,20260905,0
17V757,bd2fecfe,8dd60a39,89efde5d,20260821,20260905,0
17V014,2ad3233a,d5c46a8d,edbf673f,20260821,20260905,0
17V768,2e1a65ea,19a1fd63,98507cc4,20260821,20260905,0
17V772,852bbe9b,b5f4f66f,ac817acc,20260821,20260905,0
17V774,b30ba7c1,b9a2531f,360373a5,20260821,20260905,0
17V032,137eab63,d5c46a8d,06049b3d,20260821,20260905,0
17V034,5405ffc8,0653a4a5,d278354b,20260821,20260905,0
17V809,85773e3d,a7a67d49,a1ba3775,20260821,20260905,0
17V816,ae5ccd60,b60a2b2f,e612499b,20260821,20260905,0
17V820,422f51af,d68193fb,c7289b30,20260821,20260905,0
17V835,426520e9,68cc0582,4accf00d,20260821,20260905,0
17V006,99675726,d5c46a8d,78d1f1f6,20260821,20260905,0
17V013,089ad3ef,d5c46a8d,11cb220a,20260821,20260905,0
17V027,a2e89ad5,d5c46a8d,b1419de2,20260821,20260905,0
17V478,356b155a,d5c46a8d,f09fa9f2,20260821,20260905,0
17V036,f56b9998,53a9c060,ccce8282,20260821,20260905,0
17V037,e2909a10,53e02eb9,b42cf7f8,20260821,20260905,0
17T002,19d4ba4c,abc6813f,5178918b,20260821,20260905,0
17E004,043de01e,ef600959,870694b2,20260821,20260905,0
17V050,64b31f5b,7958afd7,7fcb94f9,20260821,20260905,0
17V051,baee0f47,84279067,f98ce9c2,20260821,20260905,0
17E008,23a24b12,7c603d1e,0363fa9d,20260821,20260905,0
17V059,44d86c29,2dba520b,f54c2bc0,20260821,20260905,0
17V811,c1b7a02c,b86d96dc,eb758b22,20260821,20260905,0
17V821,9f930c03,e5f54a08,feed1dc1,20260821,20260905,0
17E077,29124e60,c71eac6f,9602589c,20260821,20260905,0
17V015,21226d06,d5c46a8d,52798c3f,20260821,20260905,0
17V029,300b1ddc,d5c46a8d,48c7697f,20260821,20260905,0
17V061,2ab65f12,3b16b80f,13aea582,20260821,20260905,0
17V073,0aa9130b,1aa914e6,64fe66aa,20260821,20260905,0
17V075,4dff047d,8772fedf,573e58e7,20260821,20260905,0
17V078,6d8759d6,916d5eac,21b89a07,20260821,20260905,0
17V090,66377e01,9d82920c,35921955,20260821,20260905,0
17V099,0a7eeec9,37fcc6a6,e189b969,20260821,20260905,0
17V101,2b7bc5de,3134ffcf,81da90bb,20260821,20260905,0
17V102,747dc897,e3b93c6a,7d70c66d,20260821,20260905,0
17V103,534cb846,703dc06b,c4c74dd5,20260821,20260905,0
17V156,496d9a6f,00e16ac6,ff8ef494,20260821,20260905,0
17E009,f1538b7e,d9732704,d5719cb2,20260821,20260905,0
17V107,accd56d4,ce091a42,a74d31ba,20260821,20260905,0
17V114,7ac53ba4,7f80ba51,a850e58f,20260821,20260905,0
17V231,98a0517c,6b606df0,82a826d7,20260821,20260905,0
17V129,c78a5bd0,04a6e94a,1021bf39,20260821,20260905,0
17V132,296a1f29,13ae6481,63c59d75,20260821,20260905,0
17V138,e2f88329,8f8d4a4f,63f91bd3,20260821,20260905,0
17V141,13b606a5,6f0ca675,89557957,20260821,20260905,0
17V146,e8049999,53567a00,e59f5d0c,20260821,20260905,0
17V147,daec585e,0aec3ab4,7fa96a00,20260821,20260905,0
17V148,41732d9e,29811086,c53cb89b,20260821,20260905,0
17E014,6a932dbb,4a68e97e,029c9222,20260821,20260905,0
17V174,c04e7805,77357398,cd3cd487,20260821,20260905,0
17V150,4dd1f61a,31a26f70,92743502,20260821,20260905,0
17V152,90aa0ae0,b1393e21,ba8e9ddc,20260821,20260905,0
17V154,796b3fd0,ef553e02,ad7cbddf,20260821,20260905,0
17V158,0cad6c49,9940062a,2028b049,20260821,20260905,0
17E016,27593524,301b8850,fca50f3d,20260821,20260905,0
17V167,6036a77d,314f799d,d25f8db2,20260821,20260905,0
17V171,04afdeda,401e0872,0355ca60,20260821,20260905,0
17V172,af0cb818,767b751d,374c32a5,20260821,20260905,0
17V175,69ea98ee,6d8e2c5b,40ba9a74,20260821,20260905,0
17V184,a1138d8d,5e84e683,17019f69,20260821,20260905,0
17E019,35928f09,a6457d8e,5031f82c,20260821,20260905,0
17V195,2e853ce0,6b606df0,695ed1a5,20260821,20260905,0
17V196,0d8335c0,6f3ecd4a,02b9400a,20260821,20260905,0
17V200,38850da5,309c4e49,3ea42a48,20260821,20260905,0
17V202,498259e1,99860a2e,28a0e5c9,20260821,20260905,0
17V205,597592d3,52131398,5f3597ae,20260821,20260905,0
17V208,bdbba74b,6398bd50,ab161802,20260821,20260905,0
17V210,8a8f0657,6c5e4622,287a001d,20260821,20260905,0
17V212,27f8808c,cd5ced53,2ce8ce69,20260821,20260905,0
17V216,dcbeb667,b9a2531f,994bf064,20260821,20260905,0
17V226,eecd8610,f7145715,a19d6a36,20260821,20260905,0
17V234,42546323,62299e41,d22e9d5f,20260821,20260905,0
17V250,d914be46,fb52b43c,7973b7d5,20260821,20260905,0
17V252,37a3dc19,2eb1963d,fd0846c9,20260821,20260905,0
17E020,a6597705,c1612180,2c78a9a5,20260821,20260905,0
17V262,e28d5671,af4d9433,84e7723b,20260821,20260905,0
17V263,868799e6,e47cbe13,6f3b7ba1,20260821,20260905,0
17V264,8359fec1,625f900a,410f5f9d,20260821,20260905,0
17V265,b5ac3cc8,d0cd0be5,742adea9,20260821,20260905,0
17V271,43be751a,95236cca,426071ac,20260821,20260905,0
17V275,71c9fe99,fb385b3f,d66b9078,20260821,20260905,0
17V280,7847075a,76d91300,522fb08b,20260821,20260905,0
17V284,f088a64e,6183ffa8,e8385bdb,20260821,20260905,0
17V295,31bb3d40,b0f9c95b,51055d72,20260821,20260905,0
17V298,2f1e1a65,2c1e78b5,f7cfbb0e,20260821,20260905,0
17V299,c9eb7ae3,5912c505,62114ed6,20260821,20260905,0
17V305,f056cdd6,4389b97f,65009563,20260821,20260905,0
17E022,86fb80fa,ee673058,87f86e74,20260821,20260905,0
17E023,445664fa,469035cc,4d7906dd,20260821,20260905,0
17E025,fa2996dc,00e16ac6,305fa2b9,20260821,20260905,0
17V313,da5d8221,cf376ca7,e410e5fd,20260821,20260905,0
17V317,af625453,318d92a3,d7997e0a,20260821,20260905,0
17E027,2ad55448,ac5bab81,c224811a,20260821,20260905,0
17V324,a61af5ae,27a1bc34,ab75a0be,20260821,20260905,0
17V330,fe2476a0,32a635fb,fac839e1,20260821,20260905,0
17V338,1678cf70,39e249ee,15d35618,20260821,20260905,0
17V341,a30c71c4,0511dd44,c9a82a24,20260821,20260905,0
17V351,897681f0,38c6deb3,3cf313bc,20260821,20260905,0
17V354,e2a4d75b,c9e4b5e9,acc7f5d0,20260821,20260905,0
17V359,e2c66ba7,441eac80,9a244458,20260821,20260905,0
17V360,628c8953,2f28e82d,1d3f73d7,20260821,20260905,0
17V361,0119d778,4d126d72,62e7f4ed,20260821,20260905,0
17V368,98e77f86,b9a2531f,48fb9855,20260821,20260905,0
17V378,f2e39bc2,38c6deb3,deb7780a,20260821,20260905,0
17C002,b2696541,f308d4ed,41d1ce5f,20260821,20260905,0
17V384,ae178a6f,38c6deb3,148ec036,20260821,20260905,0
17V381,b9508c17,16e0ea48,094bf7ef,20260821,20260905,0
17E029,d1498a99,6ac38d40,fc67af4e,20260821,20260905,0
17V389,60798609,8ce54891,9f282c05,20260821,20260905,0
17V391,57848b51,32554279,836a328c,20260821,20260905,0
17V393,6bbd34e7,c50cbeb0,011b9abb,20260821,20260905,0
17V405,bc63bfb9,61d7e77d,a90f4447,20260821,20260905,0
17V394,4a37703a,844e94c8,7e149af4,20260821,20260905,0
17V396,472439e5,dc642322,14922a7a,20260821,20260905,0
17V397,ca0eb365,82cb2498,c617a054,20260821,20260905,0
17V406,58009ad5,b9a2531f,964e9a5e,20260821,20260905,0
17V417,5053a26c,509ce67e,6db77904,20260821,20260905,0
17V418,daff46da,a80023f6,a0132fb3,20260821,20260905,0
17V423,ed1fa6c8,c69201ed,e87aa824,20260821,20260905,0
17V428,08751e71,5225b492,ad13e5d1,20260821,20260905,0
17V429,c4e17467,d5c46a8d,209426ac,20260821,20260905,0
17V439,54282172,c9dab726,f7e90991,20260821,20260905,0
17V447,6c59b370,48805fde,f1236113,20260821,20260905,0
17V454,1a687f4c,0431729c,c3c741ce,20260821,20260905,0
17V456,52d16d22,708da200,3b6a0fac,20260821,20260905,0
17V462,2d4685dc,aa7a4ae1,bcb8df6a,20260821,20260905,0
17V467,c52937aa,6560ac60,c8fc2375,20260821,20260905,0
17V471,5563f27e,788f8e0b,3cb4a693,20260821,20260905,0
17V492,241ad737,81119107,5688c9aa,20260821,20260905,0
17E042,eb7b9c83,13c5fa46,d53f155f,20260821,20260905,0
17V496,fc392cef,18960c88,947e0391,20260821,20260905,0
17E045,5892af95,064e3ffc,3bb4f877,20260821,20260905,0
17V497,f86a5eb3,e9cc9802,18ce3038,20260821,20260905,0
17V501,bdf1d7bc,0bc58578,685a54e9,20260821,20260905,0
17V504,c10857c7,fcd6dc0f,08e8868d,20260821,20260905,0
17V509,b1205127,d73f8469,d984c1a9,20260821,20260905,0
17V038,665d0fda,fe0084f9,20d68464,20260821,20260905,0
17T014,4638e19f,8bd1d25e,6130dead,20260821,20260905,0
17V522,a58e39e8,49122359,f04d465f,20260821,20260905,0
17V525,e6aa1926,d498e66f,46b31a26,20260821,20260905,0
17V533,8b08835a,d498e66f,70b0877b,20260821,20260905,0
17V544,73aee9ce,f61e6f45,6aff299a,20260821,20260905,0
17V572,cfcd97b5,0b82b123,20bf705b,20260821,20260905,0
17V551,44311c65,93549a8b,64e23475,20260821,20260905,0
17V555,01367db4,57ebb036,24e6c69a,20260821,20260905,0
17V556,7d0daeef,ed25c9d2,4ddf3996,20260821,20260905,0
17V558,62435047,064e3ffc,dfd9eecc,20260821,20260905,0
17V254,d777eea1,6b606df0,e751c6f3,20260821,20260905,0
17V561,e599e0d9,5d2181ce,2e4ad39e,20260821,20260905,0
17V563,62548c2b,e14d5760,72f518ae,20260821,20260905,0
17V564,fd850538,e14d5760,ab2c953d,20260821,20260905,0
17V569,2519da9a,651a71e0,46d05fae,20260821,20260905,0
17C003,e2ab94a3,2998d3ce,b5bf1d00,20260821,20260905,0
17E051,68a6ecdd,eeea73c3,6e2821e6,20260821,20260905,0
17V571,8cdf2434,eed0164c,e65db73c,20260821,20260905,0
17V583,e876058e,2c1e78b5,933293be,20260821,20260905,0
17V589,4fc3761f,23b3fe3d,082f21f1,20260821,20260905,0
17V590,ec805f46,21015459,c8a85574,20260821,20260905,0
17V595,533a62ba,55dd8d6f,c0c218cc,20260821,20260905,0
17V597,ecd847a9,13c729a9,4ff54de8,20260821,20260905,0
17V600,29acf739,972c915f,fac11dc1,20260821,20260905,0
17E054,320d4ec0,b5549aca,9d743367,20260821,20260905,0
17V607,c152bada,7f0ab773,be92a7a6,20260821,20260905,0
17V612,aca19777,b82a3f5d,f5cc2713,20260821,20260905,0
17E057,5a245686,266c804a,445e86ff,20260821,20260905,0
17V616,4a7341c0,62ee4e16,009303d4,20260821,20260905,0
17V634,db4dfd01,8d389c34,913cb8c0,20260821,20260905,0
17T017,d1603484,36505075,3851f92a,20260821,20260905,0
17V646,28e74fe4,e4a244e7,f9acec22,20260821,20260905,0
17V647,9c71a47e,38b7dae1,2ddf329e,20260821,20260905,0
17V648,1320e95f,e4a244e7,fccc8e26,20260821,20260905,0
17V649,1e32a452,703dc06b,ffe9f125,20260821,20260905,0
17V653,7e10f229,3d19ef3e,ffa79cc5,20260821,20260905,0
17V658,9a59189d,7440b28e,5d115405,20260821,20260905,0
17V662,f9783fff,b7de7126,c565d532,20260821,20260905,0
17V666,b214d3d9,789098e9,276fa5fb,20260821,20260905,0
17V684,96cda544,40517e5c,c1d81c95,20260821,20260905,0
17V667,69f61fe5,acc8e9ea,8ae82997,20260821,20260905,0
17V669,b64a24f2,06e8289b,585da4e2,20260821,20260905,0
17V679,46b23f8c,2f147f2d,7b308ecb,20260821,20260905,0
17V682,63605f92,368bbf45,faaca31e,20260821,20260905,0
17V692,af4cf95a,b56f63fb,a04ccd2a,20260821,20260905,0
17V699,7928925a,dbc8b4ff,8a332b6b,20260821,20260905,0
17V700,8f8df577,93475acc,b80fc78a,20260821,20260905,0
17V701,d43e4145,86e0293f,25560dc8,20260821,20260905,0
17V702,e905c872,92b1c46e,ff11fbe5,20260821,20260905,0
17V705,b1210687,a4bcd87a,40569329,20260821,20260905,0
17V707,0705dd93,ecbb5304,2306efef,20260821,20260905,0
17V710,5a7a7528,a7a67d49,549f883f,20260821,20260905,0
17V723,a4821a04,4c03f278,ab15d8df,20260821,20260905,0
17V713,fcbab265,817a7447,a1d283ca,20260821,20260905,0
17V725,e547b124,da23d9d4,201b991b,20260821,20260905,0
17V726,5fcee566,a7a67d49,695bee15,20260821,20260905,0
17V729,a42b8774,33bced04,a0fbb0af,20260821,20260905,0
17V730,41a66d7b,8cc4bc3a,6451fe5a,20260821,20260905,0
17V742,f1f05806,6f69204e,2446b567,20260821,20260905,0
17V744,9ea80848,8f88cb08,106bb510,20260821,20260905,0
17V745,f0b74344,b9a2531f,c837ddc4,20260821,20260905,0
17V754,2a45e002,a7a67d49,464c7c65,20260821,20260905,0
17V764,03fe1dca,1012651c,0d10275f,20260821,20260905,0
17V732,6a0bb05e,15701e67,6ac2a697,20260821,20260905,0
17V733,f5a165f6,e4a244e7,ebe4bc4c,20260821,20260905,0
17V734,7607e593,a7a67d49,defd7364,20260821,20260905,0
17V761,9dfe890a,7c32fa53,d60d83b6,20260821,20260905,0
17V737,8048c315,a7a67d49,cea9ed4d,20260821,20260905,0
17E069,5f3540d6,a7a67d49,8edfb73b,20260821,20260905,0
17V750,c897a243,a7a67d49,50527763,20260821,20260905,0
17V791,5dc95e18,3732c391,0637c858,20260821,20260905,0
17V826,be92a72c,8061dd84,c2a709cd,20260821,20260905,0
17V762,1ce8f9d3,dfab9237,3a9ba11d,20260821,20260905,0
17V769,464e5da5,6c8e17b6,78a7c762,20260821,20260905,0
17V773,a29578ed,6c8e17b6,739168cd,20260821,20260905,0
17V776,fe6685f2,e4a244e7,ebe4bc4c,20260821,20260905,0
17V785,fd23b81e,8df518f3,675958d0,20260821,20260905,0
17V789,c5857d80,a761fe21,e90c356f,20260821,20260905,0
17V805,f7d37cb0,22badd08,bab81710,20260821,20260905,0
17E075,6c889329,630938f1,f2e93f2c,20260821,20260905,0
17V802,d368531c,dad2ae88,01b7f690,20260821,20260905,0
17V808,58ee2050,8e4853ee,382fe74b,20260821,20260905,0
17V819,bc0f28bd,4539600e,d3ec695c,20260821,20260905,0
17V822,13e9faa6,7905a721,7f43cce8,20260821,20260905,0
17V823,b6cf7d1d,b29147b4,2982fcc8,20260821,20260905,0
17V827,9db86cab,169724f5,a48df5a9,20260821,20260905,0
17V828,3699730e,e22bc469,9388bd84,20260821,20260905,0
17E078,33a205f1,5efd54d0,da10837b,20260821,20260905,0
17V843,a67560b7,19a1fd63,856e3b38,20260821,20260905,0
17V362,0ac3dfa6,b04f0541,d193caed,20260821,20260905,0
17V194,840250bf,81de4c61,d5c7ed7b,20260821,20260905,0
17V813,09667343,64283d08,23bc81ca,20260821,20260905,0
17V795,c98c251d,e8dd35be,01ec5e89,20260821,20260905,0
17V198,73903f72,3fa74564,1c3c084d,20260821,20260905,0
17V204,f5031eea,62299e41,7cab7a7f,20260821,20260905,0
17V243,bcd870bd,656221fd,ff23cda2,20260821,20260905,0
17V353,1ea47dfa,f43c2be3,cdeb380b,20260821,20260905,0
17V365,63a2c1a5,7905f8cb,6b48f179,20260821,20260905,0
17V066,438b96db,0d2b1683,22394afa,20260821,20260905,0
17V071,230a7e18,cb5f24cd,84bef7ed,20260821,20260905,0
17V758,9e34b06d,a7a67d49,fdb5bad9,20260821,20260905,0
17V781,b2aceaef,c4e2cf2c,18080555,20260821,20260905,0
17V783,4a5b74af,22b1fa39,e0e50c1e,20260821,20260905,0
17V548,76f52da1,af57757b,6e346934,20260821,20260905,0
17V763,9ac858e5,22c32c2d,b8abdcb4,20260821,20260905,0
17V766,55922d66,703dc06b,b3091e69,20260821,20260905,0
17V782,d311614b,a7a67d49,7006d318,20260821,20260905,0
17V792,5e63a1c3,a7a67d49,41e75e81,20260821,20260905,0
17V801,a8c6d29a,52a4f7f0,1ce1d040,20260821,20260905,0
17V807,2b8d378b,dea246b8,a77d4dd1,20260821,20260905,0
17V753,f83429ab,a7a67d49,79e2a12b,20260821,20260905,0
17V775,4f691c8f,c392d7af,62a318e3,20260821,20260905,0
17V788,c32616da,0fe86c76,d540b03f,20260821,20260905,0
17V797,ce38b265,69543d4b,65adcdcd,20260821,20260905,0
17V798,cc83a96e,36661735,08619856,20260821,20260905,0
17E073,b8f5f0e8,fd5fc65e,fd997b35,20260821,20260905,0
17V803,b8682e4a,630938f1,796367b5,20260821,20260905,0
17V814,0f627576,ecd22be0,479b9ce8,20260821,20260905,0
17V824,f482c84a,502b183d,61c511da,20260821,20260905,0
17V829,14cc81b3,5267f08d,d102bd4f,20260821,20260905,0
17V832,7eb8aa96,756f8a18,3e2361d3,20260821,20260905,0
17V833,37f65ff5,3c9f86e2,95fc4cfe,20260821,20260905,0
17V836,961fe2c6,52e7b86e,a33b6842,20260821,20260905,0
17V825,6a2dbf1e,20e61c54,28505b8a,20260821,20260905,0
17V837,755516e8,630938f1,4689521f,20260821,20260905,0
17V839,21ce0145,b86d96dc,b35833ea,20260821,20260905,0
17V842,9a0d5045,e4a244e7,08c19905,20260821,20260905,0
17V844,d36f9215,a6bb5257,66c2ac5f,20260821,20260905,0
17V845,71f155a0,4eade112,c872f1ab,20260821,20260905,0
17V846,cb2a8422,19a1fd63,73d0f8e3,20260821,20260905,0
17V847,5273dc84,a7a67d49,240ab5e8,20260821,20260905,0
17E001,1b945c9d,8f7f7224,d052ddef,20260821,20260905,0
17E002,780233a0,8f7f7224,a61839b7,20260821,20260905,0
17T001,dc93a645,db34949e,91dc2785,20260821,20260905,0
17V039,dbb9f1c6,e2f3a142,36fff838,20260821,20260905,0
17V043,74b071df,d08a4943,77d64b4b,20260821,20260905,0
17V047,337eb71f,3e1ca9ec,6dd0a43f,20260821,20260905,0
17V054,ffa36c86,2c1e78b5,e3edfee8,20260821,20260905,0
17V064,993197ad,de4223c1,ea55971f,20260821,20260905,0
17E007,3d2a9457,2c1e78b5,7d51aa41,20260821,20260905,0
17V052,ea5b96f3,6f0cbe3e,e3cb1955,20260821,20260905,0
17V060,a2169269,1713d6d0,e31b02a6,20260821,20260905,0
17V062,53fd1cd9,7f0c5dad,538b6b8c,20260821,20260905,0
17V065,2200d09d,935f1e73,e8672668,20260821,20260905,0
17V067,d9c9676b,d8335df9,e07ac3b3,20260821,20260905,0
17V554,b568eb1c,a838a4b4,23fdcc0e,20260821,20260905,0
17V559,af5cce2e,200215f3,43c20e18,20260821,20260905,0
17T015,d74acdc5,37a86f6e,61ce07e6,20260821,20260905,0
17V565,4bac3342,ef86681f,20a012f2,20260821,20260905,0
17V570,5088233a,d498e66f,a4ac56c8,20260821,20260905,0
17E052,eed1626d,1933f3c4,dcdc1ef5,20260821,20260905,0
17V575,380717e6,497e4d35,6a08ce29,20260821,20260905,0
17V621,f6461c44,78751839,9f2df81f,20260821,20260905,0
17V592,b2fd116c,111f0bfd,064362d6,20260821,20260905,0
17V596,e9690bf3,feb06f97,232c4e7c,20260821,20260905,0
17T016,4756bae9,6d03ce12,93bfa7c9,20260821,20260905,0
17V601,3f8f39f0,614beec4,b8e11073,20260821,20260905,0
17V602,c0f38209,3075f97d,43a93b67,20260821,20260905,0
17V604,466187f7,e4a244e7,ecba82cd,20260821,20260905,0
17V609,bc47f9d9,aa53e89a,81a6dc71,20260821,20260905,0
17E055,32de6eee,64fae0c5,77c15580,20260821,20260905,0
17V615,84a92a56,e4a244e7,71a776b3,20260821,20260905,0
17V623,48dc5d59,111b536e,f5711cc0,20260821,20260905,0
17V624,8642710c,064e3ffc,2eafccb4,20260821,20260905,0
17V643,beefff23,766c83c4,4b80453c,20260821,20260905,0
17V625,353ec759,95e0687b,eca17a5f,20260821,20260905,0
17V628,1ea68e0f,d498e66f,83b2661c,20260821,20260905,0
17V633,6ac02bcb,e4a244e7,fd43c194,20260821,20260905,0
17V635,c285ef2f,d4166ab2,a509680f,20260821,20260905,0
17V637,ca751fc6,4ea689c6,75f9213e,20260821,20260905,0
17V638,095c5f88,36505075,3851f92a,20260821,20260905,0
17V644,dd842e37,e72a1b0c,ec9e06ae,20260821,20260905,0
17V645,13539c4c,80084255,7b80ed70,20260821,20260905,0
17V663,8a83ad6c,ba12e2f2,ed35f268,20260821,20260905,0
17V664,8e5ae29d,4e4ea293,1f4b9e47,20260821,20260905,0
17E061,58803894,d36fb4ef,8db9c016,20260821,20260905,0
17V676,8e0e85aa,9b079e60,70c051c4,20260821,20260905,0
17V678,fb8d80a4,2f147f2d,7fbe7fd0,20260821,20260905,0
17V681,e9e02009,7cc2cf1e,cafdb65d,20260821,20260905,0
17V687,f7c24637,bd61597d,1dcdeb29,20260821,20260905,0
17V690,17302d97,f83b1e76,903857aa,20260821,20260905,0
17V691,07b376d4,0a063f63,5974f84d,20260821,20260905,0
17V695,b692fad1,d5df3fab,bffc7602,20260821,20260905,0
17V698,3a359008,887fee37,0e5f7601,20260821,20260905,0
17V714,e7f4c4ee,bd13f582,b6e751e5,20260821,20260905,0
17V708,d6a916cc,aea99f9b,17ec2c0b,20260821,20260905,0
17V719,0e989b98,06b0c820,6a3b739c,20260821,20260905,0
17V722,a8636ef0,71727fb9,1e56097e,20260821,20260905,0
17V724,2ec3ecdc,9f77411a,97335977,20260821,20260905,0
17V070,f6c248d9,f4783fe4,be0b5bc9,20260821,20260905,0
17V074,c405a174,4e1da5ae,97828268,20260821,20260905,0
17V076,f634b599,cc54c0fc,c6069e62,20260821,20260905,0
17V077,8708f88a,50dc6f40,d0b1a159,20260821,20260905,0
17V082,804b37e9,547b2def,6cb91494,20260821,20260905,0
17V085,bac50290,64ecd5c0,59ebaa87,20260821,20260905,0
17V089,2b56ffe5,d0cebb93,c8140ded,20260821,20260905,0
17V092,8f9fc2ca,9c6fdbe5,b5b3a22c,20260821,20260905,0
17V094,b675b86a,111f0bfd,7dac23cd,20260821,20260905,0
17V096,03033956,9179f279,2996bc79,20260821,20260905,0
17V104,a20c833d,150351af,06b447c6,20260821,20260905,0
17E010,4d8e549e,2a6f9f76,423a22f2,20260821,20260905,0
17E011,e6873bfa,9d82920c,80660203,20260821,20260905,0
17V113,2cd7ae39,71dd1e31,fff6ad68,20260821,20260905,0
17V117,91a402d1,09a1ab98,c6770454,20260821,20260905,0
17V120,21a5be77,872c95a3,31726bc5,20260821,20260905,0
17V122,8adffbe1,872c95a3,897f621e,20260821,20260905,0
17V124,c77f68f0,28d2ce45,780ff7e4,20260821,20260905,0
17V125,e14c5fcf,a6b11163,263d9286,20260821,20260905,0
17V131,ef1ad3cb,872c95a3,7d0fc446,20260821,20260905,0
17V134,521f0431,ef553e02,a853ba2d,20260821,20260905,0
17V136,bf4ca341,40b342d6,afb98440,20260821,20260905,0
17V144,43d8c875,23d52c10,f37bb2e4,20260821,20260905,0
17V145,d295d0d8,2c721e3f,f2c87372,20260821,20260905,0
17V151,81523b55,703dc06b,05f975f3,20260821,20260905,0
17V159,869ea26c,2cce6067,2af4fbec,20260821,20260905,0
17V165,234afe0f,6b4aeb0b,466202fc,20260821,20260905,0
17V201,3bc58032,faa7660d,a1d35913,20260821,20260905,0
17V173,9360a735,dc0d0f02,c3466f82,20260821,20260905,0
17V177,ce6c91ab,6462411c,5631f280,20260821,20260905,0
17V182,f6e0a7ce,979affab,0e3bda3c,20260821,20260905,0
17V187,ca56b3f2,6b606df0,668cfbd5,20260821,20260905,0
17V189,f63c43d6,4c900119,ba065bc1,20260821,20260905,0
17V199,812a58f7,6398bd50,5a55ae59,20260821,20260905,0
17V224,8cf701c8,f7145715,05f924ff,20260821,20260905,0
17V213,db00c343,2cce6067,10081150,20260821,20260905,0
17V214,ac014cbe,44601ef1,35758eed,20260821,20260905,0
17V220,ea022b4a,8f7f7224,aa8ee321,20260821,20260905,0
17V221,f23c84f9,c889c16e,b8aa151d,20260821,20260905,0
17V223,a8ebd07c,6b606df0,ab9a7232,20260821,20260905,0
17V227,f16d8c13,7cc77bbb,c9b70710,20260821,20260905,0
17V228,850d0146,a5d880a1,2e693cd8,20260821,20260905,0
17V229,eec54130,e1596fcd,5d22f46f,20260821,20260905,0
17V246,b3bdb9da,4807559f,2c8233a3,20260821,20260905,0
17V248,ef571b5f,658c76c7,e66d91e3,20260821,20260905,0
17V257,a3b262ee,0dfe978b,40285fbb,20260821,20260905,0
17V266,911f2c6f,bb507663,d39a380a,20260821,20260905,0
17V274,c42ba581,0bef4221,b4e71d1f,20260821,20260905,0
17V278,9ae6b0c6,7353a72b,c6835f8d,20260821,20260905,0
17V285,3be8d38a,e2045628,73e3d656,20260821,20260905,0
17V290,f441e671,67a6fef7,1f8f7ee9,20260821,20260905,0
17V294,8b2c34a0,67aced38,6e98213d,20260821,20260905,0
17V307,bf89cc62,e02922b8,f40091a1,20260821,20260905,0
17V308,32abce93,6660bf5e,0e635350,20260821,20260905,0
17V334,e5b0a561,37417ea0,8fc7780a,20260821,20260905,0
17V309,b71ddbb1,dbf90636,b5bbb096,20260821,20260905,0
17V312,d8823f38,d720097f,48e796b4,20260821,20260905,0
17V318,0799d2ed,e3459ec1,c08045cd,20260821,20260905,0
17V328,289e504c,ee26bf29,d244eaaa,20260821,20260905,0
17V329,876069dc,511ad07a,6385653f,20260821,20260905,0
17V357,f0ac12cd,59be352e,6cddb508,20260821,20260905,0
17V335,e98cc1cc,5cd4c4a0,342fe130,20260821,20260905,0
17T011,1241cb09,d9e13b93,bb2358ea,20260821,20260905,0
17V343,e3a9e421,767b751d,d8840728,20260821,20260905,0
17V344,cf2acbb9,7edc8f89,de2abefa,20260821,20260905,0
17V346,a83c90a9,afbddd8e,5b403e6c,20260821,20260905,0
17V350,65d7f5ae,34c96f63,3e40fc98,20260821,20260905,0
17V356,b4f9494e,8291386d,4a1afa06,20260821,20260905,0
17V358,a3a382d2,89786a70,d9619d24,20260821,20260905,0
17V370,6dd11ac1,cac13d6a,cac42721,20260821,20260905,0
17V379,1297b95a,8d27bf6e,54097956,20260821,20260905,0
17V388,973dd26b,4da61d93,a7509cdf,20260821,20260905,0
17V390,bdddde13,32554279,85671935,20260821,20260905,0
17V392,be12e65e,ed86f9a1,136fd793,20260821,20260905,0
17V399,8bdebeeb,d97f1d2b,21ea5586,20260821,20260905,0
17V400,e16c84d3,582c4ae2,6285a874,20260821,20260905,0
17V415,8eb581e8,c152aac6,197f3cae,20260821,20260905,0
17V422,5f64a6cf,90937d32,f965a5a2,20260821,20260905,0
17V426,d27ebaaa,259cb3f8,1631cf04,20260821,20260905,0
17E033,7d15a1b4,9740ed50,fb5baf80,20260821,20260905,0
17V427,411164ba,4bc2d966,bddd815d,20260821,20260905,0
17V430,262b17bb,aab773de,d33c2b0f,20260821,20260905,0
17V436,5c4d8943,4cac0039,570f035a,20260821,20260905,0
17E036,2fce9ab7,13c5013c,51f2dd6b,20260821,20260905,0
17V651,d147c22b,02206c19,e2b55468,20260821,20260905,0
17V443,cd950d07,b9a2531f,2de71cc1,20260821,20260905,0
17V444,16081326,59659cf8,e5bdb70c,20260821,20260905,0
17V448,f06dfa18,7ab63998,773d7ff3,20260821,20260905,0
17V452,04e8b308,14c1ed02,8e142160,20260821,20260905,0
17V453,5e9e5694,0431729c,84a1a64f,20260821,20260905,0
17V455,1d632d5c,8ce4435d,4fd17d50,20260821,20260905,0
17V457,4b2329ee,d5c46a8d,7260df56,20260821,20260905,0
17V459,6ce27ae8,acaf67f6,7eb9f832,20260821,20260905,0
17V461,8d2c815a,f62d74a7,4ba7d0ca,20260821,20260905,0
17V468,e1f299e9,76df2945,0d753ba0,20260821,20260905,0
17V469,0c965f49,2fff4646,a40b6ec9,20260821,20260905,0
17V477,143d302b,77695882,fc2952c8,20260821,20260905,0
17V488,fcd20d2a,9e3268ea,72079142,20260821,20260905,0
17V484,ac2224ad,066fd436,1ec50364,20260821,20260905,0
17V491,873c23dc,aaf74019,3941d5a7,20260821,20260905,0
17V494,a80c89a1,2942b0d8,4b64b4ff,20260821,20260905,0
17V495,d177c4f4,e656628d,6419b8d3,20260821,20260905,0
17V498,0be54faf,30fd7d28,79408e08,20260821,20260905,0
17V507,c4c8f677,3f1b8197,4e461067,20260821,20260905,0
17V508,63b2acc2,b9a2531f,8d32725a,20260821,20260905,0
17V510,0ee0cb27,bd0d7886,5797d64d,20260821,20260905,0
17E046,245cea2b,67a6fef7,8f525b16,20260821,20260905,0
17V512,368a7a2e,0eb73ebd,d640caf2,20260821,20260905,0
17V513,76793b2d,90d7e5b3,cfb43495,20260821,20260905,0
17V521,16457834,a83ffeb9,fcbd3b6f,20260821,20260905,0
17V516,a681986f,afd0b2d9,93de59c0,20260821,20260905,0
17V519,5a6a4862,25431732,3e82f417,20260821,20260905,0
17E047,aaece266,d88ec9b1,2fd8cb99,20260821,20260905,0
17V526,fb8928cd,fff4cf79,362cd6cb,20260821,20260905,0
17V530,0003cbe2,7978d64f,1211fb17,20260821,20260905,0
17V532,3c3b2689,34d4aa34,6d02324b,20260821,20260905,0
17V539,f9f318df,25431732,e518a21c,20260821,20260905,0
17V540,02f8133f,d498e66f,1567f678,20260821,20260905,0
17V541,ae5aa77e,041a4078,25e1be13,20260821,20260905,0
17V543,7214e214,91e032ce,3405525f,20260821,20260905,0
17E049,1fa1d01c,e4a244e7,cf3700f2,20260821,20260905,0
17V546,3d1c3beb,e3d07d69,f6245131,20260821,20260905,0
17V550,586e47f9,f1db50a0,016b20ad,20260821,20260905,0
17V552,a9d05c67,4ec5bff1,d9b69082,20260821,20260905,0
17V553,a2c36468,d498e66f,612e7439,20260821,20260905,0
18V005,55258051,a7a67d49,f478be41,20260821,20260905,0
18V913,7c48ebce,3db15569,b3d33ae6,20260821,20260905,0
18V915,c54a8d74,75b3e421,96265119,20260821,20260905,0
18V917,29e72239,0d88caa5,306f8b89,20260821,20260905,0
18V918,7d8492e8,b4a7b2c3,8c5008e7,20260821,20260905,0
18V919,98581c2a,99dea366,571e03fb,20260821,20260905,0
18V921,584892d4,eb08fc3b,73165778,20260821,20260905,0
18V922,1e10a4f5,6eda17ac,e88acad4,20260821,20260905,0
18V923,4ff8f58c,645c4885,cbd13b2e,20260821,20260905,0
18V925,bfda6f74,0741b33f,f11c32b3,20260821,20260905,0
18V927,b10af293,2c027bb5,d59485ad,20260821,20260905,0
18V929,f621330e,dc93f641,411a929b,20260821,20260905,0
18V930,7de4aaef,dc93f641,7a1be478,20260821,20260905,0
18V934,a556472b,703dc06b,053b8f73,20260821,20260905,0
18V941,538ced89,8a59ec51,51a258c8,20260821,20260905,0
18V332,b9be89d9,957ab71c,801435f5,20260821,20260905,0
18E003,4ac482b7,e19b32de,47f28d73,20260821,20260905,0
18V009,7ce0cd79,e19b32de,6878395a,20260821,20260905,0
18V012,90fb6ec4,cfc3ab4d,e530aca7,20260821,20260905,0
18V019,c41f19ae,11bc7195,7e5dbe94,20260821,20260905,0
18V036,9a7fc63a,26aaef87,ac74e225,20260821,20260905,0
18V014,d80815c4,cfc3ab4d,c75cdf6e,20260821,20260905,0
18V018,a7ef38e3,e19b32de,299e488a,20260821,20260905,0
18V156,10e3826f,703dc06b,7133dbe5,20260821,20260905,0
18V026,827d34c3,1f931484,731a4c57,20260821,20260905,0
18V053,37ff22d4,a7a67d49,6431ee20,20260821,20260905,0
18V032,14e539e1,e19b32de,25921141,20260821,20260905,0
18V159,479382ca,83742a77,26189d29,20260821,20260905,0
18V035,2f249f5e,0624b394,c6c1075d,20260821,20260905,0
18V038,aeeaef9f,ad3697c2,3264e342,20260821,20260905,0
18V043,d23eedcb,e19b32de,42697a9a,20260821,20260905,0
18V044,cea9f0cf,e19b32de,141c4c28,20260821,20260905,0
18V045,02498017,c4c20d0f,4e36d9cb,20260821,20260905,0
18V046,b4ef4c08,e19b32de,a87350c8,20260821,20260905,0
18V047,386a36ae,a7a67d49,cfc362a2,20260821,20260905,0
18V248,59667e63,74f992f5,87544561,20260821,20260905,0
18V254,9cc6eacf,5673f003,831ee6b5,20260821,20260905,0
18V258,a9520fe6,94c91e6d,3c973ebc,20260821,20260905,0
18V264,ee205515,84a40f47,d1047999,20260821,20260905,0
18V268,4efc9e58,dd8e7be0,18c66649,20260821,20260905,0
18V270,1469a44d,dbabc96a,3ffc7f10,20260821,20260905,0
18V271,30932dce,308ab730,b650a59a,20260821,20260905,0
18V273,4ff9a7ea,dcdb0269,85911c4e,20260821,20260905,0
18V275,0c4b82a1,560b428b,f32363d2,20260821,20260905,0
18E028,2d4acc8e,a6cb6eca,c9fc8e16,20260821,20260905,0
18V281,c5cb68af,484f9f94,1011f6f1,20260821,20260905,0
18V285,0352fa59,c2983ece,567d90cf,20260821,20260905,0
18V286,21f4f62b,b29fc12c,501284f1,20260821,20260905,0
18V287,a072c4cf,4c9b2426,5e26f06a,20260821,20260905,0
18V289,3bef5caa,33a3b7cd,08fb7b1b,20260821,20260905,0
18V042,260b3d84,e19b32de,cdcb6d70,20260821,20260905,0
18V290,b0caef0a,33a3b7cd,e1e126fb,20260821,20260905,0
18V314,38b5f842,36cf1ce3,88e447a9,20260821,20260905,0
18V291,885b3181,f91062b0,b99991e0,20260821,20260905,0
18T006,b3e8dd9d,d5568308,02fd2c9e,20260821,20260905,0
18V323,4fac07b9,51ee3a2c,1ea78349,20260821,20260905,0
18V330,000e5741,968fdb1f,00118d79,20260821,20260905,0
18V049,d12b11b4,b9a2531f,60b95889,20260821,20260905,0
18V055,bc67339d,711fd609,5bca74af,20260821,20260905,0
18V056,96fdb6f9,dcbac43a,db9fb60d,20260821,20260905,0
18E006,04cb89c5,0b8ad68e,b4c5e28e,20260821,20260905,0
18V067,5a9a8c16,7176bfe0,7b211000,20260821,20260905,0
18V073,52ab0e62,0a716f3a,e9b95073,20260821,20260905,0
18V075,a6b83712,7628ad8d,00487ccd,20260821,20260905,0
18V076,f6ea11a6,5c1226c7,d4a33797,20260821,20260905,0
18V124,7a1dbf93,68b656a5,f14b52ad,20260821,20260905,0
18V077,9f5b1713,9e494784,2726eabd,20260821,20260905,0
18V080,999500bf,af97bedc,6da56cb1,20260821,20260905,0
18E007,a605ea1b,5f978bcf,f0c95da0,20260821,20260905,0
18V085,2646cf82,1b4e4894,2e7d3ee4,20260821,20260905,0
18V107,3723fabe,e4e442c8,58392f5e,20260821,20260905,0
18V113,04b9703c,bd68a3d9,8d0aa076,20260821,20260905,0
18V121,ce1f4eb4,0624b394,8ab9a425,20260821,20260905,0
18V088,b6579d7a,b4f48528,d017e1fb,20260821,20260905,0
18V126,02489d73,f73ceb3b,14b4c8ec,20260821,20260905,0
18V150,f482f250,28be6ecd,80895fb2,20260821,20260905,0
18V128,f2681f5a,560b428b,d389195a,20260821,20260905,0
18V132,b3236fb6,cf9d2277,218ccb3b,20260821,20260905,0
18V137,e571ade3,04151a64,2cd06a1c,20260821,20260905,0
18V139,e2576626,83f08a4b,61a23dee,20260821,20260905,0
18V140,2b6df068,378bd1dd,fa17dfbc,20260821,20260905,0
18V141,b62f9b24,313cbfec,a9310966,20260821,20260905,0
18V142,4142ec10,a7a67d49,ed8a5ada,20260821,20260905,0
18V144,55847168,01c20d1e,e5da8c16,20260821,20260905,0
18V025,5af6598b,e19b32de,6e0333f7,20260821,20260905,0
18V148,183a7c4e,94ccf42b,e67e6d3a,20260821,20260905,0
18V149,b1fd0a6f,8477bbfa,f6ba895c,20260821,20260905,0
18V151,9de494de,4539600e,c6ceefe5,20260821,20260905,0
18V154,a9bc813e,7d659833,796526a0,20260821,20260905,0
18V155,edfeaf20,3aa4291c,8ca0a48f,20260821,20260905,0
18V157,2a8a801c,02f5e2ce,288bb593,20260821,20260905,0
18V158,c0d57812,02f5e2ce,288bb593,20260821,20260905,0
18V165,c24a1c72,3f56f875,d5f18ecc,20260821,20260905,0
18V172,d0e70712,c61c1fd2,16b3ba2f,20260821,20260905,0
18V184,93c1e89b,ac26036e,275247c2,20260821,20260905,0
18E016,dffc6ac2,c63c0f85,fde119f9,20260821,20260905,0
18T002,2af84a5f,1b179977,62548db5,20260821,20260905,0
18V189,597fdea6,85bd8ad6,c96f1d9d,20260821,20260905,0
18V193,5a078e2e,5673f003,df1ba1aa,20260821,20260905,0
18V195,5b26bf17,b4eaf6fb,80e27e0a,20260821,20260905,0
18V212,7e9f5eec,d655701a,3c074901,20260821,20260905,0
18V200,e7313b32,b9a2531f,172de4e1,20260821,20260905,0
18V203,72ada474,01533dfc,3ff78143,20260821,20260905,0
18V213,9972cea2,cc29e147,8fee35a8,20260821,20260905,0
18V217,dfe6c772,fb5e8293,880487e5,20260821,20260905,0
18V221,f7ef09a7,e8dc61eb,a9715f9a,20260821,20260905,0
18V222,ad944f63,f7503511,c115bea5,20260821,20260905,0
18V223,068b2531,bdcddb2b,735f82ee,20260821,20260905,0
18V225,b2c6c52c,d9199176,2fe9dd63,20260821,20260905,0
18V226,c9040d82,d9523cc8,14851dff,20260821,20260905,0
18V232,ddc09267,bd633c4a,e97bf281,20260821,20260905,0
18V237,9f3f0e57,5e53685e,215bf0b2,20260821,20260905,0
18V239,027b713c,703dc06b,3410cadd,20260821,20260905,0
18C001,ff956574,ccfc2a85,88860655,20260821,20260905,0
18V245,b8af2750,63639e16,31e7d417,20260821,20260905,0
18V313,ef53c61a,3c94dd09,9256044b,20260821,20260905,0
18V246,12f6568d,a7a67d49,adb9db0c,20260821,20260905,0
18V341,3e783a62,42487c85,9f3af5dc,20260821,20260905,0
18E035,45c0cc70,9016beb3,a5c6a861,20260821,20260905,0
18V345,b73ab513,0e623534,af9314b5,20260821,20260905,0
18V348,1efeb058,59435e95,b71a902f,20260821,20260905,0
18V349,e2dc0a70,e065147c,6e06dd6e,20260821,20260905,0
18V350,834d18b3,9bcf6354,5983b4ea,20260821,20260905,0
18V354,2c94c0ba,2e00da5f,79dee768,20260821,20260905,0
18E037,ab942ccf,48bc1094,80032239,20260821,20260905,0
18E038,4157c34f,99b4c1e1,c43a570f,20260821,20260905,0
18V376,9c65f7f1,6867f0e9,e1de7dd5,20260821,20260905,0
18V396,3ca56990,0db4c1f6,34ec5bf2,20260821,20260905,0
18V400,aa79d91a,3b05d128,60ee8f86,20260821,20260905,0
18V402,eefc87b7,e19b32de,2bbda419,20260821,20260905,0
18V353,5e3b3c43,93025e20,d947f75a,20260821,20260905,0
18V363,baffb8b9,abebe699,ac133925,20260821,20260905,0
18V750,f2a3ce6f,8bb7a31e,d712e3b3,20260821,20260905,0
18V404,92b80bf2,4d15bca5,ce4e3ddc,20260821,20260905,0
18V642,fddcf3ce,f5762af1,3b64e11d,20260821,20260905,0
18V413,ba5bf6e3,33278c19,d2f6ed5b,20260821,20260905,0
18V415,fdc9e1f6,560b428b,55c389fc,20260821,20260905,0
18V416,849d57af,a2846b13,37dcb057,20260821,20260905,0
18V423,babe0be5,f5062071,417ca886,20260821,20260905,0
18V425,37c6a508,bb8baf1f,ec19a3e8,20260821,20260905,0
18E045,77995cd7,ba9d8297,89b4bb40,20260821,20260905,0
18V432,50234e6c,703dc06b,ce6171d6,20260821,20260905,0
18V518,1d390eb6,74d56799,1793b042,20260821,20260905,0
18V440,abbccc4b,565f569d,6fbfc201,20260821,20260905,0
18E047,44441e27,bef9e27c,c65a9f50,20260821,20260905,0
18E048,ae98ab46,13b3221d,527480f9,20260821,20260905,0
18E049,3cc86a12,e78bd502,62c67c26,20260821,20260905,0
18E072,ee714e7c,4c9264e6,59f8951f,20260821,20260905,0
18E050,fb9f8ce6,f3f15c0a,435957db,20260821,20260905,0
18V445,6137404f,1d4b9461,824f9353,20260821,20260905,0
18V448,c498c916,a0a30dcc,a5374827,20260821,20260905,0
18V467,c4d96c5f,1473646d,7605fa1b,20260821,20260905,0
18E057,6edd1151,402a3220,cb5652a1,20260821,20260905,0
18V482,be26eb38,ff6904ab,a360b4ef,20260821,20260905,0
18E063,86b9d204,5fe58120,606c07c2,20260821,20260905,0
18V495,e2fe826a,9483fffc,d12c63fb,20260821,20260905,0
18E065,2ff7eb97,5cae39ee,49de3abf,20260821,20260905,0
18E066,fb6398e6,fa5b3813,0e789b9d,20260821,20260905,0
18E067,a5204556,b9a8ab9e,d6b0dbaf,20260821,20260905,0
18V499,86bbb151,f64c3e62,765ca62a,20260821,20260905,0
18E070,3f7743ab,29638405,ae3e0648,20260821,20260905,0
18V500,9482fcee,f64c3e62,df80b229,20260821,20260905,0
18E071,4393668c,b4e2a4c9,728c0cea,20260821,20260905,0
18E074,9b8b825f,0da53873,2730fa51,20260821,20260905,0
18V505,1c4ae180,93025e20,60a1ddad,20260821,20260905,0
18E075,cf47986e,01a653a1,5136f5fb,20260821,20260905,0
18V511,82e8c7d7,a45d9092,9e982d80,20260821,20260905,0
18E076,422dd4ca,6409ea27,1a6df719,20260821,20260905,0
18V510,edf15e07,82bf6d73,9f047393,20260821,20260905,0
18V516,bf2d543a,aedba10f,5592f0e3,20260821,20260905,0
18V565,615c417c,873c3c52,d41026b6,20260821,20260905,0
18V522,27aff855,987bffd6,7c4de1d3,20260821,20260905,0
18E083,a3250f4b,5d6b9b38,75116a69,20260821,20260905,0
18V537,d2c3cf15,7210d3f0,a1f58d23,20260821,20260905,0
18V542,4e455377,68436c77,7e116b1b,20260821,20260905,0
18V545,89ed8f58,0445eaae,514cfcf8,20260821,20260905,0
18V554,50ecad55,97113b6c,472faee2,20260821,20260905,0
18V560,a16f17db,177ce4c6,776258ba,20260821,20260905,0
18V563,d6b4c3fd,177ce4c6,f540477b,20260821,20260905,0
18E086,b7f2ac02,ca88156e,b608dba3,20260821,20260905,0
18E087,ccec8975,06bf9d2f,1ad78490,20260821,20260905,0
18V572,6d06a282,864509d7,03d0d039,20260821,20260905,0
18V577,37831e1b,f5aa8dfd,80cf5e32,20260821,20260905,0
18V579,7078681e,0624b394,73795b82,20260821,20260905,0
18V581,d41b56d0,f193b455,28917555,20260821,20260905,0
18V584,e7dd69b5,177ce4c6,e38fb397,20260821,20260905,0
18V593,3a8224ba,578962a0,8feffff9,20260821,20260905,0
18V594,6fca608d,5fe58120,f9e77009,20260821,20260905,0
18V608,79f8e565,d1c69494,640f7959,20260821,20260905,0
18V595,02a40cbd,1bb3fd3c,e65a426a,20260821,20260905,0
18V596,31d13e60,5d6b9b38,2e246616,20260821,20260905,0
18V597,bc1dbe32,97040ddd,d04e0dbe,20260821,20260905,0
18V606,cf7fab20,5fe58120,5aa3fb7d,20260821,20260905,0
18V607,78253314,a5f10536,28bd2c4d,20260821,20260905,0
18V609,1cbccab8,f1ea1807,17f6f628,20260821,20260905,0
18V619,3181c8a9,5ddb0ad5,4c853256,20260821,20260905,0
18V620,443ef0e4,1f9e5594,b599b8a5,20260821,20260905,0
18V638,c8a83ec7,3b269150,b6acac12,20260821,20260905,0
18V621,5cb1fca9,36fe0be2,a5764c62,20260821,20260905,0
18V623,ca95d776,86daa53b,64b7f39a,20260821,20260905,0
18V624,d8d26a6f,6c2dc693,25f50b37,20260821,20260905,0
18V627,bbe8c303,4a5b61b6,9433f1c2,20260821,20260905,0
18V634,da22571f,6c2dc693,0c02c8ba,20260821,20260905,0
18E090,b37aa684,466f06a7,cd60fb07,20260821,20260905,0
18V641,7c70ec35,eb330561,31f641ed,20260821,20260905,0
18V643,383763fe,b7e000a8,911a3a2d,20260821,20260905,0
18V646,bb9c81f6,c99aaef0,e8422fd6,20260821,20260905,0
18V647,5a30c757,bfb58117,3192407d,20260821,20260905,0
18V649,a643c5ff,4f9e73f2,5a82a712,20260821,20260905,0
18V651,1421548e,733289a4,3c6f287d,20260821,20260905,0
18V661,bca36ea8,e19b32de,68d82f08,20260821,20260905,0
18V652,c219cc71,ca88156e,077e9e67,20260821,20260905,0
18V663,c8c245d8,e6481087,b79e4cf4,20260821,20260905,0
18E093,9de5f748,d9e4277f,94751b20,20260821,20260905,0
18V667,a6e3a50e,d0aafa8e,b679206b,20260821,20260905,0
18V678,dd128e7c,466f06a7,ea5103af,20260821,20260905,0
18V693,69f83d9a,0ea6f5f0,46748264,20260821,20260905,0
18V703,b9b1ba37,61c7a0d2,06255c1c,20260821,20260905,0
18V704,d5b78e6e,35c4d583,2d965a3d,20260821,20260905,0
18V730,511d77a5,82c85528,f0dd6f74,20260821,20260905,0
18V706,2302493d,dbf8a7fb,2af541e2,20260821,20260905,0
18V710,b6fd1f05,cc72fab3,c84e9de1,20260821,20260905,0
18V713,173114c0,2912389d,c81b2b0f,20260821,20260905,0
18V719,dde59efa,5c8baa75,4c2e92ef,20260821,20260905,0
18T013,3a0d0a99,bcc51dd6,5904ceaa,20260821,20260905,0
18V727,f076bb77,0fca992c,7b683d9f,20260821,20260905,0
18V729,235cf8e6,7455e6be,0480211c,20260821,20260905,0
18V741,aabc14e0,9af2c59b,c6f78416,20260821,20260905,0
18V755,2e89f798,f0d76fbe,af8ef80b,20260821,20260905,0
18V772,b8c560f8,b9a2531f,9f532954,20260821,20260905,0
18V781,72788283,df9fae08,e7f171df,20260821,20260905,0
18V788,5fcf755d,6409ea27,1de2f44f,20260821,20260905,0
18V794,44af4462,e065c9a2,81e59ba6,20260821,20260905,0
18E098,2566464e,3619489d,c1655218,20260821,20260905,0
18V766,11e50871,e3686a34,9aadce2e,20260821,20260905,0
18V769,6da9cfff,9dd148b8,59711c9a,20260821,20260905,0
18V784,a7586e1b,cac82bd0,866f19e3,20260821,20260905,0
18E101,8e4769bf,3b05703b,49a7b77a,20260821,20260905,0
18E103,c3daefef,92a5aad8,5696954e,20260821,20260905,0
18V812,bc0a0cdb,53f57e76,98748d85,20260821,20260905,0
18V791,daef3239,aabdc7b3,59c02014,20260821,20260905,0
18V799,89e77821,6409ea27,43e3493e,20260821,20260905,0
18V804,a5da4b79,47b9ab23,10f92577,20260821,20260905,0
18V813,1f26555f,6409ea27,09668a0f,20260821,20260905,0
18V818,12b1aa20,22edf301,0bc6c3a1,20260821,20260905,0
18V816,31d1151f,7211a504,fce20a97,20260821,20260905,0
18V821,93af6e62,582cdadf,6c5a9237,20260821,20260905,0
18V822,5e558bfa,ffcff127,f9d8103d,20260821,20260905,0
18V823,2e13bb80,c3b2f4b8,ea7a7d4d,20260821,20260905,0
18V827,60c9e211,3b05703b,e39ca0cd,20260821,20260905,0
18V830,cea24b1f,459e73b1,794151ed,20260821,20260905,0
18V831,ada625e5,703dc06b,0021299d,20260821,20260905,0
18V835,c2ecbb2d,51307d01,44e6d967,20260821,20260905,0
18V838,ca09ce4d,02a495d8,16c5cca2,20260821,20260905,0
18V843,545a7165,c3b2f4b8,efd59a4a,20260821,20260905,0
18V848,835c63d8,ceaf4e0f,1566ac69,20260821,20260905,0
18V855,b4239546,703dc06b,afb4179a,20260821,20260905,0
18E111,dab3d238,5700fd1d,88a99424,20260821,20260905,0
18E112,72fa1c3f,6fcaa157,c6e87623,20260821,20260905,0
18V874,8050e851,5fe58120,998360b4,20260821,20260905,0
18V877,7097313c,8cc8cb50,9abffa21,20260821,20260905,0
18V887,6cc0e9b9,c3c820a8,683430bf,20260821,20260905,0
18V885,b8bf1e51,f1885319,ba91143c,20260821,20260905,0
18V891,7fd20831,dce2a0c2,b5199dd7,20260821,20260905,0
18E116,b737998f,2b83f836,490a508e,20260821,20260905,0
18V897,2044158e,237ebdb9,ad5f1054,20260821,20260905,0
18V907,22ec6193,703dc06b,c7a614c8,20260821,20260905,0
18V613,1868a22c,5fe58120,048ddcbb,20260821,20260905,0
18V615,4de6227d,5c091545,d1f26706,20260821,20260905,0
18V622,90e430e3,5fe58120,92d6fe19,20260821,20260905,0
18V629,f6ce8eaf,03397bdd,66a1602f,20260821,20260905,0
18V632,9c92af62,0a880b9e,b37e9475,20260821,20260905,0
18V780,fce1a8d9,61c7a0d2,773bc47e,20260821,20260905,0
18V636,e8f69fba,2bb40e7f,45851f2b,20260821,20260905,0
18V639,e603a159,c94260da,17d54249,20260821,20260905,0
18V640,5dd704ba,177ce4c6,4816f9e9,20260821,20260905,0
18V675,cf34b38f,29ad465a,cd7f6964,20260821,20260905,0
18V662,a0a2dfa5,e19b32de,f4b8710e,20260821,20260905,0
18V672,55504a67,308d54b9,d40ac479,20260821,20260905,0
18V691,a729911f,26f27b30,6b1d5ad0,20260821,20260905,0
18V648,8ec0bb6f,b5aa2519,e90f201f,20260821,20260905,0
18V650,675a1004,a5ab8b56,3f052464,20260821,20260905,0
18E092,5296b82e,ca88156e,012b3cc7,20260821,20260905,0
18V656,e256ac16,f978ce5b,47f05ce8,20260821,20260905,0
18V659,0d0c1548,368399a7,37966260,20260821,20260905,0
18V673,8c1a8b58,447ff09e,f7c97cbe,20260821,20260905,0
18V676,92ee7777,90296a13,90638e90,20260821,20260905,0
18V677,3517106f,e934a716,df910313,20260821,20260905,0
18V680,21a61508,7bac6bcb,42d081f3,20260821,20260905,0
18V682,cb361458,d09cb36f,22e7672b,20260821,20260905,0
18V684,d5d7d5df,8fe83498,f29fec90,20260821,20260905,0
18V685,83bc56c6,d6d1deac,8c8fa646,20260821,20260905,0
18V686,fe5ccb25,0ba8b4cc,40efdf3c,20260821,20260905,0
18V708,3f9ce486,74acc28e,238675c7,20260821,20260905,0
18V698,1900ce3b,eea85b11,67f8c914,20260821,20260905,0
18V702,72fc3766,61c7a0d2,f0877d33,20260821,20260905,0
18V707,da0c5915,9c317d60,a29565f9,20260821,20260905,0
18V747,833610f8,31c27716,51619a88,20260821,20260905,0
18E095,b1a5a49e,9295de94,58034dec,20260821,20260905,0
18V712,d3a744bf,4b430ef9,7a79bffd,20260821,20260905,0
18V715,73b57485,d7b0fe12,f1cb0e47,20260821,20260905,0
18V725,6f9dd58b,e867fab5,a0148a77,20260821,20260905,0
18V726,0e4f2a97,c3fe01f6,cd0a8c59,20260821,20260905,0
18E096,9ba55daa,e0fb6f38,f3d65659,20260821,20260905,0
18V731,07929d38,36192b57,d98e2501,20260821,20260905,0
18V732,d34924a7,ae9ff8d6,4ad72d22,20260821,20260905,0
18V733,d9f280e9,fb000ea4,6b4740ad,20260821,20260905,0
18V734,17d26906,99db7313,8aec5432,20260821,20260905,0
18V739,eaa24750,9b9ddb2d,010f5827,20260821,20260905,0
18V743,31e4d486,e89cdebf,f87675eb,20260821,20260905,0
18V751,c71f2c58,8312f4b1,cb545e4e,20260821,20260905,0
18V752,e93e47a4,6f7115f6,c657ff9e,20260821,20260905,0
18V754,6ca940ea,3c236853,9dd1f71d,20260821,20260905,0
18V759,c2bd4454,3a83e301,0da25f7c,20260821,20260905,0
18E097,88e7d783,3a83e301,fd981602,20260821,20260905,0
18V768,21b7594f,53f57e76,0d8758f3,20260821,20260905,0
18V770,3ccf0fee,61c7a0d2,8267e16e,20260821,20260905,0
18V771,3db54b68,287b42b9,e4db240b,20260821,20260905,0
18V779,c05fb21d,499891e9,d4f26e05,20260821,20260905,0
18V782,cd246d1d,6409ea27,9b2dd2c4,20260821,20260905,0
18V785,b87435af,fbd0ec04,9824e1f2,20260821,20260905,0
18V786,94d888a5,add71027,a76c8a43,20260821,20260905,0
18V825,87d61a99,6c004880,9c280129,20260821,20260905,0
18V798,b222d96e,6409ea27,8c7ec1fc,20260821,20260905,0
18V828,23a08135,117afb08,7b4ecd33,20260821,20260905,0
18V810,5e6e6ea4,6ae3e5ec,715f1a7c,20260821,20260905,0
18E105,d0d4618d,0df8b062,6131d05a,20260821,20260905,0
18V819,cfb5a9b4,c3b2f4b8,374d27b4,20260821,20260905,0
18E106,71a01bc2,53f57e76,35b35b09,20260821,20260905,0
18V829,b83516a6,cd1bbb9f,6fe41ef1,20260821,20260905,0
18V517,636238c3,712d2cb4,c111cfd0,20260821,20260905,0
18V832,f223b555,87d1416a,0e26c797,20260821,20260905,0
18V834,d6ee3faa,3463b63d,7657ca5a,20260821,20260905,0
18V840,adcaddbe,0b1a0ef4,8fe41813,20260821,20260905,0
18E108,24b50108,9930f21d,508bed96,20260821,20260905,0
18V859,d4b3983e,61c7a0d2,e5b86178,20260821,20260905,0
18V846,5345da0f,1037629b,4425f166,20260821,20260905,0
18V853,48b1aceb,c7416aff,59f62ab4,20260821,20260905,0
18V856,57b1e405,b73e0099,d6a6f090,20260821,20260905,0
18V903,a3671253,0dd4cce3,e45389dd,20260821,20260905,0
18V906,2184d9be,5b32d957,c0876190,20260821,20260905,0
18V908,977d2d9f,9ea5a7f7,8c54bc92,20260821,20260905,0
18V485,08c4849a,d0384c45,b763d1eb,20260821,20260905,0
18V912,4421ba4d,db8985d4,c99fd0fd,20260821,20260905,0
18V920,5966ffb1,99dea366,b5421c8c,20260821,20260905,0
18V338,ce28bb70,cff426f4,93193732,20260821,20260905,0
18V924,51a346ec,a1f40e46,f5c99c62,20260821,20260905,0
18V935,193ba08b,6a963aa8,644e2214,20260821,20260905,0
18V488,cce262d2,a8c1dbe6,e2f431a7,20260821,20260905,0
18V494,7844fd76,966d63e6,0aae299a,20260821,20260905,0
18V491,1e0a92cb,834202c1,b19831ff,20260821,20260905,0
18V492,68cb7018,c977e53a,6cfd06d1,20260821,20260905,0
18E062,bd411019,3307ebff,8d7f78df,20260821,20260905,0
18V497,514872c8,b80668e8,6afb7c94,20260821,20260905,0
18V498,d98e894e,3fa645a7,ab5fa0cd,20260821,20260905,0
18V501,200d9d7f,7f9ca7cd,1e423b5d,20260821,20260905,0
18V502,e79ae58f,fb5fdfad,66e15f4c,20260821,20260905,0
18V546,cb9757ee,14251ffc,bcd52e6b,20260821,20260905,0
18V509,ce23c89a,dc7105b0,d2b4872c,20260821,20260905,0
18V515,235db0ad,cabcdb5d,a8f00575,20260821,20260905,0
18E078,c34562f9,25c1eb72,862885d2,20260821,20260905,0
18V527,b1aa1cd1,12213a4b,c0e1413b,20260821,20260905,0
18E080,070e11a9,2eb1963d,d03aa932,20260821,20260905,0
18E082,73423c79,92a5aad8,d90a40ca,20260821,20260905,0
18V534,cf662ab2,fec5929e,d49978dd,20260821,20260905,0
18V535,1b60b32e,10f8db92,45ab4ceb,20260821,20260905,0
18V540,c02f0fb1,f1141f0e,a5e51c5a,20260821,20260905,0
18V334,b5e3fce9,9ee38351,d9fcf113,20260821,20260905,0
18V337,cc60c80f,ccc0f1b6,eaa6f3f5,20260821,20260905,0
18V861,ea15c0c2,2937b8b1,dc2260eb,20260821,20260905,0
18V865,174e9268,dd1a346d,0503e207,20260821,20260905,0
18V868,13f156d6,8a020f7b,97dea11e,20260821,20260905,0
18V870,04864823,12ca0f71,4c97869c,20260821,20260905,0
18V871,65b1e212,e47f60e1,3ac8a49f,20260821,20260905,0
18V875,0dba7cb2,6409ea27,36dd15a3,20260821,20260905,0
18V879,7ac04d91,c3b2f4b8,3b1e8a04,20260821,20260905,0
18V880,54c7adf4,f442d9e9,2001aaf3,20260821,20260905,0
18V928,e0e1e885,1e7798d6,4ce6aab3,20260821,20260905,0
18V881,348a2aa3,f442d9e9,b01afbe0,20260821,20260905,0
18V883,8b4a72f2,e19b32de,5dbfe77c,20260821,20260905,0
18V898,a0d9ef16,b4cb3e12,dec8fb23,20260821,20260905,0
18V884,02d3307a,f1885319,e3d4ee02,20260821,20260905,0
18V893,b3b83216,f1631999,c2c6014d,20260821,20260905,0
18V886,dba40e42,454eece8,a7849e50,20260821,20260905,0
18V889,19f97ef1,c3da274c,9d23c183,20260821,20260905,0
18V904,05296bec,d24897a6,0edaa54d,20260821,20260905,0
18V905,bc8fd217,155350eb,813e3e80,20260821,20260905,0
18V911,200b8e08,e756973e,f5a531b2,20260821,20260905,0
18V916,253d2ebb,70b48546,b9101061,20260821,20260905,0
18V933,2267d047,65832dde,83c6df2c,20260821,20260905,0
18E079,e8d0aad8,f4cab5db,3d48e9f0,20260821,20260905,0
18V520,09931ae8,8ebda82e,2b768c9c,20260821,20260905,0
18V336,27974834,9bf766f1,fba10265,20260821,20260905,0
18V307,ce1074e7,6085d9c2,85a3bb9a,20260821,20260905,0
18V093,3b09c6f6,a7a67d49,1a70a19c,20260821,20260905,0
18V023,dbe1f4b1,ad3697c2,97905d77,20260821,20260905,0
18E001,d5fce870,e19b32de,fc2d416e,20260821,20260905,0
18V002,8d41aa06,be2f811e,05163135,20260821,20260905,0
18V003,7119df2e,2c14f966,a923699c,20260821,20260905,0
18V015,86ebe0b6,e19b32de,87b46e99,20260821,20260905,0
18V021,b74aef69,e19b32de,a03782a5,20260821,20260905,0
18V024,85d4fc45,e19b32de,7dfc1689,20260821,20260905,0
18V031,441e1ef4,e19b32de,0784ce35,20260821,20260905,0
18V034,30097421,c2ab8bc8,d277cfa0,20260821,20260905,0
18V037,6efe50f7,a2c021f4,07a7897f,20260821,20260905,0
18V040,6e43408f,e19b32de,33ad8d15,20260821,20260905,0
18V051,3921075d,a761fe21,04188309,20260821,20260905,0
18V063,6e4f2e9b,69cbaccc,eb782b10,20260821,20260905,0
18E004,61386647,5dda95f7,4adb93a4,20260821,20260905,0
18V061,600ab9c7,ab176dcd,4f05b5c3,20260821,20260905,0
18V066,30504d8e,9b102cd4,7ab38db0,20260821,20260905,0
18E005,b9505b96,4ab854cb,e10bb93f,20260821,20260905,0
18V171,0a611f23,c61c1fd2,1697dddc,20260821,20260905,0
18V069,8b5e2942,2ee5b3ec,dd58968b,20260821,20260905,0
18V104,c3658f96,d36fb4ef,12082240,20260821,20260905,0
18V071,17d9a094,6e1364f1,6a24ee3a,20260821,20260905,0
18V072,ecfd7317,45885f34,9164ee46,20260821,20260905,0
18V083,cedfc487,a7a67d49,bca03253,20260821,20260905,0
18V092,f09ac21e,ef50d179,5a7df368,20260821,20260905,0
18E008,14d93904,83b3e705,b1708353,20260821,20260905,0
18V091,660f8701,7619fecd,e33f76ad,20260821,20260905,0
18V094,83b1004a,71727fb9,23f66125,20260821,20260905,0
18V095,61f24fb4,b2fb31bd,17b3c43d,20260821,20260905,0
18V096,9f6f0f47,8b9fe4be,03ee9dcf,20260821,20260905,0
18V097,d9496148,18b959d2,ad5917af,20260821,20260905,0
18V106,70f2f90b,a3d72c6f,2a5ae7d2,20260821,20260905,0
18V115,e4e6ad4c,63b71424,0207af3c,20260821,20260905,0
18V116,4d240656,9386700d,c5b0d8f9,20260821,20260905,0
18V117,6648ef75,40fb228e,c4c8a2b6,20260821,20260905,0
18V118,6e44edcc,8f5f9aad,eca0aab1,20260821,20260905,0
18V119,d4db2ae1,0cc11fd6,c0643003,20260821,20260905,0
18V134,d166f0ba,b87c0b19,cdc44457,20260821,20260905,0
18V135,65de23eb,4ef38493,8386d902,20260821,20260905,0
18V136,ca99b3ce,640be1cc,627c082a,20260821,20260905,0
18V138,8cf634c6,a8212520,fbcd9943,20260821,20260905,0
18E010,6926c2e3,25f3de37,7be78d24,20260821,20260905,0
18V146,b014e4f9,42e40f2b,2476b324,20260821,20260905,0
18E012,b21b0f54,181c65db,7cb793e3,20260821,20260905,0
18V160,10d1f1c9,86371fe2,24062835,20260821,20260905,0
18E014,891f90fb,3893a14b,8a348e72,20260821,20260905,0
18V162,d8fdb7be,0889e51e,65ef6673,20260821,20260905,0
18V169,a3a2c22d,d252bc0f,bcf1d2d9,20260821,20260905,0
18V241,4da14c61,3c6ac060,2738abee,20260821,20260905,0
18V174,8e741771,c61c1fd2,38510878,20260821,20260905,0
18V178,f9739aba,6b290df1,0b368f89,20260821,20260905,0
18V183,08c295bc,792a93c5,5f28da4c,20260821,20260905,0
18V186,feb1681b,58111aff,8dab77e6,20260821,20260905,0
18V190,f1323f56,9d82920c,879d12e3,20260821,20260905,0
18V192,e11603bf,5673f003,165f7450,20260821,20260905,0
18V196,cc31c9d4,8c01b77a,b06e1779,20260821,20260905,0
18V197,03edc0dc,a7a67d49,6391cb6d,20260821,20260905,0
18V209,eb9c7d31,6032e59b,6106c1b8,20260821,20260905,0
18V198,072c3516,b9a53969,981c376e,20260821,20260905,0
18V206,ad5769ec,c61c1fd2,555a28fa,20260821,20260905,0
18E017,c2c41fab,2a5843cd,73941b65,20260821,20260905,0
18V210,e9bbd9e0,ca137999,208fa22a,20260821,20260905,0
18V211,d14028d6,45c75714,1e5aafb7,20260821,20260905,0
18V219,f305c8a0,6dbc0ece,767bc9ff,20260821,20260905,0
18E019,50ff599a,4a68e97e,8dc4306b,20260821,20260905,0
18E022,bc415146,cdff3e94,ab482e7e,20260821,20260905,0
18V224,d318d45e,3ae65ef2,6b611606,20260821,20260905,0
18V230,6a1a07a8,2ef4a7ff,94297052,20260821,20260905,0
18V247,bffef0c1,fa335b37,2ba542bf,20260821,20260905,0
18T004,65737589,3e74200b,43e60bf2,20260821,20260905,0
18V250,cb8c24d2,395d49c7,7cef90a7,20260821,20260905,0
18V372,104b9e95,0de4caf1,6515792c,20260821,20260905,0
18V251,d0b7aae8,54d1beaf,75154f98,20260821,20260905,0
18V257,c10af2c3,0624b394,a6fd1001,20260821,20260905,0
18E027,692ac02a,2f55bdc5,5de8ff2e,20260821,20260905,0
18V274,abc8a363,6de90206,f5bcecef,20260821,20260905,0
18V279,35c70cf2,0f021341,10fed811,20260821,20260905,0
18E029,9105c016,703dc06b,91562dea,20260821,20260905,0
18V288,89f84b4a,e63ed672,487abbd2,20260821,20260905,0
18V292,98ab6a04,863f204c,49738f95,20260821,20260905,0
18V293,76e1dc65,3acfc906,af79733f,20260821,20260905,0
18V294,8dcac69f,863f204c,4dc31599,20260821,20260905,0
18V295,6b7185b9,db441b62,08072236,20260821,20260905,0
18V297,c26c1a31,722f61f1,a10e1777,20260821,20260905,0
18V298,80448bc7,722f61f1,0a85bce1,20260821,20260905,0
18V302,5d28c410,d2ce62b3,c78d47cb,20260821,20260905,0
18V301,9a2ab6b2,968fdb1f,00118d79,20260821,20260905,0
18V306,f2c8fcbb,cfead055,929c4502,20260821,20260905,0
18V310,9e3c27c4,d655701a,c0c583a5,20260821,20260905,0
18V311,a00607be,604db9a1,632de407,20260821,20260905,0
18V312,e279cae1,a4f3290b,449cfdf2,20260821,20260905,0
18V319,99ea555d,63f626b7,c08aa5c7,20260821,20260905,0
18V322,1c5071e2,50ef5f4a,1636e8cc,20260821,20260905,0
18V327,37ea5ebd,13b3221d,63342631,20260821,20260905,0
18V328,2322ac32,309c4e49,aafc361e,20260821,20260905,0
18E033,24cc85ab,0624b394,064fbc78,20260821,20260905,0
18V331,beadb22a,403aeebf,e9efae71,20260821,20260905,0
18V333,91ef1b2a,ae73fda7,06798653,20260821,20260905,0
18V335,7d990cea,c6c435cd,8e66e8dc,20260821,20260905,0
18V343,05b94f00,a5af1475,a3794ea6,20260821,20260905,0
18V351,bfdec6b9,61a22101,6ee1acf4,20260821,20260905,0
18V361,6cd829a8,96608d5c,3de8fc74,20260821,20260905,0
18V365,fc4024c6,4ddb1d58,e019beff,20260821,20260905,0
18V366,1f660f5e,92ad1fb1,2fb81a70,20260821,20260905,0
18V377,5dfeb270,54ac2f9b,59d7afef,20260821,20260905,0
18V371,0425fd65,c3f8feb8,c0322552,20260821,20260905,0
18V373,0ef132b1,caccad8a,88d4ac9b,20260821,20260905,0
18V374,fcf16015,3e4b234f,e33c5343,20260821,20260905,0
18V382,7c4ee06a,5f44d183,8101754d,20260821,20260905,0
18V384,97c25a8d,cda99499,bd66f8e1,20260821,20260905,0
18V385,1ef9d254,92ad1fb1,1c3d06b9,20260821,20260905,0
18V387,88cb7d2b,57af3464,47b0b154,20260821,20260905,0
18V397,162dfb5c,3d99e114,78d40430,20260821,20260905,0
18V388,f227e4d5,3bd9d91e,de5f92c0,20260821,20260905,0
18V389,1342d8cc,4f56ad2d,510477a5,20260821,20260905,0
18V390,67e401e6,4bc2d966,039ab98e,20260821,20260905,0
18V391,7051dba1,b9a2531f,8d57c902,20260821,20260905,0
18V392,679536a8,87ce6078,ab36da14,20260821,20260905,0
18V399,3e8bcbb6,619875bb,198e1029,20260821,20260905,0
18V401,4d41b04a,e19b32de,06b8d6e8,20260821,20260905,0
18V409,8a997e8e,4af6ec87,a5174b03,20260821,20260905,0
18V411,c8c0eb08,7562e39f,9876a412,20260821,20260905,0
18E042,4a4582a1,703dc06b,a9c23168,20260821,20260905,0
18E043,0bdc64ca,abebe699,b6247ed3,20260821,20260905,0
18V428,aecf6b44,c4076cfc,2e02d4e2,20260821,20260905,0
18V429,8d1a1f61,a0a30dcc,a55b4835,20260821,20260905,0
18V433,b2aae4f0,bef9e27c,df4a5184,20260821,20260905,0
18E046,ab4c7d9e,ea2b2724,6d012be1,20260821,20260905,0
18V434,12d6a982,0624b394,db0ac40b,20260821,20260905,0
18V442,cc5399cd,83340427,0f7e27bb,20260821,20260905,0
18V455,b06faf7e,550783cf,81c47e98,20260821,20260905,0
18V452,d91d6fba,337f320c,e508c44e,20260821,20260905,0
18V453,31fca341,74241f1c,146cf961,20260821,20260905,0
18V456,a096d3ef,08f7bdad,db614ad2,20260821,20260905,0
18V465,bfdf321e,af7e74d8,b773ed69,20260821,20260905,0
18V470,d88038e5,236b21f1,f03a4aea,20260821,20260905,0
18V471,c998b01b,ebc28c7a,01d449b7,20260821,20260905,0
18V474,3c433198,5c8baa75,94114cb8,20260821,20260905,0
18V475,ea288192,db406d35,78ac8655,20260821,20260905,0
18V552,ed1efa96,de47e94e,35cf316a,20260821,20260905,0
18V556,5be7b33a,e75c8089,706134a4,20260821,20260905,0
18V559,db98ac5b,d4e51d3b,d39271e5,20260821,20260905,0
18V564,611e1513,db441b62,fe3a22f8,20260821,20260905,0
18V566,c9443371,5d6b9b38,18ee1a88,20260821,20260905,0
18V567,7e80590e,c3ce3090,76957bb6,20260821,20260905,0
18V570,f12db42f,c8262541,ae25ac23,20260821,20260905,0
18V571,f60812a6,c8262541,303711e4,20260821,20260905,0
18V576,4edd2eee,74241f1c,44228183,20260821,20260905,0
18V578,524f1189,82d896f9,b3fd91d1,20260821,20260905,0
18V614,be911a8a,1e3cbc45,4c124ff9,20260821,20260905,0
18T011,cea3a609,eb330561,0fb4b2a0,20260821,20260905,0
18V587,bca411e6,5fe58120,a8395ea1,20260821,20260905,0
18V616,87206e33,6c2dc693,c32782fd,20260821,20260905,0
18V618,9dca5bf4,6c2dc693,c478d332,20260821,20260905,0
18V625,47241724,2e24c582,01bcc6e2,20260821,20260905,0
18V626,f747e72c,d43af9bc,7c0862ad,20260821,20260905,0
18V628,69a5334c,35203c56,88de9855,20260821,20260905,0
18V679,6861807d,882d344a,3742df17,20260821,20260905,0
18V630,9038da5b,7621cdf6,a2d41b5d,20260821,20260905,0
18V644,b7a58b8b,302cb840,980d1c9e,20260821,20260905,0
18V654,4e195d31,5fe58120,99afdc40,20260821,20260905,0
18V664,71e927b3,9c1af431,58645914,20260821,20260905,0
18V668,7dc7e9b7,f193b455,3b5595af,20260821,20260905,0
18V669,875b39fd,a2eae0d7,e126b978,20260821,20260905,0
18V671,62294276,5760b88a,2946c22d,20260821,20260905,0
18V681,9b00304c,b9bf0689,fcaed3ac,20260821,20260905,0
18V692,32be6896,174f86c5,4a6371ee,20260821,20260905,0
18V694,8c268082,703dc06b,b95924d0,20260821,20260905,0
18V705,61bb2bbf,b0ef70ba,ead860d6,20260821,20260905,0
18V696,94493f9a,5c8baa75,21378038,20260821,20260905,0
18E094,6e75a564,67beb674,385d0573,20260821,20260905,0
18V700,a16e9087,da8cc395,9ef74a2c,20260821,20260905,0
18V722,52877285,5c8baa75,edbc5634,20260821,20260905,0
18V936,d85fcf3f,ebff49e1,2801202c,20260821,20260905,0
18V939,3fc8a178,a3b555f5,59cb7ada,20260821,20260905,0
18V944,c2e4d57d,1ba7ee20,048beae9,20260821,20260905,0
18V945,e415218a,5af483cb,81151b78,20260821,20260905,0
18V723,82f41318,ea36a7af,d6aa8f3a,20260821,20260905,0
18V728,062f2f90,04a2046d,34e4de98,20260821,20260905,0
18V737,1c3297b0,d51b5ed7,8e8b3945,20260821,20260905,0
18V757,db474c8a,a852adaf,4ad7625b,20260821,20260905,0
18V740,0bf22025,9651eb3b,f06d3ab6,20260821,20260905,0
18V742,603dd4dd,d55c3468,c3826e70,20260821,20260905,0
18V749,752068b3,f4cab5db,4cd847b9,20260821,20260905,0
18V764,033a0267,eeae955c,eaa40123,20260821,20260905,0
18V765,5564cef6,e3686a34,c2fe9618,20260821,20260905,0
18V774,42f8b875,bda23192,277d78ff,20260821,20260905,0
18V776,80be67cc,77e0ffed,39b8ad3e,20260821,20260905,0
18E102,3f103144,0dd4cce3,129bf5b6,20260821,20260905,0
18V790,8737bab9,a87ffc42,258a9afb,20260821,20260905,0
18V792,51136601,050b9e7d,cd6f52a2,20260821,20260905,0
18V807,41f99fdc,703dc06b,a51e04b7,20260821,20260905,0
18V802,05b208a2,0dd4cce3,b4eff558,20260821,20260905,0
18V803,661bdd57,d4e220f8,3ed342e3,20260821,20260905,0
18V809,95396ecf,426a106e,9d46dc95,20260821,20260905,0
18V815,6fb604e9,4236c7e4,fcec0ee1,20260821,20260905,0
18T016,d658de6b,fa07c2ca,d4deda9c,20260821,20260905,0
18V844,0b28f7c6,9930f21d,ffdfcada,20260821,20260905,0
18V841,68154226,f0aaa27a,baf03446,20260821,20260905,0
18V842,9c2902d1,630e0c46,99a31d35,20260821,20260905,0
18V845,fa4b2b67,d252bc0f,db17d3e3,20260821,20260905,0
18V849,f53bda2b,dfc446a1,d36cb836,20260821,20260905,0
18V851,244bb060,c3b2f4b8,8ea3e188,20260821,20260905,0
18E110,8b58b7c5,54e899ca,b723afc7,20260821,20260905,0
18V852,e016296c,241c63a7,e42a4eb3,20260821,20260905,0
18V857,2e485135,c3b2f4b8,56b94576,20260821,20260905,0
18V862,1b18e5ab,43d4e541,a4b6c8a3,20260821,20260905,0
18V863,163b4587,0a75a3a5,fa926aef,20260821,20260905,0
18V864,578560da,0a75a3a5,c044e12c,20260821,20260905,0
18V872,11a74f56,8f66ef67,7ce21021,20260821,20260905,0
18V878,2ab4f018,8cc8cb50,38d7eeb9,20260821,20260905,0
18V882,2399819a,3b05703b,9ebb1e67,20260821,20260905,0
18V888,d03ce2b2,eb85f8a0,54726eb4,20260821,20260905,0
18E115,c9f974ae,292abc64,a24a1490,20260821,20260905,0
18V890,912ec720,5fe58120,0df58b59,20260821,20260905,0
18V896,e2cf9c0e,6660a3c5,7d8d53d5,20260821,20260905,0
18V900,34a4d98b,2bc103cd,aaefba0e,20260821,20260905,0
18V901,8641a723,e2bcd5ff,e11dd945,20260821,20260905,0
18E002,4d638aa6,e19b32de,0fc990ad,20260821,20260905,0
18V001,c8543bee,502b183d,6129fd18,20260821,20260905,0
18V007,6f7fc4c8,e19b32de,599073e4,20260821,20260905,0
18V020,7477c3b3,60087c28,5271556b,20260821,20260905,0
18V030,3b404d70,e19b32de,6cbaa43e,20260821,20260905,0
18V039,1d27556b,ee701897,21ca9213,20260821,20260905,0
18V041,00744e11,e19b32de,3997f511,20260821,20260905,0
18V052,ece7469b,2f147f2d,39d6811a,20260821,20260905,0
18V054,db23c752,5e927d9a,c0e29e02,20260821,20260905,0
18V057,123a320c,98de535a,ed13a8ce,20260821,20260905,0
18V068,1d887a55,eb08fc3b,ec3eedfb,20260821,20260905,0
18V058,b5fa7c98,8a900804,0f3741f8,20260821,20260905,0
18V059,43b75e9d,01c65854,9a5b2cfa,20260821,20260905,0
18V062,d23cc3db,ab176dcd,4f05b5c3,20260821,20260905,0
18V074,35afcc46,dc29db04,f80c0173,20260821,20260905,0
18T001,8d5c715f,fa655442,780a1767,20260821,20260905,0
18V079,a02c4a31,ccc2ec78,cbf1f3d0,20260821,20260905,0
18V082,34bc77d5,94ccf42b,d240b202,20260821,20260905,0
18V084,c81586e9,b9a2531f,b9d09091,20260821,20260905,0
18V394,2e7102c9,8abb8dc0,b6379b23,20260821,20260905,0
18V098,d41efc50,df964010,0e978498,20260821,20260905,0
18V101,973265b8,38151168,bd979153,20260821,20260905,0
18V102,71dc5e41,049084c3,9949a472,20260821,20260905,0
18V133,89d5af64,255cd8f9,957d3b61,20260821,20260905,0
18V103,2874704d,ed59898b,a9d09261,20260821,20260905,0
18V105,2f3fa191,362ef31a,907141a0,20260821,20260905,0
18V108,23c4ead0,e4a72a96,7236c64e,20260821,20260905,0
18V125,ca496310,f73ceb3b,14b4c8ec,20260821,20260905,0
18V130,5c984060,cfe30b4a,dd97daf2,20260821,20260905,0
18E011,0791baee,339f99a3,477244d1,20260821,20260905,0
18V147,ec8949f6,e3d759f6,83d705dd,20260821,20260905,0
18V153,9d54c182,37d3017e,8be969ff,20260821,20260905,0
18E013,0383276a,9d82920c,acac1d2e,20260821,20260905,0
18E015,ff1f1aa2,5673f003,fd7d85f5,20260821,20260905,0
18V163,afb8523f,c2983ece,0f4e0bab,20260821,20260905,0
18V164,833424c0,b82f8d14,14749aa2,20260821,20260905,0
18V166,da85a987,2ecc5f9d,49191ee2,20260821,20260905,0
18V173,bcfb6fbc,39098d88,3fc4a36d,20260821,20260905,0
18V179,7dba32fd,c2983ece,a78cf978,20260821,20260905,0
18V182,c764ab0a,288a763c,882479ef,20260821,20260905,0
18V255,aadd9340,31b8fe86,ebefdc71,20260821,20260905,0
18V188,c21d91e2,4d15bca5,e92ec8c4,20260821,20260905,0
18V191,16329373,344bd626,a94f89e8,20260821,20260905,0
18V194,55eb49b2,6dbc0ece,8017745e,20260821,20260905,0
18V204,6b90d056,6fedc517,9900540c,20260821,20260905,0
18V207,c347d36d,af91b68f,27069c55,20260821,20260905,0
18E021,a8102fe0,db489e7b,c6f9b79f,20260821,20260905,0
18V214,af8a7291,1b7d99b9,1a235564,20260821,20260905,0
18E018,9d68a635,e5e67ee0,d393a9f8,20260821,20260905,0
18V233,94aee229,038b4a93,14a950a5,20260821,20260905,0
18E023,0885636f,5673f003,b0b7fb30,20260821,20260905,0
18V229,ecab56d8,222601eb,5a70d130,20260821,20260905,0
18V236,51f1d66d,6723e7e4,fdabd8cb,20260821,20260905,0
18V242,3030560f,12213a4b,f9339f1f,20260821,20260905,0
18V243,912ffa3f,b9574483,35db7892,20260821,20260905,0
18V244,8ec4f822,5563c7f0,1717ebb3,20260821,20260905,0
18V249,1c2ff0e3,b087200a,f8855394,20260821,20260905,0
18V252,d4030813,da3c0170,04fe11f8,20260821,20260905,0
18E024,3d3434b2,f87f70c0,6c0667f5,20260821,20260905,0
18V256,8bb8748e,cef3d6a8,493f8c8d,20260821,20260905,0
18V261,37cb8c68,773c092a,c4668b22,20260821,20260905,0
18V262,14d1d6ef,3d6af9f9,7e7d2257,20260821,20260905,0
18V265,b462574d,1a99bfbb,c7fe6ca3,20260821,20260905,0
18V266,ef833321,81a4afce,d15a22cd,20260821,20260905,0
18E025,75cced41,8bb7a31e,c2685521,20260821,20260905,0
18V272,6f31b94f,f76840fa,271515a9,20260821,20260905,0
18V276,0158083d,6850e833,fc07ac88,20260821,20260905,0
18V282,a6f7d2f7,6b36ff24,3ca4a9bf,20260821,20260905,0
18V283,2f661e6a,3eb26bcd,34523077,20260821,20260905,0
18E030,b9fa3eee,f3f89255,7a7879f9,20260821,20260905,0
18V296,c137c512,b102f331,e6a600c8,20260821,20260905,0
18V299,d97ac743,8bb7a31e,a9d29bba,20260821,20260905,0
18V300,be42d52b,956f8ca2,7ff774a9,20260821,20260905,0
18E031,2a3da5ba,87412f47,6b62e96f,20260821,20260905,0
18V303,d6d48524,e8fb9a9c,1aa4a6cd,20260821,20260905,0
18V305,09185c6e,21699ec7,e0405b05,20260821,20260905,0
18V748,e0b946e1,0675bd2a,65921ec3,20260821,20260905,0
18V308,5c598caf,a7c05805,f6380705,20260821,20260905,0
18V309,190192a5,dc0a15b3,e9e32d82,20260821,20260905,0
18V316,77ebce96,25d514a2,3d0a313c,20260821,20260905,0
18V318,d65b2ebf,74ad8976,93cd4f51,20260821,20260905,0
18V321,1515ad42,448ed89d,145af4e8,20260821,20260905,0
18V326,f71942bb,518013ae,4682bf7c,20260821,20260905,0
18V329,ac2f14a2,3a7a7711,168ade54,20260821,20260905,0
18V339,09abefb3,d7e234bd,7dcccf4b,20260821,20260905,0
18V342,afde7283,c086fa34,866c4455,20260821,20260905,0
18E036,1b6212d0,4a68e97e,2f4084cb,20260821,20260905,0
18V358,9b8577eb,65c9a3c5,4504fbb2,20260821,20260905,0
18V362,53f4545c,b9633ad6,b4676d3e,20260821,20260905,0
18V367,5636be3c,92ad1fb1,4ee1cdee,20260821,20260905,0
18V368,edc1d515,b9285de5,82d7db13,20260821,20260905,0
18V369,84ef1794,74241f1c,481c978a,20260821,20260905,0
18E041,61de92a6,46555d5f,afc44b0f,20260821,20260905,0
18V424,b4c1ec11,ab35fb83,ea07ceb0,20260821,20260905,0
18V408,57e56886,4415c0f5,79ee7bcd,20260821,20260905,0
18V375,ab744308,04d7734e,c8793d55,20260821,20260905,0
18V378,238fb35a,14e15db1,57f166d7,20260821,20260905,0
18V380,faa20e00,1751a39c,65c7120d,20260821,20260905,0
18E039,957923b3,92a5aad8,591b8969,20260821,20260905,0
18V405,e38c2ffe,a58a6869,e338e3c3,20260821,20260905,0
18V406,7cd72894,fa335b37,7d06080c,20260821,20260905,0
18E040,37c2c2c6,f6e0d680,c9f6c6ee,20260821,20260905,0
18V410,73b6cec6,4af6ec87,a5174b03,20260821,20260905,0
18V414,7e9de2ab,b39fd5cd,9fb761cd,20260821,20260905,0
18V421,af5e4f4a,3e637aa6,8b1af941,20260821,20260905,0
18V427,2a47cc37,e19b32de,3a957fe3,20260821,20260905,0
18V431,ad936b03,12266aec,5bf7c48a,20260821,20260905,0
18V435,cf147c42,23ecb97c,4230aa5e,20260821,20260905,0
18V436,88ec101b,e20e9c5e,8556942e,20260821,20260905,0
18V437,9564f721,9e9f2d60,c15c89a5,20260821,20260905,0
18V441,f4116f4a,c97ca874,fd155246,20260821,20260905,0
18V484,2fa0a876,08aa9c39,e8b9fdd2,20260821,20260905,0
18E059,d7468db2,68436c77,8642346f,20260821,20260905,0
18V487,5b1c7cf7,c99aaef0,85954a4d,20260821,20260905,0
18E060,abd285a8,e02ef068,12872eb2,20260821,20260905,0
18E061,7dcf8d04,ba17fff7,b2ef8e8a,20260821,20260905,0
18E068,0121f354,c24ea342,0d9697b7,20260821,20260905,0
18V504,7b91563c,56739bc6,308566aa,20260821,20260905,0
18V512,0af8025b,368d3e44,550d1ae4,20260821,20260905,0
18V524,e7c4cc21,af7e74d8,d89a6e2f,20260821,20260905,0
18V525,d0086765,61c7a0d2,7df1a343,20260821,20260905,0
18V536,37810a8e,4535fb98,f264a7e1,20260821,20260905,0
18V539,ee1f095e,97113b6c,bd0ed4a3,20260821,20260905,0
18V541,d7738d7f,61c44169,fce5ca31,20260821,20260905,0
18V543,21d80519,68436c77,eaf674a4,20260821,20260905,0
18E085,e1f28fd2,5c091545,c22a7de7,20260821,20260905,0
18V551,c6474b30,83abb0cf,4cdcd5cf,20260821,20260905,0
18V553,2716004c,0624b394,1d22a1ae,20260821,20260905,0
18V555,f730d609,4beb4080,e66d82b4,20260821,20260905,0
18V942,228d7d78,dbd44c0b,e1d92d69,20260821,20260905,0
18V943,4d018129,e5770603,79aa636b,20260821,20260905,0
18V946,8cb34539,6fae7d3b,626dec1e,20260821,20260905,0
18V557,16b659cb,31dd545d,e567d4b0,20260821,20260905,0
18V561,ccf72933,a9002a09,c07e83bb,20260821,20260905,0
18V569,d4cebb9f,bac9d421,a8b38ff1,20260821,20260905,0
18V574,055dd0d6,177ce4c6,2e2bb226,20260821,20260905,0
18V580,3a4f88dc,949387d9,6ef51ce7,20260821,20260905,0
18V582,dc4c9801,d51b5ed7,d47ca6c6,20260821,20260905,0
18V589,462a4279,ca88156e,005d1ed5,20260821,20260905,0
18V591,524c1138,75f69e1f,b7c77556,20260821,20260905,0
18V598,08f6837b,4ea804eb,e2812f5e,20260821,20260905,0
18V599,21fea0c5,d3438d17,058c81de,20260821,20260905,0
18V600,988bf44e,703dc06b,bb1f54fb,20260821,20260905,0
18V602,9dbb6b06,5fe58120,04a3c725,20260821,20260905,0
18V601,25d2f2ec,9cddeaaf,8bf832a6,20260821,20260905,0
18T012,68d6d242,f0b633b8,5381986b,20260821,20260905,0
18V444,2dcd44a4,db441b62,1565d2fb,20260821,20260905,0
18V451,78d53cda,12c2f201,93e68f55,20260821,20260905,0
18E069,72197316,891db7ba,d8d1128b,20260821,20260905,0
18E052,37f24366,92a5aad8,a88b59a8,20260821,20260905,0
18V457,84741c79,c3659d71,35823ad9,20260821,20260905,0
18V460,98ab00b4,6e140a62,ccf583b2,20260821,20260905,0
18V463,484b435c,6e3d59d2,1d1944e0,20260821,20260905,0
18E053,8256f179,957ab71c,2ea77dea,20260821,20260905,0
18E054,e26c1c60,bdcfe178,c2e5843e,20260821,20260905,0
18E055,da51611b,4f56ad2d,bd102e39,20260821,20260905,0
18V473,70f6020c,ec04a13e,e5e1c7f8,20260821,20260905,0
18V481,b776d68a,6867f0e9,d6d3f0c2,20260821,20260905,0
18V483,bc9b7428,e1f882b2,ad866357,20260821,20260905,0
18V486,175c7838,faa3790c,04494ed6,20260821,20260905,0
18E058,258df918,bfb58117,321b7350,20260821,20260905,0
18V489,55db8710,90946a56,6cff91c2,20260821,20260905,0
18E073,02b762c3,8ce4f51e,ca1f956a,20260821,20260905,0
18V490,4b32656e,af4a65a3,09b00586,20260821,20260905,0
18V493,4567a28c,e93dfe37,75d42063,20260821,20260905,0
18V496,9535e9e0,44706fd0,b791fb51,20260821,20260905,0
18E064,d5fd9824,22b9c63f,cf444cad,20260821,20260905,0
18V503,edd04961,58ae885c,c6635a57,20260821,20260905,0
18V508,a0aa4af6,137bab06,7554aa89,20260821,20260905,0
18V530,6e493676,39628dd5,13701d94,20260821,20260905,0
18V507,c25b7a4b,93025e20,2daecd14,20260821,20260905,0
18V513,7cdd32a1,7740be97,6f627b45,20260821,20260905,0
18V514,7432dfdf,cabcdb5d,b9977239,20260821,20260905,0
18V519,b110929e,f6ee51d6,cc722534,20260821,20260905,0
18V521,4835b258,ec0250c7,38caa415,20260821,20260905,0
18V523,67ed670b,74241f1c,ac02d95f,20260821,20260905,0
18V526,f75da36f,39628dd5,57204399,20260821,20260905,0
18E081,ce2cacb8,1d314a53,461d285f,20260821,20260905,0
18V528,e634e5dc,dd72036b,5c92519b,20260821,20260905,0
18V529,230f4718,e933506b,40fceb74,20260821,20260905,0
18V531,680d9f60,c7eb54da,36a9de95,20260821,20260905,0
18V532,6ae52b55,9d82920c,49aa7c9a,20260821,20260905,0
18V533,86594960,87dc05fa,eb50e2e3,20260821,20260905,0
18V538,bb260196,3460e3e7,d901309d,20260821,20260905,0
18V547,872f7299,8942688c,7815b1e8,20260821,20260905,0
18V548,009c66fd,344bd626,02889d0d,20260821,20260905,0
18V550,97eb85f6,0445eaae,fc8f9e40,20260821,20260905,0
18V937,fafb2390,a0ae3992,d4a603a0,20260821,20260905,0
18V938,248a544a,b560ef1a,6cae11ff,20260821,20260905,0
18V940,6f36dfa1,4f56ad2d,065d3b2b,20260821,20260905,0
18V558,1f5fc1a6,9a279930,eedcd66b,20260821,20260905,0
18V568,4bbd61e6,3e841d98,4c8a97a3,20260821,20260905,0
18V573,a8760122,177ce4c6,fe9bccc0,20260821,20260905,0
18V583,4f34c590,177ce4c6,23e9ff56,20260821,20260905,0
18V586,9bf68547,c050009a,9be07ccc,20260821,20260905,0
18V633,95fab02d,6c2dc693,a65647df,20260821,20260905,0
18V592,fe7e6fe4,d3695f2c,269ec520,20260821,20260905,0
18V605,0f504f2e,5fe58120,a13f6ce5,20260821,20260905,0
18V585,c8b7f12f,2ab79d9f,d7763567,20260821,20260905,0
18V588,0451b833,f193b455,4a4fe7c7,20260821,20260905,0
18V718,ae816473,2961efd1,60a7cb4c,20260821,20260905,0
18V590,efee9e2b,873c3c52,d41026b6,20260821,20260905,0
18E088,98644d46,c3ce3090,fe9da8bb,20260821,20260905,0
18V603,ce868b34,177ce4c6,d5933dfd,20260821,20260905,0
18V610,6cf69fd6,6b2e959e,b889f1a2,20260821,20260905,0
18E089,00303044,6bf8ee9f,50a0b9ca,20260821,20260905,0
18V611,f176ded1,177ce4c6,ae1185a6,20260821,20260905,0
18V612,4d65b22d,fbbe0e6e,c484de9d,20260821,20260905,0
18V617,5b2f0171,adb63438,d3573509,20260821,20260905,0
18V631,61f31e16,aea0a137,09564e2e,20260821,20260905,0
18V635,b4e60677,e7bc1022,25c19b61,20260821,20260905,0
18V637,33e874bd,21612ea6,6b7f035d,20260821,20260905,0
18E091,94980636,5a106f2d,f5f4d5f6,20260821,20260905,0
18V653,00210ebf,af7e74d8,b6058c6e,20260821,20260905,0
18V655,46a35b68,0f93cb84,f759236c,20260821,20260905,0
18V657,c87b5c47,f193b455,d2ecc8fe,20260821,20260905,0
18V658,f1e1bab2,5351704c,a98f4e35,20260821,20260905,0
18V660,91020979,d6b2da5c,5f04904b,20260821,20260905,0
18V665,45117294,5c091545,a58e74dc,20260821,20260905,0
18V666,330eaa3c,35c4d583,1cec9d44,20260821,20260905,0
18V670,a32acf4d,5c091545,105e6848,20260821,20260905,0
18V674,9603c426,b9a2531f,a9568dfe,20260821,20260905,0
18V683,a4d924c1,b8307b69,41653669,20260821,20260905,0
18V687,f3ee4445,398a69d1,4443f79e,20260821,20260905,0
18V688,bbb59787,74d56799,12b71f68,20260821,20260905,0
18V689,0cb74472,236b21f1,090e54e0,20260821,20260905,0
18V695,2df10bfb,89b7206c,a51accfb,20260821,20260905,0
18V697,561dab42,9ce27125,85c7c161,20260821,20260905,0
18V699,d97b275e,88ada9fe,09071993,20260821,20260905,0
18V709,7403d857,653dc007,0c003d1f,20260821,20260905,0
18V711,831022ca,077cefb1,4572457a,20260821,20260905,0
18V714,988c81d2,14251ffc,90fe4b96,20260821,20260905,0
18V717,05c3438b,e19b32de,78c554d7,20260821,20260905,0
18V721,d34f9722,d9b9739a,38e46e1c,20260821,20260905,0
18V724,c52edb79,ca043cf0,91ff572b,20260821,20260905,0
18V735,2346e26f,d583bb03,0753c5fc,20260821,20260905,0
18V745,75bcae9c,54820fc8,07138add,20260821,20260905,0
18V746,a3441fd7,f4cab5db,639766a7,20260821,20260905,0
18V736,ba82be36,13fb23bc,fad3e16c,20260821,20260905,0
18V753,69f241b0,2bc103cd,21fc9519,20260821,20260905,0
18V756,2cfce182,5fe58120,59a7cf8e,20260821,20260905,0
18V758,29b50133,08c6b67d,3e6e4a46,20260821,20260905,0
18V760,defe3472,120d0339,a83d6d82,20260821,20260905,0
18V761,29d1bd5e,b9a2531f,76ec042a,20260821,20260905,0
18V778,019c3e6a,2eb1963d,bbe42ec2,20260821,20260905,0
18V763,56238832,d51b5ed7,00aa7239,20260821,20260905,0
18V767,6b2071a4,ac11d3ca,0d3c3ffc,20260821,20260905,0
18V773,312e9019,e79942ca,d4584932,20260821,20260905,0
18V775,293c51a5,7a0e1405,a6e5f507,20260821,20260905,0
18V777,6518f6ab,b561268b,06057fe9,20260821,20260905,0
18V783,7fb36372,5ad7d1b5,56d36048,20260821,20260905,0
18E100,26d1dbb9,c3b2f4b8,299380b3,20260821,20260905,0
18V789,6c63000c,74bd5230,ece3f3d8,20260821,20260905,0
18V793,e23647dd,a8eb6846,9a2045ae,20260821,20260905,0
18V795,aaad092b,d6e8997a,aca0400d,20260821,20260905,0
18E104,6382337b,92a5aad8,edb0e6ba,20260821,20260905,0
18V801,1d509f4b,2c28f1d7,217f8693,20260821,20260905,0
18V796,e319f6b2,6409ea27,c73fbf7d,20260821,20260905,0
18V800,9e743c7a,e767db85,9b538964,20260821,20260905,0
18V167,a48131c8,1f310926,86c5573e,20260821,20260905,0
18V805,f6edbc8c,10b3bdf2,4c8b20f3,20260821,20260905,0
18V806,418b10ac,07dd1149,cbbaf29b,20260821,20260905,0
18V808,54ae56a0,77ed13a7,8374adfc,20260821,20260905,0
18V811,06bd5c84,6ae3e5ec,d3229c47,20260821,20260905,0
18V817,30b90e3b,7d272067,840b3201,20260821,20260905,0
18V820,3503a0f5,c3b2f4b8,75a2c481,20260821,20260905,0
18V824,05912f95,dd29b3ed,075c5213,20260821,20260905,0
18V826,1f565e0a,0dd4cce3,49992884,20260821,20260905,0
18V833,ce65499c,51078da2,83f9df34,20260821,20260905,0
18V837,40ee5928,703dc06b,ebe47ff3,20260821,20260905,0
18V836,791416c9,a6694d91,114f7697,20260821,20260905,0
18V839,5c23d5cd,fc67036d,44e44069,20260821,20260905,0
18E107,6bb40824,acf2704d,6e0da54b,20260821,20260905,0
18E109,2f8cbbac,227c6670,d356077d,20260821,20260905,0
18V847,c338f769,d8e9677b,8d517a19,20260821,20260905,0
18V850,d6a4e201,9c72b3b6,af85dda9,20260821,20260905,0
18V854,89b4cc22,577d7db5,31f1d1a5,20260821,20260905,0
18V858,7744659c,5700fd1d,c57300a8,20260821,20260905,0
18V860,455ccd97,6768db88,01f0c12b,20260821,20260905,0
18V011,d462b821,e19b32de,0ab2c9fb,20260821,20260905,0
18V866,d2c90ca0,423c000d,9161dc0a,20260821,20260905,0
18V873,3b24be6b,5fe58120,7277bec2,20260821,20260905,0
18V876,d44cbe3f,5083e4cf,59f8251d,20260821,20260905,0
18E113,093cf4c3,3b05703b,ba9958a2,20260821,20260905,0
18E117,c3e0e8c5,b735ba7a,0cca9632,20260821,20260905,0
18V892,35f4f748,e6dd3855,4cceb598,20260821,20260905,0
18V894,3980df3e,b37d5f1d,78c81c75,20260821,20260905,0
18V895,bda918b4,e067779d,7907c6fa,20260821,20260905,0
18V899,a192b37c,107fd926,028e8367,20260821,20260905,0
18V902,95511cdd,a7964121,15310f2c,20260821,20260905,0
18V910,6c4d0fa3,9ea5a7f7,93028d37,20260821,20260905,0
18V914,b2e880fd,58029df3,b3d33ae6,20260821,20260905,0
18V127,06398da7,68b656a5,c3cfe2b7,20260821,20260905,0
18V926,1837736d,6409ea27,3f4fb974,20260821,20260905,0
18V931,dc122a99,c508314e,c9e05e46,20260821,20260905,0
18V932,bba8d27d,295a152a,cd7e6076,20260821,20260905,0
18V364,1d19f891,b9633ad6,4f7d72b6,20260821,20260905,0
18V004,04fb65b5,e19b32de,893ed717,20260821,20260905,0
18V006,1e53a5ab,91d1c4e8,dca52c55,20260821,20260905,0
18V008,0a8966db,b81515aa,2b8bdadd,20260821,20260905,0
18V010,4a9b4e00,e19b32de,f246ca28,20260821,20260905,0
18V033,cb76ad05,e5e67ee0,4583da32,20260821,20260905,0
18V013,fe3efac0,cfc3ab4d,1341bd56,20260821,20260905,0
18V048,57711167,a6395dab,105efd96,20260821,20260905,0
18V016,4d3967a5,e19b32de,b95ccebd,20260821,20260905,0
18V022,b72fb85b,ee701897,be52ca98,20260821,20260905,0
18V050,589d73e7,71727fb9,65eb1884,20260821,20260905,0
18V060,4cf0133e,a7a67d49,75ad4f70,20260821,20260905,0
18V064,2c82b172,9fb1a85e,48dd24c5,20260821,20260905,0
18V065,71a819f7,0a063f63,cfbc1f8f,20260821,20260905,0
18V070,a53bd52f,c50cbeb0,495269aa,20260821,20260905,0
18V087,33474633,13c5047e,38535e44,20260821,20260905,0
18V078,31ecdd9d,19a1fd63,d2016b3f,20260821,20260905,0
18V081,d4dc0abf,ec2178e7,e0677767,20260821,20260905,0
18V086,30219516,289b5639,92f17bd1,20260821,20260905,0
18V089,d1946af9,f99d3324,d3d32d46,20260821,20260905,0
18V090,ecedf122,13c5047e,fdcd15b9,20260821,20260905,0
18E009,be7b1f21,83b3e705,b1708353,20260821,20260905,0
18V099,81401cb0,5038e9e6,0871db94,20260821,20260905,0
18V100,589766b3,e5f54a08,d495cb64,20260821,20260905,0
18V110,8e0ee520,91ee8308,2f404726,20260821,20260905,0
18V109,03be1709,01c65854,bcef4fc3,20260821,20260905,0
18V112,92347f7f,d0040667,c4e475fc,20260821,20260905,0
18V114,95cf0a12,0f284f06,efd2e41c,20260821,20260905,0
18V120,b15cba14,cd21be55,0ce858ac,20260821,20260905,0
18V122,c135b07c,212ea0b6,073e8b58,20260821,20260905,0
18V123,c0b2925d,e465ea3f,adf32ee6,20260821,20260905,0
18V129,867b20c2,96503a93,5cacf9aa,20260821,20260905,0
18V131,879b130e,b9a2531f,cb6de60e,20260821,20260905,0
18V143,9238d1a5,d655701a,a35135a9,20260821,20260905,0
18V145,02e624f1,4a37ceb0,d06b7c2d,20260821,20260905,0
18V152,7c721248,c759542d,18089cbb,20260821,20260905,0
18V161,4186b86f,2ecc5f9d,92d86d9b,20260821,20260905,0
18V168,fbb4c481,a7a67d49,b9ede769,20260821,20260905,0
18V170,669d6757,4f39f99e,601dc304,20260821,20260905,0
18V175,8a09b30b,b9a2531f,7c7c01f8,20260821,20260905,0
18V176,1f37abcc,197b49c8,770bf32d,20260821,20260905,0
18V177,70fd5e48,b8307b69,58486145,20260821,20260905,0
18V180,bfe05135,7b717984,131e2245,20260821,20260905,0
18V181,d38cb7fb,c2983ece,525810ac,20260821,20260905,0
18V185,8e05225d,b102f331,67bdb107,20260821,20260905,0
18V187,20f2d3ea,0b1d8ec9,08ddb7d7,20260821,20260905,0
18V199,cef0e4c9,f51790df,c3962978,20260821,20260905,0
18V201,3079f17f,681f612d,a1fad01d,20260821,20260905,0
18V202,99238c46,c697d7ed,bb40dfb6,20260821,20260905,0
18E026,dc460910,e283e033,68cf0a58,20260821,20260905,0
18V205,f8a38e8d,f9fa0141,56dcbff9,20260821,20260905,0
18V208,16ea1e82,a9be04dd,77358a13,20260821,20260905,0
18V215,f698e6b7,0624b394,0773c3b6,20260821,20260905,0
18V218,36ce747b,cd75edca,341d8d8c,20260821,20260905,0
18E020,a7850450,4a68e97e,8dc4306b,20260821,20260905,0
18V220,718e0a33,70a8047a,8e5cd5a0,20260821,20260905,0
18V228,ecce3282,cffce309,dd00f454,20260821,20260905,0
18V231,785aecd7,2a436116,856e54ab,20260821,20260905,0
18V234,37dfb1d0,b7e229df,7c3fe622,20260821,20260905,0
18V235,e75877ff,c185136e,776fa1df,20260821,20260905,0
18V238,c5d0b14e,5ed5ef6f,d192fd6f,20260821,20260905,0
18V240,fbc907b4,2bc103cd,d51568a9,20260821,20260905,0
18V253,5a8beaeb,5673f003,cc3ad054,20260821,20260905,0
18V346,5e58ffd7,0624b394,f0bee9d9,20260821,20260905,0
18V762,1a89f89d,60214a10,1942b2ea,20260821,20260905,0
18V259,6663d388,94c91e6d,24638687,20260821,20260905,0
18V260,18f161af,0624b394,2d7a4b37,20260821,20260905,0
18V263,4e7ecccf,84a40f47,b9f43ae8,20260821,20260905,0
18V267,83a64e8f,a7a67d49,ccc8a6fb,20260821,20260905,0
18V277,1e392927,1f05f6f5,f0cea011,20260821,20260905,0
18V269,37b28031,1b7d99b9,c1bad662,20260821,20260905,0
18V278,257bed08,920a34be,1af91e31,20260821,20260905,0
18V280,3db848e2,d372bfcf,768c2c36,20260821,20260905,0
18V284,32a7fcb9,703dc06b,d5017152,20260821,20260905,0
18V304,ad97d1a1,bc39ae9d,22c779fd,20260821,20260905,0
18V315,b658ba7c,25d514a2,6b37ee17,20260821,20260905,0
18V317,c80d2cea,8fc2d203,e9610f5c,20260821,20260905,0
18V320,482fb016,9a791414,a4ece4bc,20260821,20260905,0
18V324,05e96b25,ab0f41c7,fb62bb43,20260821,20260905,0
18V325,b9f30c18,c0d96983,61147da8,20260821,20260905,0
18V340,a385dfe3,36e24467,6a6f5702,20260821,20260905,0
18V344,00662383,c2215611,3dd019b5,20260821,20260905,0
18V347,0faf167c,01ba7cd3,8464ed7d,20260821,20260905,0
18V352,29ffac78,5265931c,d947f75a,20260821,20260905,0
18V355,933b93bd,df8e9ad6,2c387b79,20260821,20260905,0
18V357,21b82490,7fed8bdf,abb63b07,20260821,20260905,0
18V359,0aa4a0f2,9df3a5b7,50e26a0b,20260821,20260905,0
18V360,835640aa,79a45359,2bfb7f0d,20260821,20260905,0
18V370,d377edb1,54bc609d,8b15c795,20260821,20260905,0
18T008,65af6501,f0b633b8,252d0955,20260821,20260905,0
18V407,04b79563,d6949d61,89edd96a,20260821,20260905,0
18V379,bde9057c,d2413814,b898baa0,20260821,20260905,0
18V381,e447c47d,4d15bca5,df64bbc7,20260821,20260905,0
18V393,69dac975,ee35e6aa,8e8d4503,20260821,20260905,0
18V383,cdbba98b,6b1e0c09,d813cd68,20260821,20260905,0
18V386,4a7e7d38,8d132967,1238e5b8,20260821,20260905,0
18V395,ff7a8034,3bf6d7a2,5ebd0ffb,20260821,20260905,0
18V398,17d80bf9,adfe8f87,787c18ed,20260821,20260905,0
18V403,7270649b,e19b32de,8c5ca2a4,20260821,20260905,0
18V412,e6aad850,038bb1b4,221ac7b9,20260821,20260905,0
18V418,c1e658b6,e34db678,c90f6701,20260821,20260905,0
18V420,f65ded36,02df1726,77471f77,20260821,20260905,0
18E044,95278295,177ce4c6,3dc55148,20260821,20260905,0
18V422,36998a3d,560b428b,a31a358e,20260821,20260905,0
18T009,93e4aaea,c3194962,2dc5bcb1,20260821,20260905,0
18V426,f378fc8a,0c73e6b8,3fb9c1e3,20260821,20260905,0
18V430,c3212c95,703dc06b,c131b9d2,20260821,20260905,0
18V438,d3450e54,08f3bab1,e7131586,20260821,20260905,0
18V439,1821e9f2,051000bd,b7af85ab,20260821,20260905,0
18V446,fabb9a84,1d4b9461,387a8b97,20260821,20260905,0
18V449,5bac7616,2e1e84e5,b4196c95,20260821,20260905,0
18V450,65d3e390,12c2f201,c033001a,20260821,20260905,0
18V458,c6294fb2,a79f9b0a,c884907e,20260821,20260905,0
18V461,064e9c90,4d3098c6,1c2bc43d,20260821,20260905,0
18V462,e7f63b17,c2226da6,7444f108,20260821,20260905,0
18V464,e265e01b,522dfd42,ddce8722,20260821,20260905,0
18V469,93832c41,050ec1f8,db8d41f5,20260821,20260905,0
18V472,92806d37,5c8baa75,0bd23485,20260821,20260905,0
18V466,13126554,c2f85af1,44fc4a28,20260821,20260905,0
18V468,e69f19aa,06ff247c,7f4cccea,20260821,20260905,0
18E056,8c8a8e7f,5c8baa75,606cc2a3,20260821,20260905,0
18V478,c4485a72,f0b633b8,539bd9c4,20260821,20260905,0
18V479,1c8eac3a,d5568308,b851d87e,20260821,20260905,0
18V480,865793fe,a0faf000,ecd39f47,20260821,20260905,0
19V193,63af485d,1c74e106,fe9e67e2,20260821,20260905,0
19V194,f8a542c3,3ef3318e,10d9a82c,20260821,20260905,0
19V197,e3b3d8d3,2dd32327,9323eb8c,20260821,20260905,0
19V201,27e0d677,1599361a,b030ca4a,20260821,20260905,0
19V206,65f969cc,9b607721,856d80a8,20260821,20260905,0
19V207,db355aa7,9ab6d583,09b790d0,20260821,20260905,0
19V218,4dcad553,de50cc47,77fa5475,20260821,20260905,0
19V176,c299beda,e530a342,5d0218d5,20260821,20260905,0
19V178,a1d00fce,6c384371,3343abc6,20260821,20260905,0
19E023,51e17256,62bc75dd,f2482a91,20260821,20260905,0
19V191,4d7665b1,85cbf1f1,ac8435a9,20260821,20260905,0
19V912,ff1b268d,83caed6b,c47fa0d3,20260821,20260905,0
19V222,fe9f2916,55a01780,cda5d37a,20260821,20260905,0
19V236,a5a5774f,5fe58120,087a1e18,20260821,20260905,0
19V238,9912948a,6409ea27,8599d45e,20260821,20260905,0
19V610,4b21870a,f4e925b0,574f1542,20260821,20260905,0
19V244,b85a6dc9,bbbee62e,b65bfcf1,20260821,20260905,0
19V257,f7ba4991,983628a1,e763c2b6,20260821,20260905,0
19V791,a5b22b1d,eb08fc3b,486a1b0a,20260821,20260905,0
19V246,af261863,de510cc0,d9283618,20260821,20260905,0
19V248,74acc205,b76e8305,25154e6e,20260821,20260905,0
19V267,a4b141a8,622a74f5,4b66a353,20260821,20260905,0
19V497,522ec52e,ec66e10b,e263fa6d,20260821,20260905,0
19V416,c43babaf,eefeb663,acfa5b27,20260821,20260905,0
19V268,f381d040,5fe58120,1300b268,20260821,20260905,0
19V272,60ad7de1,67602fcf,cce43268,20260821,20260905,0
19V274,ea2e71c1,107f5372,16c23d18,20260821,20260905,0
19V280,aeca456b,5fe58120,3d30f4fd,20260821,20260905,0
19V285,cf679acf,5fe58120,2f1547f1,20260821,20260905,0
19V290,8e91c191,6fedc517,29cc635e,20260821,20260905,0
19V298,695ae624,86f29d0e,718a4e6c,20260821,20260905,0
19E028,e91c8063,c3ce3090,fb6447ad,20260821,20260905,0
19V304,bdad86c3,15fc066a,21ef4bcf,20260821,20260905,0
19V305,9e15c374,5fe58120,8f24a8d9,20260821,20260905,0
19V311,783f6baf,a5fcd9fa,4c797d45,20260821,20260905,0
19V314,8f4270e0,2823ea08,710625ac,20260821,20260905,0
19T004,74f709cf,4e11b791,ed0c8fba,20260821,20260905,0
19V318,9f34fcb4,154a3af6,5f8d03d4,20260821,20260905,0
19V331,20ffa644,c62cb052,3637e958,20260821,20260905,0
19V339,d0fe3f53,23eee4af,2e570403,20260821,20260905,0
19V340,5e4cb804,2e92ed77,5bcdb944,20260821,20260905,0
19V341,3f273d4e,7450675b,23206288,20260821,20260905,0
19V343,939f2362,47a68b89,25a9308c,20260821,20260905,0
19V619,c675770f,8828c607,1dcd48ca,20260821,20260905,0
19V315,a18af078,622f3671,770c634b,20260821,20260905,0
19E058,bea6c81d,08c3fda6,6b0a88b0,20260821,20260905,0
19V734,bf6cf7cc,2a5578de,68c34b90,20260821,20260905,0
19V738,82a21c19,682d1d4b,6e9033aa,20260821,20260905,0
19V354,8383fba2,ff3782c8,0251e145,20260821,20260905,0
19V360,d33ffbf2,0eb99270,c05b42dd,20260821,20260905,0
19E074,0e8ad26d,b9a2531f,f28d83fb,20260821,20260905,0
19V362,0860a884,ebc28c7a,dda2a271,20260821,20260905,0
19V620,58f943ec,a1e2502d,4b4cbaca,20260821,20260905,0
19E057,fdc4e7c8,82fc544e,e9c32d33,20260821,20260905,0
19V087,779eda31,703dc06b,cfafc4ca,20260821,20260905,0
19V623,6165cc42,3d6bec8f,7cb3bf65,20260821,20260905,0
19V163,29ae3c90,5fe58120,4f602783,20260821,20260905,0
19V165,14f4b952,0abae6b1,9820de3a,20260821,20260905,0
19V574,21d16f47,34850d20,abf8e739,20260821,20260905,0
19V578,20604aa0,280c7664,c79dd103,20260821,20260905,0
19V584,f9c053ed,372592b0,85521d93,20260821,20260905,0
19V588,bcc7b9ca,0d29a83c,1bfd6ea5,20260821,20260905,0
19V593,0f879ef0,e67af3ac,97f61832,20260821,20260905,0
19E054,f602ce52,d4c43e73,bc636930,20260821,20260905,0
19V604,bc290282,c450056e,996a0b11,20260821,20260905,0
19V607,d992223f,a0d76896,54c47271,20260821,20260905,0
19V647,ae8b95c8,72ebdf29,e2bd2d97,20260821,20260905,0
19E062,e0584f4b,671a3827,92292b10,20260821,20260905,0
19V653,8ca0341e,7b93fd98,015801b1,20260821,20260905,0
19V655,bc643f52,adf8863e,bc1b7692,20260821,20260905,0
19V658,34e8208c,bf48cee0,4a354272,20260821,20260905,0
19V659,e4a9b3e6,0b33140a,cfd94220,20260821,20260905,0
19V661,9366b4cd,62bc75dd,20dec81b,20260821,20260905,0
19V665,cce8d3e3,e29e514e,364d6776,20260821,20260905,0
19V666,8a0b57df,c8f2ecc2,05976da8,20260821,20260905,0
19V670,c3d2f298,d04b029c,7bbf5195,20260821,20260905,0
19V674,34be1489,d0e22fb6,9c141e03,20260821,20260905,0
19V676,eab7ac30,7d659833,5315b1f8,20260821,20260905,0
19V847,19cb4869,8a83c4cb,d31933ff,20260821,20260905,0
19V678,faf01b4a,cabbb99a,a095e32f,20260821,20260905,0
19V681,756c6770,7fa292a9,870a8ef0,20260821,20260905,0
19V684,e6cc3490,4cf425cb,71ca3871,20260821,20260905,0
19V688,023a0f7a,8ba8b208,663dcdd0,20260821,20260905,0
19V690,09b616c5,7c29d2c7,32d1533a,20260821,20260905,0
19V691,6acee3d8,72a8bf71,5e3d5c37,20260821,20260905,0
19E065,521204f6,7229a541,502a7194,20260821,20260905,0
19V702,8b8a9d4d,85f7bfae,af8b4f54,20260821,20260905,0
19V705,13feb443,6ceb4428,063fb785,20260821,20260905,0
19V708,3d28fb36,5b5d4b24,175fd210,20260821,20260905,0
19V710,8ba02b87,e986892c,4ab73ee5,20260821,20260905,0
19V714,6439e3c4,9c5a690c,c1f0a2c1,20260821,20260905,0
19V757,f31e090e,f40bca2a,65b7c165,20260821,20260905,0
19V716,e432d566,06d98e07,f09650cf,20260821,20260905,0
19V730,268037ff,4fba4b25,7e8a1559,20260821,20260905,0
19V743,5af02a89,91b7d1bd,b1deecfd,20260821,20260905,0
19V744,9ce16cb1,94b017e5,5d799995,20260821,20260905,0
19E071,715c533c,e1fbacd6,23337c97,20260821,20260905,0
19V751,ee9c3405,9d4fedf4,46c62f7b,20260821,20260905,0
19E072,cf6c04ca,227c6670,052d2a07,20260821,20260905,0
19V753,c098f95f,69090fd8,613acf0c,20260821,20260905,0
19E073,06af5d6a,9f5ce91d,22db95bc,20260821,20260905,0
19V754,ae90ccb1,8022f341,93b9a318,20260821,20260905,0
19V759,69b11357,41ebba83,e34f5e6c,20260821,20260905,0
19V763,2224d129,83ad67fc,5cd2bb47,20260821,20260905,0
19V765,18daa6c6,ccf91b6e,f77ee61d,20260821,20260905,0
19V766,72aeb86f,204af540,ad198bff,20260821,20260905,0
19V771,95fb2cdd,61e50d1c,2ba16a80,20260821,20260905,0
19V772,3d010210,5b5688b3,860f1510,20260821,20260905,0
19V778,4ce43bf3,834bbead,47aacb3a,20260821,20260905,0
19V785,a76ccfa2,cb95622e,cdf65df6,20260821,20260905,0
19V786,e4baf361,4fc4c2b0,34474ea1,20260821,20260905,0
19V789,8e573f35,735ab106,030a55dd,20260821,20260905,0
19V794,5d68ee30,77fb4020,c0235d92,20260821,20260905,0
19V802,77077e93,a096e568,d58eba13,20260821,20260905,0
19E076,934d18c1,1a987692,f14e85ba,20260821,20260905,0
19V810,ab995922,ccf91b6e,507d2a70,20260821,20260905,0
19V812,401bb387,63b307d3,a2a0365c,20260821,20260905,0
19V820,ca0a7757,2e08c80a,df951b5d,20260821,20260905,0
19V828,d525029b,d0e22fb6,593e7371,20260821,20260905,0
19V831,aa8888eb,c5950f1c,ea92c988,20260821,20260905,0
19V834,7011632e,5168eac1,ec8e6b3b,20260821,20260905,0
19V843,d7c9813a,753b7d2f,5e1f7854,20260821,20260905,0
19V845,758d35ff,a8278315,92ca1dfe,20260821,20260905,0
19V849,b8b175fc,6c5e4622,a3b55af0,20260821,20260905,0
19E081,6b944ee6,e1ddeec0,cf48f064,20260821,20260905,0
19V851,6111b9f2,26fa740b,07a6ed3e,20260821,20260905,0
19V856,c77fcb5a,94b017e5,f4d08de1,20260821,20260905,0
19V857,38d881b2,bcebe2a8,aadb8e5d,20260821,20260905,0
19E082,9f4f84af,e3c7bc86,36736b0d,20260821,20260905,0
19V864,b48f4e7d,73aa7a0b,e6dc16ad,20260821,20260905,0
19V865,09c47b65,c866119e,2302fdf4,20260821,20260905,0
19V866,d674fa4a,0bc0263e,fdcc46a9,20260821,20260905,0
19V880,3b90ea0d,3e841d98,8e85ce41,20260821,20260905,0
19V878,b2e2fbbf,03ad3f36,053fd17f,20260821,20260905,0
19V879,e884b7bf,abc56271,73cb8b6f,20260821,20260905,0
19V883,96722654,3de90ab0,39036d82,20260821,20260905,0
19V884,b873bf82,1a0d261d,65216e22,20260821,20260905,0
19V900,748dfa4b,3477cf27,e77ca29f,20260821,20260905,0
19V918,763a882d,01504b3b,55a20aa1,20260821,20260905,0
19V907,e1e2b7f5,20c21ee2,b863773c,20260821,20260905,0
19V915,8b8ef59a,e482af68,5c05c4bb,20260821,20260905,0
19V922,1b9ee121,075b4d95,cdec6793,20260821,20260905,0
19V924,76ea211c,d0a807a9,07568252,20260821,20260905,0
19V925,352d664d,0eb99270,fc71cc2c,20260821,20260905,0
19V368,6586a044,7c45d3bb,1a1151a1,20260821,20260905,0
19V370,476c47d9,288e2341,089d4220,20260821,20260905,0
19V626,c1bb2dfe,1a12f946,c9c2128d,20260821,20260905,0
19V373,b7a8312b,0110d604,38278994,20260821,20260905,0
19V381,2496c792,fe658058,49df46d9,20260821,20260905,0
19E034,e747e6bb,1e5f3579,189b3c2d,20260821,20260905,0
19V384,43cad166,7c45d3bb,3882f7ab,20260821,20260905,0
19E036,440bc9a5,fa305eef,e2fadada,20260821,20260905,0
19V394,9d5f9d60,fa667a40,33705ba4,20260821,20260905,0
19V399,14a59bb1,74a0e3ed,6214e12e,20260821,20260905,0
19V403,3dc91299,a00be53b,a26b1153,20260821,20260905,0
19V404,de036382,359dda51,f2b19130,20260821,20260905,0
19V407,54f7b286,0f4e6949,e948bc3e,20260821,20260905,0
19V411,5e5f32ae,f31c3458,bb1e0132,20260821,20260905,0
19V424,b60f27a4,e43712a0,b767ae87,20260821,20260905,0
19V425,c7622b26,0c510135,14bf975d,20260821,20260905,0
19V419,46c0bf7c,74a0e3ed,e9ecd1bc,20260821,20260905,0
19V430,072aeee2,74a0e3ed,1a9f4539,20260821,20260905,0
19V436,98b36658,0eed54b1,eef47ba6,20260821,20260905,0
19V445,621aead7,38357035,693b56c4,20260821,20260905,0
19V448,e05494c5,73052780,60cfe50e,20260821,20260905,0
19V450,62c2fcbf,3d525312,7ad38a8f,20260821,20260905,0
19V451,20fb45aa,28491326,56804459,20260821,20260905,0
19V457,31f7d4f5,7a144163,2621599c,20260821,20260905,0
19V465,d3775353,3816a5f5,06ea4c49,20260821,20260905,0
19C003,c814f1c0,5a1552ed,0022ad22,20260821,20260905,0
19V466,5bf626c0,74a0e3ed,9eb7e5e2,20260821,20260905,0
19V500,3e350033,e19b32de,472cdbe2,20260821,20260905,0
19V482,d5828e8f,9386700d,026e682c,20260821,20260905,0
19V483,e74433b0,2cb29ce3,e241d717,20260821,20260905,0
19V503,3ffe606c,3d32bbcc,8b6f1648,20260821,20260905,0
19V490,c695bbc9,789e4da7,e0de3f6b,20260821,20260905,0
19V496,0bfb0048,987dd9ec,56839bde,20260821,20260905,0
19V532,dcd333a5,240f7ab6,56a9b875,20260821,20260905,0
19V535,cc3b13dd,ccb1b295,0ebaaee2,20260821,20260905,0
19E045,91390804,6feff737,8f3de5d3,20260821,20260905,0
19V557,fc2d2f20,155cbff0,3f757d09,20260821,20260905,0
19V501,24ae2530,e19b32de,ee37ec78,20260821,20260905,0
19V562,e8511f28,1eb6afe6,431a403a,20260821,20260905,0
19C001,1ca6a6cc,41f8d79a,ba567d33,20260821,20260905,0
19V644,0a0f486f,7c29d2c7,42fc0d5e,20260821,20260905,0
19V514,edbfd0a7,967fcd1b,8204a9c5,20260821,20260905,0
19V516,37b3ee10,0dbba1be,7e28bf2b,20260821,20260905,0
19E046,ec1b5635,cda9f249,be392ce2,20260821,20260905,0
19V540,53d4389c,376e1877,e0c9b333,20260821,20260905,0
19E049,9508105b,d51ee2e1,a36ed52a,20260821,20260905,0
19V563,8006a367,b0126f8b,fd3984a7,20260821,20260905,0
19V568,0bf8ed53,0e30c313,6983e47d,20260821,20260905,0
19E044,70c36c0f,206a44ff,8ead3469,20260821,20260905,0
19V515,fb16f926,6c2a5afc,8b7f6007,20260821,20260905,0
19V518,9d7e8da5,6af1dec5,cf0fffb0,20260821,20260905,0
19V519,9c8309d1,1300ad14,47f11cdc,20260821,20260905,0
19V520,f4feee80,4fbaea95,c331ab2d,20260821,20260905,0
19V521,046d40e9,7df6ef37,a42ef80e,20260821,20260905,0
19V523,6872e6f2,678800a4,d559550d,20260821,20260905,0
19V527,7664a291,e5f54a08,be231f2f,20260821,20260905,0
19V634,8bec5c1c,af775e45,040956c9,20260821,20260905,0
19V529,2a22169d,821340a8,68b6a9f4,20260821,20260905,0
19V675,e6d68f60,dc656d5e,91fd5307,20260821,20260905,0
19V534,aa011142,487eff56,a7bc14f9,20260821,20260905,0
19V542,21a327fb,b9b52c43,09b03811,20260821,20260905,0
19V548,4cba69f4,5a9a8019,f68eaab4,20260821,20260905,0
19V549,e7fd357b,d7510c2d,c7ac9d53,20260821,20260905,0
19V621,2438b843,30b30c7b,0f405ec4,20260821,20260905,0
19V555,06b0d028,d7510c2d,004ed90a,20260821,20260905,0
19V558,c5230513,a886d09b,f1b22512,20260821,20260905,0
19V565,efe65af9,a79d5efd,ad05f64c,20260821,20260905,0
19V567,b68596c7,108ce186,c4143f58,20260821,20260905,0
19V572,c62a5fb2,2c1e78b5,6ec1af1e,20260821,20260905,0
19V580,d3bab0a0,d7510c2d,72ec1dd6,20260821,20260905,0
19V585,c77941e6,a780eca6,1a6b2680,20260821,20260905,0
19V586,5f2d3af5,f9c111e4,e68255df,20260821,20260905,0
19V589,d654d79c,3219cfe4,4f97cfb8,20260821,20260905,0
19V590,e94a0cec,d82b43d7,256a9173,20260821,20260905,0
19V598,b0d397bc,6feff737,b6c19293,20260821,20260905,0
19V599,5776a589,870175f6,e1c9f00b,20260821,20260905,0
19V603,e95acc39,a2880f87,7d1dc08f,20260821,20260905,0
19V612,fae01e43,0a31f623,6c5c0d72,20260821,20260905,0
19V622,2dfed349,7bdcb0b0,9e64a1b5,20260821,20260905,0
19V628,94c78352,ef7a846a,afcd2591,20260821,20260905,0
19V639,5a14e20b,e63b64cd,ca72aff4,20260821,20260905,0
19V642,8a08ce89,7139bb02,342425fb,20260821,20260905,0
19V645,5cc4eb31,3314421d,6ff62463,20260821,20260905,0
19V127,ff7a4369,57b30759,b00cdb3f,20260821,20260905,0
19V648,2f900cd2,914d591a,0546770d,20260821,20260905,0
19V650,fff84fbc,44c63333,63b80926,20260821,20260905,0
19V652,9083fc13,89a4c44a,403a64d7,20260821,20260905,0
19E063,74e7ef04,c596785d,939e2f7a,20260821,20260905,0
19V662,04f85bee,f4ce1626,043c4145,20260821,20260905,0
19V663,562f401f,bd5915b5,2ae1faac,20260821,20260905,0
19E064,0b07780f,74a4af89,ef05ad2f,20260821,20260905,0
19V673,9443f1a3,4b3fd3cd,622b4ad9,20260821,20260905,0
19V685,13201b4f,1ead9bbc,aec699dc,20260821,20260905,0
19V682,f17801b4,3e488bab,2c568c8c,20260821,20260905,0
19V721,b3269e07,46481a6e,72114dc0,20260821,20260905,0
19V687,defa7be8,076ca56d,e49fc07b,20260821,20260905,0
19V742,d81e0e40,463c8d00,478a9995,20260821,20260905,0
19V689,ae84ce31,1745ecfe,10d94a26,20260821,20260905,0
19V703,6e4f0178,d50634f5,68dfcdb9,20260821,20260905,0
19V707,9c16eede,4055a9f1,a2958a43,20260821,20260905,0
19V035,7315574d,fa9024d7,a790f4ed,20260821,20260905,0
19V712,1a1e3f2c,7229a541,d017b4eb,20260821,20260905,0
19V718,b60e754f,7c29d2c7,14da2b2a,20260821,20260905,0
19V720,bf533970,f3ec20af,3f628257,20260821,20260905,0
19E069,e771c1a2,bbd2bf3b,56eb4430,20260821,20260905,0
19V728,52b0485e,3c48fe0b,e18ca1a7,20260821,20260905,0
19V737,7e60556b,eefeb663,562446fb,20260821,20260905,0
19V731,05bfd312,074e8db6,9acd5bc3,20260821,20260905,0
19V735,72addd70,2254a05c,909e9570,20260821,20260905,0
19E070,01b22bdc,ccf91b6e,69ff72a5,20260821,20260905,0
19V746,615438e8,8cbd77be,8f409371,20260821,20260905,0
19V747,fb16e22d,b0b1611f,44c347fd,20260821,20260905,0
19V750,dde405b0,84a424e6,6ab1d0fe,20260821,20260905,0
19V761,4ac00d9c,d48c72d3,602c107f,20260821,20260905,0
19V022,417f5e28,49b834a9,a7b2079a,20260821,20260905,0
18V909,26eb1c9b,bd18043e,917e8bea,20260821,20260905,0
19E001,ee835f42,e19b32de,9fa56720,20260821,20260905,0
19V003,b7dc9d47,e19b32de,d55aa14a,20260821,20260905,0
19V007,3c7bb14a,cfc3ab4d,d4df27a9,20260821,20260905,0
19V009,d45f7b97,cfc3ab4d,78d46ebf,20260821,20260905,0
19V010,5c835b08,383837ed,ce6abaf0,20260821,20260905,0
19V042,131dd7ac,6bd59dbf,3d777520,20260821,20260905,0
19V046,797fc938,3f6b2685,17e490fd,20260821,20260905,0
19V063,15811985,c67122c2,efb650be,20260821,20260905,0
19V080,a0a169f2,8ddb12d1,9d1ce930,20260821,20260905,0
19V017,869658eb,e19b32de,1d1ba472,20260821,20260905,0
19V071,fa85dc59,f01408db,bde16661,20260821,20260905,0
19V072,e797e289,34c68377,3967e741,20260821,20260905,0
19V089,460df8b0,be41d909,c46681ea,20260821,20260905,0
19E010,ac56f2d9,b3570531,10964534,20260821,20260905,0
19V085,f19638ac,367920d0,a060bdae,20260821,20260905,0
19V724,aa7424a0,3714e504,8f9d0fbd,20260821,20260905,0
19V727,a32cc8f4,b5f350bd,0a9368b8,20260821,20260905,0
19V092,5443e506,dfc50a48,38d789ba,20260821,20260905,0
19V095,63dd3506,29674180,75568f82,20260821,20260905,0
19V100,8d7a5124,cda6b47a,18144c1f,20260821,20260905,0
19V102,4f2227ad,177ce4c6,0d2d06bc,20260821,20260905,0
19V696,0403f348,8f8938aa,a3b956e7,20260821,20260905,0
19E066,9c2cb44f,568a7cbd,48991133,20260821,20260905,0
19V701,6d4b5230,33c5b512,8c037604,20260821,20260905,0
19V704,1af551f7,5a6e88bb,59eceef0,20260821,20260905,0
19V711,1b10cccb,9cb3141f,6693f1e6,20260821,20260905,0
19V715,e3497592,66f50e05,144e1684,20260821,20260905,0
19V110,0dcb825a,624f9576,e4fea982,20260821,20260905,0
19V118,af9763d2,3b05703b,af8f485e,20260821,20260905,0
19E018,936fe588,dfae284c,f1b89002,20260821,20260905,0
19V157,18fe8a84,f6831686,8ad11c66,20260821,20260905,0
19V192,4064c69e,bcd84a45,210f3a2e,20260821,20260905,0
19V125,a1979724,c76c7c4e,f7357a79,20260821,20260905,0
19V134,9559ebcd,61c1e174,60dc4fb1,20260821,20260905,0
19V137,c0e95772,c15dbb61,3c8f400b,20260821,20260905,0
19V140,91ae5ebb,c76c7c4e,fdf0d8d9,20260821,20260905,0
19V151,63a874a1,d5f5e11f,f2207aa6,20260821,20260905,0
19V154,1947abcb,25e14a96,d7048d2c,20260821,20260905,0
19V160,25193bad,8cb4f4d4,87dc49cd,20260821,20260905,0
19V254,a1705609,5fe58120,606a6e60,20260821,20260905,0
19V166,828ce06a,4b0b869e,a0464076,20260821,20260905,0
19V167,d8435a1e,c264ba41,0f311470,20260821,20260905,0
19V168,e91f021d,8b105d33,2853629f,20260821,20260905,0
19V169,bc1c889d,359e7ec3,9922df52,20260821,20260905,0
19V205,65e97267,6409ea27,4832944d,20260821,20260905,0
19V174,9f2e1efa,3e2a08a2,2ade84eb,20260821,20260905,0
19V180,46182ce6,d341acfd,5b04dfec,20260821,20260905,0
19V181,6b3aa1fb,e19b32de,b8fd2814,20260821,20260905,0
19V183,c9069c29,177ce4c6,6d30ad0c,20260821,20260905,0
19V184,94e742fc,0236438e,a6b93140,20260821,20260905,0
19V190,858cb158,173634d8,809c0e07,20260821,20260905,0
19V449,b73f2f4b,b332bdf7,5e5c0a2c,20260821,20260905,0
19V195,8db1fef3,70fe5ad7,58487157,20260821,20260905,0
19V229,612b9ef7,6409ea27,c9094574,20260821,20260905,0
19E024,ab6d0378,63d8f91d,109c7a84,20260821,20260905,0
19V198,f3c78edd,177ce4c6,58eeaf3c,20260821,20260905,0
19V203,8895349a,cde0f8d1,99ecfd95,20260821,20260905,0
19V232,38c8a4e7,5fe58120,1201343b,20260821,20260905,0
19V220,6f37d462,f2c81a7f,62053b7f,20260821,20260905,0
19V223,19fb6522,5fe58120,89f5dd6d,20260821,20260905,0
19V226,8fdf0645,5fe58120,9b657e66,20260821,20260905,0
19V228,e7c73ed5,f4d780df,4fc83999,20260821,20260905,0
19V231,62d7956f,10b90c5f,a261a01a,20260821,20260905,0
19V240,c3bc5a79,70faa5e3,ac01e352,20260821,20260905,0
19V251,8ff0478a,5fe58120,3434f009,20260821,20260905,0
19V258,b050b0e3,207a1a5a,6b6424ec,20260821,20260905,0
19V260,468f24df,5700fd1d,0f71c007,20260821,20260905,0
19V275,8f735d55,5d9dfc46,44a5cf64,20260821,20260905,0
19V282,a654ebb3,15fc066a,7088e33e,20260821,20260905,0
19V342,6f24fc93,5fe58120,0e816cff,20260821,20260905,0
19V288,b88ee577,41c22f3a,1510a588,20260821,20260905,0
19V291,7779cc62,87dc05fa,2e17ac8e,20260821,20260905,0
19V293,1fc06c8f,e073f60c,ead20c7c,20260821,20260905,0
19V295,8222f138,e5f54a08,a98f56f4,20260821,20260905,0
19V303,3dfffd59,8a6ff380,69bba5f0,20260821,20260905,0
19V306,e7fcf415,87601f7c,e9764ee5,20260821,20260905,0
19V307,e9ca6546,308adb0b,b6b8f81c,20260821,20260905,0
19V317,ea43be09,bcbb22a9,56cbcfbd,20260821,20260905,0
19V323,39cdba0c,aea0a137,6a25f1be,20260821,20260905,0
19V329,f4f3e98f,6409ea27,06a93fc9,20260821,20260905,0
19V327,404c992d,2b7c7f0c,3dc161ac,20260821,20260905,0
19V328,5e7ba83b,ab88f365,ae434810,20260821,20260905,0
19V334,862dfab1,cc4ecde1,13913104,20260821,20260905,0
19V654,b8b3a40c,4cf425cb,5d2702a1,20260821,20260905,0
19V668,bf319005,190e97f2,5975f27e,20260821,20260905,0
19V669,9d5465e4,053f9f4a,26348c6e,20260821,20260905,0
19V671,7c9ac915,6421f51a,a252dc30,20260821,20260905,0
19V683,26b5aa5b,df77e9bb,8ab1f31f,20260821,20260905,0
19V695,ad3c2995,019c85d5,43d2293b,20260821,20260905,0
19V697,de942848,a4bd5777,f0c1a145,20260821,20260905,0
19V698,063496f4,e19b32de,9a5b343d,20260821,20260905,0
19V699,6957f2cf,c8065963,1412dad5,20260821,20260905,0
19V709,1c57ab21,19e34b24,e0c837b4,20260821,20260905,0
19V740,2c7044c8,e23eb73c,8364a87d,20260821,20260905,0
19V700,e19012f0,ec8275f2,897ae5a6,20260821,20260905,0
19V706,9633d6ab,582af645,677bbccb,20260821,20260905,0
19V722,c17f111d,ed4df670,dc16b9f1,20260821,20260905,0
19V726,093aedab,0624b394,ec62ce13,20260821,20260905,0
19E068,0e06f601,69412d61,185b319e,20260821,20260905,0
19V885,a6d66155,df91fe66,19b89435,20260821,20260905,0
19V920,c8218e2d,e842f928,e118f259,20260821,20260905,0
19V270,fdd60419,f9c31003,64770588,20260821,20260905,0
19V508,3bd6e869,80c94d7b,d157269d,20260821,20260905,0
19V732,13c9ede0,a23275fd,c0af1573,20260821,20260905,0
19V736,e91669f8,7c29d2c7,832635ba,20260821,20260905,0
19V739,5eb1775f,bb2b8b13,a429432f,20260821,20260905,0
19V749,a61f9bd2,a8eb6846,767605e7,20260821,20260905,0
19V755,10a92475,77d57cc3,13289867,20260821,20260905,0
19V758,dfd4a8df,62c1322e,6d5d4de4,20260821,20260905,0
19V762,c67377d2,64a4d3e5,84af34c4,20260821,20260905,0
19V770,2fc24b9f,b6b8633d,f5682e0f,20260821,20260905,0
19V776,18d1cb39,b6641eca,f0663878,20260821,20260905,0
19V788,eca10045,c9c1ff7a,5f66a460,20260821,20260905,0
19V793,1ae2afd1,c6538a42,50ec8cac,20260821,20260905,0
19V797,22791e8b,c4d44093,a159b61f,20260821,20260905,0
19V798,f3d1e028,bf71b5fe,3315d456,20260821,20260905,0
19V801,317e4a17,0864d85a,ea4b6da2,20260821,20260905,0
19E077,e760facb,cccbfdba,05af06f1,20260821,20260905,0
19V813,457b4155,f7aee42c,09b02b87,20260821,20260905,0
19E078,5f5841fa,b450bf22,6e977328,20260821,20260905,0
19V816,531bc175,eaa595a8,fe4d47df,20260821,20260905,0
19E079,2f2d0f43,80b06cd2,d7ab0dec,20260821,20260905,0
19V818,6c9fd6f5,076a2f65,e9766bb8,20260821,20260905,0
19V830,0fd6f7c5,4387cbcf,b088b714,20260821,20260905,0
19V833,6ec2c0a6,5168eac1,248908bb,20260821,20260905,0
19V835,a603db82,5733ff86,b6d674f1,20260821,20260905,0
19V836,08501ab8,d99dd864,a0bd494d,20260821,20260905,0
19V840,dd9cb938,a672ac97,e91e8369,20260821,20260905,0
19V842,b2a003bb,d7510c2d,6ed80cca,20260821,20260905,0
19E080,94381c1c,26fa740b,d7ac00ea,20260821,20260905,0
19V862,d7a59fbd,e19b32de,2275134a,20260821,20260905,0
19V852,cae3df36,26fa740b,ce43e5d0,20260821,20260905,0
19V859,03a6681d,2c1e78b5,bb04c22e,20260821,20260905,0
19V874,537540c1,9449fd41,cbf9aec7,20260821,20260905,0
19V867,2562c5eb,fb53280a,03017d5e,20260821,20260905,0
19V875,9fc2d788,c30edaa8,dbb41469,20260821,20260905,0
19V877,10c35227,5a80c48d,1fc9fbb7,20260821,20260905,0
19V888,bb5d0895,95465209,4c4cde09,20260821,20260905,0
19V890,d55fc18b,0eb99270,003b4458,20260821,20260905,0
19V892,37282e49,d73c49a9,c11fb275,20260821,20260905,0
19V893,87de0d66,0eb99270,06bfbb35,20260821,20260905,0
19V896,8988e203,24ed7b47,d178766a,20260821,20260905,0
19V897,1dbc0d23,e59ad1aa,bf6d05a1,20260821,20260905,0
19V898,c2d16cd4,d0e22fb6,e21a81e3,20260821,20260905,0
19V905,f7ec62e9,f86b8316,d32d6d6c,20260821,20260905,0
19V906,d22b0559,3d32bbcc,e14269b8,20260821,20260905,0
19V908,e37a3fde,6240b27d,4f805496,20260821,20260905,0
19V911,3d1bf9ca,a2136771,8590ced3,20260821,20260905,0
19V186,1987bb73,d1329a3a,a2fdf440,20260821,20260905,0
19V914,ef79174a,35076bc9,e210c450,20260821,20260905,0
19T025,692ad958,a8c211ba,d47705b5,20260821,20260905,0
19V916,693e11ca,b450bf22,0475bff7,20260821,20260905,0
19V923,cefc9cac,c605da0c,1f3b62a2,20260821,20260905,0
19V182,58131936,889bb954,63c24297,20260821,20260905,0
19V185,8ad03417,b4eaf6fb,c1c59e48,20260821,20260905,0
19V189,346fab7e,de655076,64a66a44,20260821,20260905,0
19V437,b11843a8,e14340fc,41208b7c,20260821,20260905,0
19V200,03f5f524,c32f0120,2d417f7d,20260821,20260905,0
19V208,842b9ba9,2167f2f8,ca99c01c,20260821,20260905,0
19V221,fa76fd3b,bc3dcb95,56a26280,20260821,20260905,0
19V209,f49b4378,3c221114,736f9001,20260821,20260905,0
19V211,79742eb3,b3570531,3b0cf405,20260821,20260905,0
19V213,5b3b5c05,e9340afc,ad3f9a4c,20260821,20260905,0
19V214,1d8e8222,bc3dcb95,95330a2c,20260821,20260905,0
19V215,aee3feae,5e4bdaaa,602e6235,20260821,20260905,0
19V216,4375b60d,39c27693,352d9611,20260821,20260905,0
19V217,cef0bfb0,39c27693,352d9611,20260821,20260905,0
19V225,473c3694,5fe58120,4bf013f8,20260821,20260905,0
19V227,b22ed857,f3a7e7f5,1077e11d,20260821,20260905,0
19V230,8cae60ee,74a0e3ed,5e7aaffb,20260821,20260905,0
19V237,0186f6c7,5fe58120,2ff42674,20260821,20260905,0
19V241,24ca9de7,e146d77f,58adf5b7,20260821,20260905,0
19V252,1cd4c11e,6409ea27,93eb929e,20260821,20260905,0
19V253,c49ec137,dca35ced,bd22dad5,20260821,20260905,0
19V255,d4569411,5fe58120,5a71f626,20260821,20260905,0
19V261,71127994,dce7a3f0,b30cc50f,20260821,20260905,0
19V264,fb313975,74a0e3ed,a4399b16,20260821,20260905,0
19V269,ef8786f2,5fe58120,f8c40e59,20260821,20260905,0
19V273,dd08045c,32300a90,5ca06ff7,20260821,20260905,0
19V278,fd70286f,61f75fbc,6dc92de9,20260821,20260905,0
19V281,ec69b14b,74a0e3ed,3344ad57,20260821,20260905,0
19V283,9afb5926,fd5a0fb5,be524984,20260821,20260905,0
19V294,7b9a3212,1f05f6f5,21441fdd,20260821,20260905,0
19V299,36fa8ddd,9fbf33d7,20ecfd75,20260821,20260905,0
19E029,37c8ea2d,2cc668c0,1a409e44,20260821,20260905,0
19V313,b3106182,6409ea27,16ddbf0c,20260821,20260905,0
19E030,ec154371,75bf8cb8,eb35fbe6,20260821,20260905,0
19V357,4a06534c,0b3085fe,0407c4dd,20260821,20260905,0
19V321,5d2632c9,e9544c90,a96f5d78,20260821,20260905,0
19V322,08f3d18a,ffa4ac70,c8fb077c,20260821,20260905,0
19V326,75265faf,f99642b9,27b9177b,20260821,20260905,0
19V330,ec2dd20a,f8305b6b,876da71c,20260821,20260905,0
19V335,c8fde28c,b153655d,2d16f01d,20260821,20260905,0
19V338,039f6734,849fe5f7,297f0d85,20260821,20260905,0
19V345,9181a8b7,0b31a4b4,77a97ed8,20260821,20260905,0
19V347,be5b057d,628de45b,fc3e6c80,20260821,20260905,0
19V351,7f537e35,098f8ae2,23d62f11,20260821,20260905,0
19V359,f780be77,5fe58120,0a557bfa,20260821,20260905,0
19V363,451aec0d,5877bbc6,5dbfd213,20260821,20260905,0
19V364,07b23bf3,5bae28c8,59bc823f,20260821,20260905,0
19V366,3300dec4,ee91ce3a,cd60bbc4,20260821,20260905,0
19V367,1f44a6a6,7c45d3bb,8842bfbc,20260821,20260905,0
19V377,11284a9d,55a1c090,b6dd5b27,20260821,20260905,0
19V391,3850d73b,0110d604,7ae1489e,20260821,20260905,0
19V392,22080ba9,5cf93428,8a3d882f,20260821,20260905,0
19V400,685d1ab3,74a0e3ed,d2db0f5b,20260821,20260905,0
19E039,5507382a,245d94b9,e89b4513,20260821,20260905,0
19T005,87482365,45ca492d,e948234a,20260821,20260905,0
19V417,bfcbe80e,15eb924a,a05c758f,20260821,20260905,0
19V432,ca414e51,411902a0,85a2c725,20260821,20260905,0
19V433,93f97016,ec178222,ced9a416,20260821,20260905,0
19V440,021f36d6,2c3a8a26,4c70d48e,20260821,20260905,0
19V443,31bd4d72,fa305eef,3aef2f77,20260821,20260905,0
19V444,47129a7a,8eb6cd2d,7b8bcbe1,20260821,20260905,0
19E040,1393b46e,d328764d,2dada6f4,20260821,20260905,0
19V458,a5f2798e,95ba86a1,4570951b,20260821,20260905,0
19V460,daef353a,28491326,f376a5ed,20260821,20260905,0
19V464,20b10d9c,5fe58120,0e405016,20260821,20260905,0
19V478,752dd4dd,83197ce4,53fc49c9,20260821,20260905,0
19V489,b0f47ee2,adb838fe,a9e12507,20260821,20260905,0
19V492,a2f776b1,1c31930f,999ec0b1,20260821,20260905,0
19E043,978885d9,8ba5788f,7a7235ff,20260821,20260905,0
19V493,18df9041,3cc3f56e,337d4fa6,20260821,20260905,0
19V499,948869b5,e19b32de,d913d966,20260821,20260905,0
19V504,0f0ca6e3,098ca823,40edb7bf,20260821,20260905,0
19V502,fe002629,e19b32de,4ce31390,20260821,20260905,0
19V505,a395cd1e,20265947,37816595,20260821,20260905,0
19V507,606f9d7b,679b6edb,8d1f2c8d,20260821,20260905,0
19V511,f93697d1,4d542321,37f98a29,20260821,20260905,0
19V633,daa026be,96367d81,50724e21,20260821,20260905,0
19V635,8e58e7ed,f74cb11d,371c4d47,20260821,20260905,0
19V637,8004aedf,cbb1fbdc,7ea98094,20260821,20260905,0
19V638,bc4b6ae9,e5b3d783,9102f4ec,20260821,20260905,0
19V643,2116aa2d,e8c57e7e,102bcfae,20260821,20260905,0
19V646,d49bc77d,8d800011,819fa906,20260821,20260905,0
19V651,a4aa68b3,abf7b740,1073d84d,20260821,20260905,0
19V656,2040e9e1,d1cac418,e50d10eb,20260821,20260905,0
19V667,adfa21fe,6b36ff24,97604280,20260821,20260905,0
19V672,bb784a33,fc514dd2,24412563,20260821,20260905,0
19V677,189594b0,6feff737,0f360864,20260821,20260905,0
19V679,23e73eeb,3a7a7711,0efa2305,20260821,20260905,0
19V657,37d409aa,311c635d,b7e97846,20260821,20260905,0
19V664,631b3aab,8212b7d4,5ee3e8e0,20260821,20260905,0
19V680,adcabd30,26693cf6,b717a7df,20260821,20260905,0
19V692,297afe0f,8d0889b2,592d158a,20260821,20260905,0
19V693,75d737ec,55a01780,1a482bd6,20260821,20260905,0
19V694,f1fcced7,d9b29060,8beb1056,20260821,20260905,0
19E002,56fc45a2,e19b32de,2801770d,20260821,20260905,0
19V004,0e97ca19,e19b32de,4578b537,20260821,20260905,0
19V016,6ac74750,e19b32de,9bc67f46,20260821,20260905,0
19V021,c9bc6142,30e949fc,1f8f33b7,20260821,20260905,0
19V023,fb8abe86,20518164,ff70e8fc,20260821,20260905,0
19V026,ce693727,6d2c2bf4,1c25335e,20260821,20260905,0
19V027,4f3e2ba4,73ad2d4a,1480f2f4,20260821,20260905,0
19V030,59edf849,61c7a0d2,97d73b92,20260821,20260905,0
19V034,4a0ac2a2,61f99ae6,5a4607b9,20260821,20260905,0
19V040,0fe5188e,7a3b92cb,cd543ca1,20260821,20260905,0
19V043,2bf8e424,c2929a96,8917fb25,20260821,20260905,0
19V044,95cc16e9,51cb268b,a8820276,20260821,20260905,0
19V047,16a6a3b0,0dd4cce3,7415504c,20260821,20260905,0
19V048,d475498a,1f1006db,48c0d66b,20260821,20260905,0
19V053,3840746e,28aaba8b,c9805082,20260821,20260905,0
19E006,04f8a7f5,c02656d3,7722ecd6,20260821,20260905,0
19V055,4b63c04e,b6950be6,3d04f7d5,20260821,20260905,0
19V057,55030356,e254f802,73d062c4,20260821,20260905,0
19V062,d03919e0,0894429f,a1616f6d,20260821,20260905,0
19V067,56a64d50,72345316,0891bfdd,20260821,20260905,0
19V074,fbaab39d,1d9ccd8a,934edb6d,20260821,20260905,0
19E009,cbde09ac,74a0e3ed,517fde03,20260821,20260905,0
19V084,413a3008,6ffcd611,de5b10c2,20260821,20260905,0
19V086,d27c2c52,6fedc517,9b993596,20260821,20260905,0
19V096,18796886,a1f40e46,ef54401d,20260821,20260905,0
19V097,474bc2c3,77cf134a,c679c2f6,20260821,20260905,0
19V098,f7f9c18f,f1757e1c,456ade60,20260821,20260905,0
19V107,d40aa8f8,9e494784,60cc6da2,20260821,20260905,0
19V108,0e86c5fc,2e1019a0,a8b3e0e0,20260821,20260905,0
19V109,d3e760d7,1101f645,1aa3003f,20260821,20260905,0
19V112,956c2927,a02b2c4e,fc65cb11,20260821,20260905,0
19V113,93f9eb2c,a3133506,e88194e9,20260821,20260905,0
19V114,51814761,a02b2c4e,e59a664e,20260821,20260905,0
19V115,1181a1f9,573ca13b,89ab3fcb,20260821,20260905,0
19V119,58f79f43,3b05703b,4d4abddf,20260821,20260905,0
19V120,32d69838,77a552a1,c13cd1a9,20260821,20260905,0
19V123,4ceb3f1c,4e2bab2a,781e3ce0,20260821,20260905,0
19V129,0dd67fd0,4b0b869e,984e0b31,20260821,20260905,0
19V131,0ef9143e,047cec86,a26e9cc9,20260821,20260905,0
19V148,26167fc4,08bf3b4a,59258392,20260821,20260905,0
19V150,a399ca4d,6409ea27,41f963dc,20260821,20260905,0
19V336,04a96a8d,122122bc,95cef5a2,20260821,20260905,0
19V380,d15f8d15,bc206162,1c323db7,20260821,20260905,0
19V344,62ddf204,28491326,99e39350,20260821,20260905,0
19E033,7d7eff8d,ba3b3477,fe2824e5,20260821,20260905,0
19V350,ef21025a,26b9e469,8040e84f,20260821,20260905,0
19V356,8e7aa9eb,dcbb06ec,1f2c5c44,20260821,20260905,0
19V358,78cf7a88,5fe58120,e849de08,20260821,20260905,0
19V361,7d2fbdc4,ff0a2459,81b79ac2,20260821,20260905,0
19V365,9ac9c5d3,61af3446,ade9a5ae,20260821,20260905,0
19V374,8ab0dfb1,0110d604,9d7f7f74,20260821,20260905,0
19V378,a4a121df,b7f538b7,7e99fcb5,20260821,20260905,0
19E035,262418a1,4f7f96e7,b4a7a075,20260821,20260905,0
19V385,0f1c18f6,35ea85da,c12147b8,20260821,20260905,0
19V414,2f43b1bc,74a0e3ed,7a62dcab,20260821,20260905,0
19V386,e25f4ba5,c2bb6382,85958d43,20260821,20260905,0
19V390,f2126d4f,25c61f1c,9c503568,20260821,20260905,0
19V401,a3521fb6,74a0e3ed,52898569,20260821,20260905,0
19V393,af7ade42,0575a641,cdb1b057,20260821,20260905,0
19V396,04f4663a,9a589f30,4dacc147,20260821,20260905,0
19E037,728c297b,bb251ad7,113e1c3c,20260821,20260905,0
19V402,b1715642,8ef91104,6a31a707,20260821,20260905,0
19V413,e60020b5,74a0e3ed,ab9b76bc,20260821,20260905,0
19V421,34901440,1d4b9461,1d6ca503,20260821,20260905,0
19V426,3037668a,d51b5ed7,40280f9b,20260821,20260905,0
19V434,335bd2d0,782c510d,7973eff7,20260821,20260905,0
19V435,e92c58da,ce7e0413,b0a5ee21,20260821,20260905,0
19V439,be5cbe86,28491326,aca533b2,20260821,20260905,0
19V441,d119d553,5fe58120,df91c75e,20260821,20260905,0
19V442,5e0d9913,7dc60de7,455ead74,20260821,20260905,0
19V446,a353cc75,ebc28c7a,ec37f24c,20260821,20260905,0
19V452,41f0cbdb,4e665c51,9083b040,20260821,20260905,0
19V453,2ae3aea3,101482c7,7f06b880,20260821,20260905,0
19V459,e9171986,94cc66d1,f8f6aa76,20260821,20260905,0
19V461,d047f082,f09aaaf1,749d96a0,20260821,20260905,0
19V462,adaa3964,7939d941,02eba8e8,20260821,20260905,0
19V498,b1eb4fa6,2c1e78b5,696e190e,20260821,20260905,0
19V467,e5261d98,783242bc,631229b7,20260821,20260905,0
19V472,20e94e50,ef931204,7c032635,20260821,20260905,0
19E041,dbbfd242,28491326,92e2c8c7,20260821,20260905,0
19V476,71941af1,16bc2a6f,b277d0b9,20260821,20260905,0
19V513,720ff9ee,703dc06b,4a6c46ec,20260821,20260905,0
19V479,1c439a1c,e402b42f,192a6cb9,20260821,20260905,0
19V481,e9f13b97,bf5ab7e2,77f04ccc,20260821,20260905,0
19V484,3ce4af5c,50ef5f4a,0e0c5191,20260821,20260905,0
19V485,be91b38f,a64470af,909e3e36,20260821,20260905,0
19V486,926ed5ca,6731760a,4cc61085,20260821,20260905,0
19V495,7a450e62,3e484629,b1d91964,20260821,20260905,0
19V510,2d924c12,58b270ff,e54fc869,20260821,20260905,0
19V512,39d7282b,bf01166d,152cbcde,20260821,20260905,0
19V524,bf296955,d7510c2d,51c915b3,20260821,20260905,0
19V525,3a237a41,c8f14a64,7cbd5caf,20260821,20260905,0
19V526,d6f97f43,d7510c2d,2147df54,20260821,20260905,0
19V530,6a644f3e,28491326,35a863ef,20260821,20260905,0
19E047,58b40d2f,492779db,62ef87ea,20260821,20260905,0
19E048,e8aa0203,92a5aad8,2da50641,20260821,20260905,0
19V569,6885cd76,25c130ff,4f755d76,20260821,20260905,0
19V545,b5542a60,1cf8adc4,a71b9889,20260821,20260905,0
19V546,0eebdcb1,1745ecfe,05ad11bb,20260821,20260905,0
19V547,fc7e4b13,cb64d9c6,f41b7c1e,20260821,20260905,0
19V566,786533d8,2f451339,44758bd0,20260821,20260905,0
19V551,59cb2dda,a0a6c4c0,4311b1c4,20260821,20260905,0
19V553,65c5df2e,f1b6ef1f,af9151c6,20260821,20260905,0
19V560,ada4c37f,d37ab233,4c565aa9,20260821,20260905,0
19E052,1c3d6bf5,bfe621c2,c3bbffc1,20260821,20260905,0
19V564,4f6f7c48,ca3e349f,b5b40063,20260821,20260905,0
19E053,870c67b9,d520a9f6,82835d20,20260821,20260905,0
19V576,e5df6c1d,df96c2f4,ba218dcc,20260821,20260905,0
19V579,2e7bcd6b,9b079e60,63037521,20260821,20260905,0
19V581,1a03e06c,d7510c2d,f6eefea4,20260821,20260905,0
19V582,35145f4e,f2009800,ef5d8539,20260821,20260905,0
19V591,d9278ac3,ab616ec6,9c19b097,20260821,20260905,0
19V595,3e11ca55,b5195fb4,81d100e0,20260821,20260905,0
19V600,13f5ac48,1801811c,5b896fb4,20260821,20260905,0
19V601,ead63872,fd769fcd,03f15f00,20260821,20260905,0
19V606,d950a152,769e44b0,9d005f22,20260821,20260905,0
19V613,94017407,c7e018a5,94c72275,20260821,20260905,0
19V614,a1241bca,6f0120c7,9d3e2df8,20260821,20260905,0
19V617,606e83a9,d51ee2e1,87531dff,20260821,20260905,0
19V618,84eced8a,a01f3e49,bbdd6046,20260821,20260905,0
19E056,a59ed997,5a6e88bb,71d4f1ba,20260821,20260905,0
19V625,da13ccb2,1a12f946,4409e16c,20260821,20260905,0
19V629,a3b448d8,f74cb11d,d3696402,20260821,20260905,0
19V630,1399ae32,fa305eef,9441acd6,20260821,20260905,0
19V631,02f45b0c,682d1d4b,712b2ee3,20260821,20260905,0
19V544,a4522f76,70ca7783,60761a4b,20260821,20260905,0
19E003,fffed874,e19b32de,2d3e3b29,20260821,20260905,0
19V025,95a20e1f,703dc06b,e8d26b8f,20260821,20260905,0
19V075,2b43ceea,ec178222,1ce06d89,20260821,20260905,0
19V008,0c4d8bf7,cfc3ab4d,a7e40271,20260821,20260905,0
19E004,24a69950,40b6059e,2aefc9ea,20260821,20260905,0
19V036,0afea399,703dc06b,646c6f2c,20260821,20260905,0
19V045,93e4eca1,4c02bb4d,65060916,20260821,20260905,0
19V014,d449ed51,94ccf42b,8a736162,20260821,20260905,0
19V018,e3c5baa1,70a8047a,3889d784,20260821,20260905,0
19V015,70854a2b,e19b32de,e16bd946,20260821,20260905,0
19V050,4b7f2cbb,8e88dfd3,db3cd745,20260821,20260905,0
19V052,90548267,11d19d10,2ecfe2a6,20260821,20260905,0
19V059,43def703,68a93052,12da7bcb,20260821,20260905,0
19V061,1e7d3348,002e63b0,58ef1496,20260821,20260905,0
19V065,d23a5bb9,b5b5a1e4,2f430797,20260821,20260905,0
19E008,d39cfecf,00a368ef,24968e3b,20260821,20260905,0
19V070,ef3db7c7,ae800fb2,1c079629,20260821,20260905,0
19V073,02bd9161,99dea366,d8f99e80,20260821,20260905,0
19V077,dce182c0,30e73f6c,aa663cb2,20260821,20260905,0
19V078,55340f78,2e1019a0,91e3b054,20260821,20260905,0
19V090,0816aae9,0c176b0c,f97e7993,20260821,20260905,0
19E012,c1a20da7,44c8939a,c281baf3,20260821,20260905,0
19V094,f82ee26b,c7c52bfb,e3275b83,20260821,20260905,0
19V111,424713af,13ae6481,8e0f5ce5,20260821,20260905,0
19V116,04459df2,177ce4c6,9f4db79c,20260821,20260905,0
19V117,a61459f6,6561d186,e82f7c95,20260821,20260905,0
19V122,cf2f968a,39a582dc,6b6b14cb,20260821,20260905,0
19V156,5c2e233c,55bb7867,9be7d9ed,20260821,20260905,0
19V126,767290c2,c62cb052,883e60cd,20260821,20260905,0
19V128,60ad652e,c62cb052,e729ba3f,20260821,20260905,0
19V130,28f0e9a7,af91b68f,fc1e9d45,20260821,20260905,0
19E017,686a034f,28491326,92d501c7,20260821,20260905,0
19V133,3a4c3929,0e68ad5c,2ea3736c,20260821,20260905,0
19V136,6df22bc1,2a015b53,e43696f0,20260821,20260905,0
19V138,b4c7afff,93f48748,e89e3f61,20260821,20260905,0
19V141,0d879b98,e19b32de,71a19af5,20260821,20260905,0
19V143,cd38b3d5,e8320f1c,e0064dc8,20260821,20260905,0
19V145,3b030c09,6409ea27,ab48a796,20260821,20260905,0
19V147,74830ebb,5199dc5f,329c1c12,20260821,20260905,0
19V155,cf2e1889,5fe58120,904e409c,20260821,20260905,0
19V158,940a5034,8cb4f4d4,15f1c793,20260821,20260905,0
19V161,7426ef68,5fe58120,dfd870c1,20260821,20260905,0
19E019,83459b52,92a5aad8,4e86f3fa,20260821,20260905,0
19V172,b70011e7,66551eed,0844a81e,20260821,20260905,0
19V187,cdd15e63,eb643149,6a89c589,20260821,20260905,0
19V188,a2d1d9e2,d24897a6,c32bf1bb,20260821,20260905,0
19V202,2e72d5b6,f3d6176a,f9798bcb,20260821,20260905,0
19V212,49601126,5fe58120,78b1a28d,20260821,20260905,0
19V204,206ee144,dbf4ccf3,16655d8e,20260821,20260905,0
19V210,1a657a39,9b30a13c,5d4ec949,20260821,20260905,0
19V219,1b3b366a,1fe51697,d6803cd3,20260821,20260905,0
19V224,9f41790b,63bd3427,b43224c9,20260821,20260905,0
19V265,bb6365e3,f9c31003,32884088,20260821,20260905,0
19V233,b850a3e5,5700fd1d,f17650de,20260821,20260905,0
19V234,437c727c,2dc3b0a4,728a4d74,20260821,20260905,0
19V235,ffb6d801,ffa5011e,1edd93d7,20260821,20260905,0
19T003,ebf459b7,34344308,26648bee,20260821,20260905,0
19V239,160aa6ee,5fe58120,e9b5c437,20260821,20260905,0
19V243,6b64b289,5fe58120,14c4c954,20260821,20260905,0
19V247,d2d8cf56,6409ea27,4e192799,20260821,20260905,0
19V249,ed24ff88,6409ea27,c6002d71,20260821,20260905,0
19V250,9f2c079e,74a0e3ed,43c3fc6c,20260821,20260905,0
19V256,f17009bd,0a07bca5,d2545d5b,20260821,20260905,0
19V259,07954dfd,5255f449,3f529a33,20260821,20260905,0
19V263,c862131c,65fac354,cf11dc28,20260821,20260905,0
19V266,e8fc67de,dcfa5af5,ae881fef,20260821,20260905,0
19V271,7ee95d19,177ce4c6,e185ad5e,20260821,20260905,0
19V276,36845ee0,74a0e3ed,a79ad7f8,20260821,20260905,0
19V277,c72e9175,467942b3,16b25a11,20260821,20260905,0
19V279,73301db9,6213b685,362cd6dc,20260821,20260905,0
19V284,6ee656b4,b0d34032,f20325ef,20260821,20260905,0
19V286,69189ba1,76cddb76,af3ad6e6,20260821,20260905,0
19V287,a88eea3b,8101685a,9c23e778,20260821,20260905,0
19V296,9b719a38,4f78cad9,ab6ba917,20260821,20260905,0
19V297,38dd1ab8,b2c004d8,de95e486,20260821,20260905,0
19V300,62695214,2a98800c,3d0a7a0b,20260821,20260905,0
19V302,93d15e71,6f3ac55b,a8d7fe5f,20260821,20260905,0
19V308,874a0eff,75afefbe,537ba882,20260821,20260905,0
19V309,1629fbc3,42384302,f45f6a62,20260821,20260905,0
19V310,2cdc57a2,870175f6,47b87190,20260821,20260905,0
19V312,bc0d287b,89a4c44a,4921960b,20260821,20260905,0
19V316,644662c0,2c1e78b5,db1d7b0a,20260821,20260905,0
19V319,c7b8cab9,9514b213,47262699,20260821,20260905,0
19V320,3d41bb6f,33c7d271,065abdf8,20260821,20260905,0
19V324,94efe3cb,09697e03,26347002,20260821,20260905,0
19V332,1a4b57b4,6409ea27,c5b9db80,20260821,20260905,0
19V333,997fa248,6409ea27,5fca0593,20260821,20260905,0
19V337,a0e3b304,1b04eccc,48a0ecf0,20260821,20260905,0
19E032,36d56889,48b272e9,36022d12,20260821,20260905,0
19V346,919477ed,d7e83323,36239921,20260821,20260905,0
19V348,32310925,26808e2f,aa531459,20260821,20260905,0
19V349,45a0a741,35a7c5d0,6dd48f5c,20260821,20260905,0
19V352,0eb4705b,96b036f3,22a16f6c,20260821,20260905,0
19V353,ee43e6da,5fe58120,1fe778c6,20260821,20260905,0
19V355,dc3ff6bd,bd427d7a,a11485c3,20260821,20260905,0
19V371,2722c5f9,be9e299f,c83289f8,20260821,20260905,0
19V376,e7b5d4b4,7dadc2ae,bfc27a6a,20260821,20260905,0
19V379,60eff942,84714b42,e4b2303a,20260821,20260905,0
19V372,0faa0311,ab88f365,80344e09,20260821,20260905,0
19V382,b2c3eb1b,601b1895,ae07f182,20260821,20260905,0
19V387,ca07c5b7,b931eac7,2f33f44a,20260821,20260905,0
19V383,dff48c76,3c577516,d1c46538,20260821,20260905,0
19V388,41f1111e,3c236853,d53e80c7,20260821,20260905,0
19V389,b878e279,3b48c916,c8acf4a5,20260821,20260905,0
19V395,e0f9d7f8,4aa19330,93623abb,20260821,20260905,0
19V397,96ed9b52,87b36c3a,61a3a718,20260821,20260905,0
19V398,1c8af72b,74a0e3ed,e453c47f,20260821,20260905,0
19V406,25afb1a8,fe658058,4fada42d,20260821,20260905,0
19V408,781bd3b0,a5fe22f8,0be10b2f,20260821,20260905,0
19V409,acdf4037,12bbd3eb,17c3a6bf,20260821,20260905,0
19V410,dc425bbe,4f7f96e7,389cdabd,20260821,20260905,0
19V412,a5d2cc97,828eb936,b95c1c44,20260821,20260905,0
19V415,bcd1bbb0,18ffc48d,2222e0da,20260821,20260905,0
19V418,f34c1d7d,3e3cf24c,975987e3,20260821,20260905,0
19V422,cc38bd0d,f76bd4be,54076415,20260821,20260905,0
19V423,d2a51cee,74a0e3ed,99000e24,20260821,20260905,0
19V427,9157a21d,a39aa1fb,4049df02,20260821,20260905,0
19V428,e94dfa0c,74a0e3ed,04938666,20260821,20260905,0
19V454,2afcd82c,b37d5f1d,c9f5b89d,20260821,20260905,0
19V429,8b11779c,74a0e3ed,c022f926,20260821,20260905,0
19V431,1c9f050e,61c7a0d2,c0329573,20260821,20260905,0
19V438,e055a8ed,9e704dce,404a11e1,20260821,20260905,0
19V447,830988c8,36116b71,8980c081,20260821,20260905,0
19V455,df6b898e,cbfc2503,c0259969,20260821,20260905,0
19V456,3aac54cf,574f5a56,6bb1480b,20260821,20260905,0
19V463,8c42ccfa,5fe58120,7ee417f3,20260821,20260905,0
19V471,2b1f6662,d328764d,d5139075,20260821,20260905,0
19V473,fbe118b2,81f80ae7,f09579e9,20260821,20260905,0
19V474,7dee92d5,fc7d45f3,4d159372,20260821,20260905,0
19E042,a3dd9d3a,d7510c2d,2c946315,20260821,20260905,0
19V477,a4358b50,be9e299f,0123c453,20260821,20260905,0
19V487,9446f77b,d7362493,37eeaf49,20260821,20260905,0
19V488,fb108e74,e19b32de,8fed08ab,20260821,20260905,0
19V491,433a5337,1beb3526,23cccd46,20260821,20260905,0
19V509,32318539,03d42698,5a2aa232,20260821,20260905,0
19V517,352df58c,a948217e,b913a0e4,20260821,20260905,0
19V528,66ecfc56,0df907a1,ab134bd1,20260821,20260905,0
19V533,5f34a3af,a0805daf,03a2d7f3,20260821,20260905,0
19V538,46d79b5d,2545b1a1,00056b04,20260821,20260905,0
19V539,0e26811b,4898f5c2,35a145e2,20260821,20260905,0
19V541,ca848ea3,e6f3270c,76f1a777,20260821,20260905,0
19V550,76447c8a,d7510c2d,ce36ee63,20260821,20260905,0
19V552,343f5bd2,d69ee46c,6afab303,20260821,20260905,0
19V554,d8b5799a,d7510c2d,00ad2b52,20260821,20260905,0
19E050,2b3b84a1,9e0687ec,d7f5ae1e,20260821,20260905,0
19V556,250acf1e,da51fcc4,c3163e9a,20260821,20260905,0
19E051,335fcde5,56467c94,43f83aec,20260821,20260905,0
19V561,5af5ed3e,8f2ec483,1f9edd8e,20260821,20260905,0
19V571,7bd71d73,a52b9480,270f11db,20260821,20260905,0
19V570,1cdb5997,28aaef0f,1f63d3c8,20260821,20260905,0
19V573,96b60349,86e6ec29,a660e107,20260821,20260905,0
19V575,f8c27778,416515ea,033fe4dd,20260821,20260905,0
19V592,b4888d34,9e0687ec,eeade695,20260821,20260905,0
19V577,4fc473b6,6feff737,6e5306bb,20260821,20260905,0
19V583,9b7f4e82,53861fc7,4ccc378c,20260821,20260905,0
19V587,6955ae55,23fa8df9,1c72595f,20260821,20260905,0
19V594,f91c743e,15219fc6,ca9ad71b,20260821,20260905,0
19V596,f630d3bc,290178cb,9ab008d2,20260821,20260905,0
19V597,0f1d1c20,4a7f9e08,063fcb42,20260821,20260905,0
19V602,88a6b10a,4f070d4d,78feced7,20260821,20260905,0
19V605,b71c40d4,428e68d2,0a485181,20260821,20260905,0
19V608,88b7089e,9e0687ec,d03b53a3,20260821,20260905,0
19V609,21d86879,661b37a6,ee5601c1,20260821,20260905,0
19E055,d99a7051,fe3b4bb8,81e30ac9,20260821,20260905,0
19V611,aa6e385e,82d1627d,9a6f3f33,20260821,20260905,0
19V615,c0591ad4,522dfd42,b1f833af,20260821,20260905,0
19E059,6be2ec6b,c5ce8fea,5ab3d865,20260821,20260905,0
19V686,dc39f6e8,829231b7,2c2fcfb0,20260821,20260905,0
19V627,872fabb6,fb5af9c4,691c6a34,20260821,20260905,0
19V649,40e26fb9,fe3b4bb8,a53ccd3e,20260821,20260905,0
19V616,d83fa6ec,d51ee2e1,c33ad206,20260821,20260905,0
19T006,4a26eb89,db032fbd,7531dbc4,20260821,20260905,0
19V632,8f42be72,4c9eb449,52f2016c,20260821,20260905,0
19V636,588e3c76,9c241049,137374da,20260821,20260905,0
19V640,64b5a3b0,6e042f0b,010f3ed8,20260821,20260905,0
19E060,597b536a,206b1030,251c1e18,20260821,20260905,0
19V020,94e8b0f6,59ed6e52,360b3640,20260821,20260905,0
19V024,dd79cf2b,81acfa09,8101de33,20260821,20260905,0
19V028,ac65ffac,99dea366,8bb68693,20260821,20260905,0
19V032,e74f2e6a,0dd4cce3,4db30feb,20260821,20260905,0
19V033,580d93e6,9c9a2d3c,be4c2b2f,20260821,20260905,0
19V054,e3f204fb,8941e781,79ee0612,20260821,20260905,0
19V037,d626d44a,7b2cd7a3,1cbf3369,20260821,20260905,0
19V039,9f5aacd9,526c95bf,05a46a98,20260821,20260905,0
19V049,ca57038c,4e2bab2a,771b8582,20260821,20260905,0
19V051,5d4f8c87,ae5be7db,ba226c92,20260821,20260905,0
19V058,04d36543,f1e49d01,de81276d,20260821,20260905,0
19T001,ec567e5a,5bbfabd5,5fded9e0,20260821,20260905,0
19V060,eecfdd1c,a078ab2b,b8c7e395,20260821,20260905,0
19E011,84b370eb,b5e9f4de,dddaecb9,20260821,20260905,0
19E007,255a6098,4580df91,e8eeb85d,20260821,20260905,0
19V064,41b3c60a,0716767d,46bd1f64,20260821,20260905,0
19V066,39fc0df1,24b7fe6f,5cebb4c6,20260821,20260905,0
19V069,b9df6651,e5cca03d,2fb587c1,20260821,20260905,0
19V076,7ef71aac,0b34240f,ddbe6dd1,20260821,20260905,0
19V079,a3b39d26,39025ba5,fbde5171,20260821,20260905,0
19V081,cdc12d6f,2dc9be27,e888ef77,20260821,20260905,0
19V082,f015eeec,2dc9be27,7fb93f25,20260821,20260905,0
19V083,631509e9,2c0ee2ee,70b7c07c,20260821,20260905,0
19V088,ba0f25a6,4e4ea293,db4a2818,20260821,20260905,0
19V091,82de82ef,5028feb3,496e8b80,20260821,20260905,0
19V093,50c7bf1a,58ae885c,7a0f0074,20260821,20260905,0
19V099,5e0499ca,68745f0f,6f7c807f,20260821,20260905,0
19V101,9383bd1c,c67122c2,e8b4d9f1,20260821,20260905,0
19V103,8ba9e170,f1757e1c,7396dbee,20260821,20260905,0
19V104,7572eb97,70faa5e3,d46d3433,20260821,20260905,0
19V106,1ad11d68,6324ae33,0f08f214,20260821,20260905,0
19E013,5b9c7998,a9c5252f,5747bc5b,20260821,20260905,0
19E014,6f2597a3,3883402a,1e4d4743,20260821,20260905,0
19V121,b29fb9a7,b8ff6bc1,850376fa,20260821,20260905,0
19E015,ca2e2920,e56deb55,b4aa9f13,20260821,20260905,0
19V142,177dead2,2559208b,bc940500,20260821,20260905,0
19V124,062d2cac,4e2bab2a,93e5c692,20260821,20260905,0
19E016,2ae85ba1,8f7f7224,e2d44e0e,20260821,20260905,0
19V132,bb6638ce,e4f8dcfe,bd645aab,20260821,20260905,0
19V135,bbe218d2,19760269,25a2b967,20260821,20260905,0
19V144,607bd2e5,c62cb052,f04b1a5f,20260821,20260905,0
19V146,072a5f73,6489f4c2,08c9223c,20260821,20260905,0
19V149,cfcabba2,8187f136,73f39a00,20260821,20260905,0
19V152,a1ca5de9,e56deb55,70331414,20260821,20260905,0
19V153,bd43e83b,6409ea27,d26d1993,20260821,20260905,0
19V159,ac66b1cd,c62cb052,f874e0d1,20260821,20260905,0
19V162,b9c5f678,bc3dcb95,bd7b48cb,20260821,20260905,0
19V170,8a3ea3fe,71c1125a,45f5047d,20260821,20260905,0
19V171,66868894,a775894e,b1e3cb46,20260821,20260905,0
19V173,9b8129bc,3e37f3ae,6427ba89,20260821,20260905,0
19V175,1a605f71,3e2a08a2,c1627747,20260821,20260905,0
19V177,303784e0,6c384371,f0dac16c,20260821,20260905,0
19V179,8647e243,7b5fec3a,1af195c4,20260821,20260905,0
19V823,73b8f4b5,f902eaa4,ee1250b1,20260821,20260905,0
19V764,753447ed,efda28dc,e6b37a8d,20260821,20260905,0
19V844,b395e0b5,c01d7632,9c067f0b,20260821,20260905,0
19V768,c49ab381,be70b596,ee989b47,20260821,20260905,0
19V806,e6a7a848,2a0aa3a6,9743cc7a,20260821,20260905,0
19V891,1b6c41d7,bfa68e43,dc3a3e92,20260821,20260905,0
19V767,e47cb102,407f4157,70f49dc0,20260821,20260905,0
19V769,8f3c8770,3850a630,1d45ab17,20260821,20260905,0
19V779,6cb6d7c2,67910a9d,70827d0b,20260821,20260905,0
19V782,35238060,e19b32de,cef366c5,20260821,20260905,0
19V783,5e477644,db41c2fa,cf148e70,20260821,20260905,0
19V784,a63049a3,7630b9a2,57cc64e3,20260821,20260905,0
19T009,0e2fd630,b34a5e93,6dc53d54,20260821,20260905,0
19V799,2fa90487,d4d88093,6d78198c,20260821,20260905,0
19V807,7d017bf0,9cddeaaf,2982ee99,20260821,20260905,0
19V808,5f6883c6,f1ecfc4f,352ace45,20260821,20260905,0
19V815,4f0ca54f,80b06cd2,ee661dc1,20260821,20260905,0
19V817,24715cca,b28faf41,f25aab7c,20260821,20260905,0
19V824,0ab22464,d7510c2d,c38148fe,20260821,20260905,0
19V832,c3623788,e610c390,f2c89e01,20260821,20260905,0
19V838,6df30290,f52b070f,230815b8,20260821,20260905,0
19V827,072d44dc,ba4e93bf,3f5c68e1,20260821,20260905,0
19V829,8f77b58e,70e638be,ca942bd3,20260821,20260905,0
19V848,e659dab5,77976e46,a5490713,20260821,20260905,0
19V854,ec28e2f7,61e18d2a,75db2100,20260821,20260905,0
19V861,daa1c0fa,baf5bc09,21d19dd1,20260821,20260905,0
19V868,11649f1e,3682d373,e309e5b4,20260821,20260905,0
19V869,7bfa4ac1,f8d0b6ea,39333268,20260821,20260905,0
19V870,74cfe663,d7510c2d,997b4cf0,20260821,20260905,0
19V871,7b4fa7d9,5ea4cadc,2b4e6c9d,20260821,20260905,0
19V872,8ff95167,1b32eeed,229aaa01,20260821,20260905,0
19V887,8e83ca3c,b43f3d7c,a341cb3f,20260821,20260905,0
19V889,84e39d72,6d7c0dec,11a3ed63,20260821,20260905,0
19V894,00596c50,678800a4,42cd8689,20260821,20260905,0
19V901,34e19c97,eda2c78d,51e9e3c3,20260821,20260905,0
19V903,93abda19,f43389ca,99d8fb4d,20260821,20260905,0
19V913,a0566ff6,5004dbff,2668afbe,20260821,20260905,0
19V917,82bc6935,249826ab,bdbda071,20260821,20260905,0
19V787,2253e2a5,293cb953,5db6c7fa,20260821,20260905,0
19V068,7706f9f8,d4dc14ad,1c4d1fec,20260821,20260905,0
19V745,040efcf0,94b017e5,e17790c6,20260821,20260905,0
19V919,fc61d4ae,076a2f65,1a9f4035,20260821,20260905,0
19V741,620350a1,e19b32de,2ebc0cc1,20260821,20260905,0
19V733,7b1f1882,905f2956,45a6d452,20260821,20260905,0
19C002,c5439f9f,2e8219b4,995f982f,20260821,20260905,0
19V748,10566b10,c9aa934c,4b4dd1a8,20260821,20260905,0
19T008,3af6a1b6,487b9670,e8aa6d67,20260821,20260905,0
19V756,7e92e902,321bccc8,3f4a36d7,20260821,20260905,0
19V760,c0e2c067,397d84da,9935b77d,20260821,20260905,0
19V921,a848961e,84f2ff57,f782e15a,20260821,20260905,0
19V773,10d83152,2b8d30b7,ab0de622,20260821,20260905,0
19V774,7b6e4641,06d1308a,0fc451c1,20260821,20260905,0
19V775,97a00bcc,7c29d2c7,01df8896,20260821,20260905,0
19V792,412e48da,3228930e,a33b51be,20260821,20260905,0
19V777,2d1769c5,b404dd27,895db524,20260821,20260905,0
19V780,dd24b752,b9a2531f,89832221,20260821,20260905,0
19V781,6416bd64,e19b32de,a841502b,20260821,20260905,0
19V800,7bfabf31,0150798a,0a5ca7e8,20260821,20260905,0
19V795,2594349b,5a1c087f,a0601287,20260821,20260905,0
19V796,09c82833,5a1c087f,ab14fd69,20260821,20260905,0
19V803,5f41785b,08e7b15d,dc30500c,20260821,20260905,0
19V804,ee95ab4e,d1357c22,c26a4c66,20260821,20260905,0
19V805,4a5d0ca6,f104d610,2352f079,20260821,20260905,0
19V809,083fcc8a,a80023f6,ac0009b0,20260821,20260905,0
19V811,95c918ae,af221892,0170d0e9,20260821,20260905,0
19V814,544180b5,3e841d98,ed8cb0b5,20260821,20260905,0
19V821,56507e0a,5eaa9eab,843b04a8,20260821,20260905,0
19V822,600d5fe4,971d7344,1698089e,20260821,20260905,0
19V825,87ba14bc,1b5fc248,f2e6ef32,20260821,20260905,0
19V826,0c457796,7ef1c7f6,4059b0ca,20260821,20260905,0
19V850,e1be5406,c5f52003,268e75ea,20260821,20260905,0
19V837,149b215d,8bc11f0f,9222b0bb,20260821,20260905,0
19V846,8cb534e9,a8278315,e68fcae5,20260821,20260905,0
19V839,5cacddef,db95f279,5c4e5eca,20260821,20260905,0
19V841,6136eb54,c67229ec,702c4213,20260821,20260905,0
19V853,e1ba7e94,26fa740b,5ce55f0f,20260821,20260905,0
19V860,ecd72e82,29d2d898,8d46fa43,20260821,20260905,0
19V855,83a70497,eec7fc27,1bbb58b4,20260821,20260905,0
19V858,e48f6bea,7d43bec8,10f7df5f,20260821,20260905,0
19V863,2e49ef76,fecd2397,646de550,20260821,20260905,0
19V873,c8b59fdb,4943f682,3819e981,20260821,20260905,0
19V876,e7c1d7e1,a782335b,a453d65f,20260821,20260905,0
19V881,87e712aa,15f9fb14,928022e7,20260821,20260905,0
19V882,e1d9c64b,15f9fb14,90c4a3a0,20260821,20260905,0
19V886,c3250081,34e491a6,9a99967a,20260821,20260905,0
19V895,7d159ca4,61c44169,80d9df03,20260821,20260905,0
19V902,60ace8c0,5880b127,284d5460,20260821,20260905,0
19T024,b1aa001c,ff320bd6,9b1d6d3b,20260821,20260905,0
19V904,c2e7e739,70b48546,e098f2a6,20260821,20260905,0
19V909,2de8dba2,d55e91e3,835d23d5,20260821,20260905,0
19V910,7204a613,698bf303,bcc50b37,20260821,20260905,0
19V717,64438ca5,7c29d2c7,d76c3b44,20260821,20260905,0
19E067,5e269199,56d66a71,46461fea,20260821,20260905,0
19V719,5ab891ac,de510cc0,77665cef,20260821,20260905,0
19V001,545f1c43,e19b32de,65f25d0a,20260821,20260905,0
19V005,c3b1f848,e19b32de,9223d259,20260821,20260905,0
19V002,d0b2bb31,e19b32de,049309e8,20260821,20260905,0
19V006,d04b880f,e19b32de,8c0ef4bc,20260821,20260905,0
19V019,2ec40d93,640f4842,02cffcc3,20260821,20260905,0
19V029,7ba89f36,61c7a0d2,6fc3a25f,20260821,20260905,0
19V031,173b4d0f,9ea5a7f7,cc0eba2d,20260821,20260905,0
19V041,5873a77c,3861aa24,27b5aee7,20260821,20260905,0
20V529,55cc01bf,3c9bca2b,ce797200,20260821,20260905,0
20E063,44f5b8a2,92a5aad8,ac1f6448,20260821,20260905,0
20V531,dbe9ef1d,a3488adf,4a603593,20260821,20260905,0
20V532,57491f8b,a3488adf,0fd0d5a1,20260821,20260905,0
20V535,73ba6678,a3a6e72c,5a5f18ad,20260821,20260905,0
20V541,320c345e,c06dee5f,2e9418d3,20260821,20260905,0
20E065,27bde836,7284d34f,d24df36d,20260821,20260905,0
20V549,49abcb5a,af0b52fa,cc6c2cc9,20260821,20260905,0
20V551,4be35e2f,26ebb1ec,ebbd9985,20260821,20260905,0
20V553,46a29838,4de1befa,f79e14f6,20260821,20260905,0
20V566,663d046b,3c9bca2b,3b85fad2,20260821,20260905,0
20V571,e4e3f3a2,be9673ce,54e30c96,20260821,20260905,0
20V579,8ce32c29,06483ad9,bb5e7781,20260821,20260905,0
20E070,950b562b,e4ccee66,1931f670,20260821,20260905,0
20V582,d751918d,c785bf2b,05b826fa,20260821,20260905,0
20V595,8b2fadd7,9016beb3,085432ad,20260821,20260905,0
20V606,b67aabd5,5140cba3,1dd825b5,20260821,20260905,0
20V607,dbc63c5a,af7e74d8,e0b0f554,20260821,20260905,0
20V612,e92ce25b,21767a6e,3ddafa22,20260821,20260905,0
20V614,82320803,92b489cb,4d0130ab,20260821,20260905,0
20V615,0854539a,387e837b,218690c2,20260821,20260905,0
20V617,fe559705,74b0c8ee,e8512bb4,20260821,20260905,0
20V621,e051d32d,65b18585,a87b4c5d,20260821,20260905,0
20V626,3e39d8bf,9df97532,530281af,20260821,20260905,0
20V627,734048c8,98b212e6,e3fa9ce7,20260821,20260905,0
20V628,ec9e4f7e,84c1e782,d8f2f165,20260821,20260905,0
20E077,8855d29c,4fb4f5f1,40ff8123,20260821,20260905,0
20V635,2ce8e8e8,6202f26f,a7841b22,20260821,20260905,0
20V645,a8f5e29c,35337348,19f86eb8,20260821,20260905,0
20V655,d5b31976,8c6f94b4,879efe48,20260821,20260905,0
20V656,c8f84054,67f22bc0,ebb47956,20260821,20260905,0
20V657,b9794d5f,5cd0ce68,f5c114ea,20260821,20260905,0
20V667,d99600f3,a5d837ac,78d7f65e,20260821,20260905,0
20V662,d5955ad2,8f6bde26,74876ccd,20260821,20260905,0
20V675,22e06e55,c78ff763,a84dcc92,20260821,20260905,0
20V676,69c76d72,2a4dd69d,4ea2e2ef,20260821,20260905,0
20V691,8457baa8,5b8ad4b2,5e2c5d53,20260821,20260905,0
20V677,bac1693d,ccedcaf6,845cda4d,20260821,20260905,0
20T019,d48ba0b5,a699469f,152197d9,20260821,20260905,0
20V682,f21d1937,9dfd6e81,2996850c,20260821,20260905,0
20V697,fe7e801f,22977938,b167efab,20260821,20260905,0
20V703,b689afb4,aba75a74,f1cbb508,20260821,20260905,0
20V704,195f9c04,1a418585,a726b9ad,20260821,20260905,0
20E085,f6d8122b,9dfd6e81,cf6d17e4,20260821,20260905,0
20V712,5039df18,2e065f08,45ffe57b,20260821,20260905,0
20V713,6d166dad,82d7fb9c,41b8bf82,20260821,20260905,0
20V725,b27733f5,d73e1f32,249362a3,20260821,20260905,0
20V739,8e370748,d1231cec,792bb2df,20260821,20260905,0
20V741,d26af117,f71e4aa3,c9dc2b15,20260821,20260905,0
20V746,00e87a8f,c67122c2,c7cda0d0,20260821,20260905,0
20V686,6c7b483b,af805719,546e7e42,20260821,20260905,0
20V748,0273b185,f724ca2b,c0987c0e,20260821,20260905,0
20V721,43b08553,d45c4c5a,eb75ee56,20260821,20260905,0
20V723,e2ed592a,54d1beaf,fa27c5fb,20260821,20260905,0
20V734,66b4d3ec,fb1d8bee,34410c4a,20260821,20260905,0
20V803,e3068f85,c636f3c1,d0f5e5c6,20260821,20260905,0
20V749,9b24c716,5a38380c,43bae58a,20260821,20260905,0
20V752,0a09bad8,57411ba1,fc6c69a6,20260821,20260905,0
20V756,e9b89148,f6980672,58017c8b,20260821,20260905,0
20V759,7cc1dff3,ab806bf9,05bb3691,20260821,20260905,0
20V757,8f6d2ca2,f5594baf,81a5c631,20260821,20260905,0
20V760,e25be8b9,78a4fd41,7c4ba898,20260821,20260905,0
20V769,903fe279,494090cd,f56aad5d,20260821,20260905,0
20V775,b84f42f9,066e4f2a,a85c2b15,20260821,20260905,0
20V770,7535e5b4,494090cd,a88aa543,20260821,20260905,0
20V778,896f17d6,458d13cd,34f9e67d,20260821,20260905,0
20E091,c201628e,1f223be8,cff4b326,20260821,20260905,0
20V780,2f33543e,087e4739,950cb6c2,20260821,20260905,0
20V785,84c1ffca,e19b32de,55533524,20260821,20260905,0
20V789,ffb9c4cc,89831f30,c56d51d5,20260821,20260905,0
20V804,fd2979e1,0bc58578,8ef14bc3,20260821,20260905,0
20V808,9435a480,f189814d,784dba93,20260821,20260905,0
20V809,d6d71f5b,387e837b,e1df8ab7,20260821,20260905,0
20V446,f43231d5,11c88ff2,8f9c26e7,20260821,20260905,0
20V450,4af51008,997a3e3e,f3380d3f,20260821,20260905,0
20E053,96282083,6311e6ca,657ad3d1,20260821,20260905,0
20V454,8aced45f,55bb7867,2d07926d,20260821,20260905,0
20V455,6a878c7e,14aeb080,a0a84663,20260821,20260905,0
20V458,d2008315,4376971a,b89094de,20260821,20260905,0
20V462,c92ee605,a3866cca,c92b506b,20260821,20260905,0
20V469,cd516070,1f94eb75,d1fc6b8f,20260821,20260905,0
20V525,bc12b004,83a0fb5f,ee8cd697,20260821,20260905,0
20V474,c326bc91,50ca213b,d3ee8669,20260821,20260905,0
20V475,1a0e158e,b9a2531f,1e85e32a,20260821,20260905,0
20V488,28040a29,078a42a4,6a7167c5,20260821,20260905,0
20V487,59ce8604,15ac98b7,12502c41,20260821,20260905,0
20V524,f616354e,7ef1c7f6,8dc948bf,20260821,20260905,0
20V199,adb86676,b9285de5,3fa0bc23,20260821,20260905,0
20V355,fd4d884a,19c532bc,6c84c8a0,20260821,20260905,0
20V492,3fb1c0c7,15ac98b7,a12ceca7,20260821,20260905,0
20V493,89f8d9fc,7e15c55d,2e4e0e67,20260821,20260905,0
20V495,d318ffaa,87b4eafe,684152fc,20260821,20260905,0
20V496,dae2d577,29f7fa39,2f60402c,20260821,20260905,0
20V497,70719358,a64b41de,e16a3903,20260821,20260905,0
20V499,f5789a45,e4ccee66,73fe92f1,20260821,20260905,0
20V515,6c8a2d89,d0cd0be5,70a41420,20260821,20260905,0
20V771,0b26c4f3,5c4618ab,a31ad74c,20260821,20260905,0
20V776,9372c3c0,0706f239,e79c5dbf,20260821,20260905,0
20V782,b4a90ef9,b88b3796,0cf3a1c2,20260821,20260905,0
20V788,9250256c,6b953d77,ed4ca83b,20260821,20260905,0
20V794,3e22647f,280698dd,dffbcdeb,20260821,20260905,0
20V796,d0159839,087e4739,c43bacb4,20260821,20260905,0
20V798,e82431f3,44bfdd27,a4835114,20260821,20260905,0
20V810,212f9228,c2c17ce9,25716f92,20260821,20260905,0
20V030,e717c1b2,d09cb36f,f5d9fc07,20260821,20260905,0
20V032,fbe00942,6cc021c4,cce249f6,20260821,20260905,0
20V812,136bb3dd,04e0103e,49959a4f,20260821,20260905,0
20V235,65b6674f,d2847e71,e37d6cf0,20260821,20260905,0
20V236,2c19f0cc,f595179e,da3ac8a4,20260821,20260905,0
20V004,ca6e8d38,71cfa3f2,26fe0a64,20260821,20260905,0
20V008,19b9bab2,e19b32de,303d6c9a,20260821,20260905,0
20V009,e57e9f1d,809f4f9d,788e2125,20260821,20260905,0
20V018,d2f000a5,e19b32de,d6ef0069,20260821,20260905,0
20T001,60d1ef3e,c4cde06c,050103d7,20260821,20260905,0
20T003,6cdccd83,f13da77f,ba21a01f,20260821,20260905,0
20V076,5e1d52fc,dd72036b,90c15b68,20260821,20260905,0
20V077,395e8799,7fbcc24f,e6e3c12b,20260821,20260905,0
20V081,60879181,87ce6078,f511613b,20260821,20260905,0
20V082,52918a4f,0e8686d1,a840edc8,20260821,20260905,0
20V084,5878c44c,6e1146b0,02c26c6d,20260821,20260905,0
20V088,19757895,8b97834c,20d66b6b,20260821,20260905,0
20V019,7a4e152d,4f7ffbcc,257a626b,20260821,20260905,0
20V024,a9ac4344,8ba5788f,227b6d88,20260821,20260905,0
20V026,3394159c,f5e8ea2d,4ec72987,20260821,20260905,0
20V062,95bb5a93,6fedc517,c3d6414c,20260821,20260905,0
20V063,5a2b73bd,cbf237c0,63181c44,20260821,20260905,0
20V065,149c47e8,168ad736,349d87a7,20260821,20260905,0
20E004,6c9b8a1a,10381212,4ff3359b,20260821,20260905,0
20V028,5053801b,40876257,72c2039b,20260821,20260905,0
20E006,0c17c708,fa305eef,6cde9076,20260821,20260905,0
20E007,e8c312dc,a7324370,a1097f8b,20260821,20260905,0
20V094,20b3d31c,a8b95140,bcad16f0,20260821,20260905,0
20V097,a69e1860,f1ecfc4f,fc5efd6c,20260821,20260905,0
20V100,71098141,a53d0efe,ff968def,20260821,20260905,0
20V101,330a5524,468188cc,85ee184f,20260821,20260905,0
20V103,b035df7b,d419cc72,033274e7,20260821,20260905,0
20E009,408b0256,d69ee46c,0402d8a6,20260821,20260905,0
20V111,c5b0a5f3,fe3b4bb8,4da7c3fb,20260821,20260905,0
20V112,a674c709,586a7bdc,ee54744c,20260821,20260905,0
20V115,fa0c73a0,280c7664,9f48442a,20260821,20260905,0
20V116,5e083593,fee4da09,9d154801,20260821,20260905,0
20V118,0b28e0f1,10d97ad7,244371e2,20260821,20260905,0
20V124,0717695a,6912a840,b982efcc,20260821,20260905,0
20V133,d377e8ce,98666b1d,3c4fe593,20260821,20260905,0
20V218,be7d67cc,773f2b43,25ddbadf,20260821,20260905,0
20V152,731e8502,6faacceb,a74a75d0,20260821,20260905,0
20E015,701884d2,78740bd6,7aed6f9e,20260821,20260905,0
20V134,80cbaf13,3eeb8551,c4f53327,20260821,20260905,0
20V135,bdf8a5a9,1a2a9c1d,9bd624cf,20260821,20260905,0
20V148,80d49fa9,c785bf2b,c1e7155e,20260821,20260905,0
20V154,9e3bde86,3fdb266f,df422972,20260821,20260905,0
20V155,1293a144,f40a59fc,ab39ef9d,20260821,20260905,0
20V157,75af1216,a64cd3b1,b5a9a4b6,20260821,20260905,0
20V161,9fbf70f0,61c7a0d2,8cf10d27,20260821,20260905,0
20V175,b1a17f25,f3c3552b,3cf3e1e7,20260821,20260905,0
20V176,9b1861aa,fa305eef,b5c1e0f6,20260821,20260905,0
20V188,5a8f6cfe,8f7f7224,3543d319,20260821,20260905,0
20V182,7582797a,8b0b6ad7,815e560d,20260821,20260905,0
20V202,1645ec9c,f91913a5,e3a50f4c,20260821,20260905,0
20V191,e82e46ab,34e491a6,e245d31b,20260821,20260905,0
20V203,c691eacf,1aa4a2e3,bc97e1f2,20260821,20260905,0
20V196,3c979922,7c29d2c7,ac6e207c,20260821,20260905,0
20V204,ebb5ecbf,3f082722,d9c35caa,20260821,20260905,0
20V211,33dc2d9a,2bc103cd,edf3c56e,20260821,20260905,0
20E020,d458876a,2f264b8f,4f7cdd01,20260821,20260905,0
20V208,d3450176,905f2956,900d7d95,20260821,20260905,0
20E021,53e0aa6f,d7ef6bad,7ce355ca,20260821,20260905,0
20E022,b33c72ae,889bb954,00d7d32c,20260821,20260905,0
20V214,3fddd83a,fe1870d1,f75f95d2,20260821,20260905,0
20V217,4ba63762,4f913cb0,853fa743,20260821,20260905,0
20V234,0bcc83e0,e53d3417,cd7f552b,20260821,20260905,0
20V247,6d0a96a8,ee225b15,841f6f54,20260821,20260905,0
20V255,c4044b61,a0a033d4,5467f55b,20260821,20260905,0
20V278,3fb51202,703dc06b,ce78eb3e,20260821,20260905,0
20V012,265e7624,9dfd6e81,aa972f75,20260821,20260905,0
20V003,d7937157,e19b32de,1170bc6a,20260821,20260905,0
20V007,cc5b739c,e19b32de,7b52293f,20260821,20260905,0
20V013,cd6ba4a3,9b9ddb2d,2df5165c,20260821,20260905,0
20V005,c2f2016a,71cfa3f2,c19a9a93,20260821,20260905,0
20V016,722db674,e19b32de,6e88add9,20260821,20260905,0
20V017,debc09dd,e19b32de,b9430550,20260821,20260905,0
20V020,90591cbf,c1bdab6e,6ba71b3b,20260821,20260905,0
20V021,f66c7ef7,b64e92a3,63bce11a,20260821,20260905,0
20V034,e9f29569,18533bd8,642d2eba,20260821,20260905,0
20V104,1db6c31b,bcab733e,0b6f1bbb,20260821,20260905,0
20V119,ed3859ad,10b90c5f,a06593b2,20260821,20260905,0
20V037,8e1b5845,0e446a37,a23913ef,20260821,20260905,0
20V044,0202e2ef,532bf89e,2b0a9292,20260821,20260905,0
20V378,23e5b0e9,10381212,9024d26b,20260821,20260905,0
20V051,d9a5b884,250e492c,09040b3c,20260821,20260905,0
20V049,5bea7cd3,7f1cb70e,89611b07,20260821,20260905,0
20E002,fc0744bb,5adbbb29,d966980c,20260821,20260905,0
20V083,4eca576f,c2e2f562,8bb7658d,20260821,20260905,0
20V055,ed676c0c,66943dab,879cf350,20260821,20260905,0
20V057,d6950896,5520842d,299e51a1,20260821,20260905,0
20V058,97c6264e,0020c319,adcc2a18,20260821,20260905,0
20E003,1d9f8842,6f475d29,d46e8fa9,20260821,20260905,0
20V066,d0c5d50d,2aea83e7,90f4044f,20260821,20260905,0
20V068,31743493,293cb953,b49271a0,20260821,20260905,0
20V072,93a70952,ce7e0413,5a6ecb15,20260821,20260905,0
20V075,6ce64f56,b4b655c5,1015f632,20260821,20260905,0
20V089,f630b8c9,6107e9d5,b1af806e,20260821,20260905,0
20V098,5b1c09a8,61f75fbc,1aa15399,20260821,20260905,0
20V102,795882ab,33718146,5b130b2b,20260821,20260905,0
20V105,471fd81e,b4b655c5,adb48618,20260821,20260905,0
20V107,d38aa7f1,76158365,0ac44b85,20260821,20260905,0
20V110,6532f60c,ed4728e2,a5dc15e1,20260821,20260905,0
20V117,75857527,82edd203,1c7c27ac,20260821,20260905,0
20E010,982eb20e,34b3b65f,8864a695,20260821,20260905,0
20V132,afd4d1c6,ff3782c8,447645b9,20260821,20260905,0
20T005,3e1396a5,f13da77f,4b1f1cd1,20260821,20260905,0
20V131,63e18635,8dfc8488,84282204,20260821,20260905,0
20V141,74060024,7c29d2c7,4187d5db,20260821,20260905,0
20V144,3fb3429b,d8ce1576,895c1b58,20260821,20260905,0
20V143,0c850664,cea2879d,847f6c71,20260821,20260905,0
20V149,beecb196,5af483cb,92bafe5c,20260821,20260905,0
20V156,6f5228ab,5ab83cb9,73f4ebe8,20260821,20260905,0
20V158,1b5d31be,c785bf2b,d28e676f,20260821,20260905,0
20V163,2d42b4ca,1aa4a2e3,4a4b7f77,20260821,20260905,0
20V165,81f799c7,38cd8d5c,b9f03855,20260821,20260905,0
20V166,656d7eed,a0b6a501,80e2644b,20260821,20260905,0
20V171,656bfe24,61c7a0d2,7b8d5280,20260821,20260905,0
20E013,05032286,a0b6a501,4b13704c,20260821,20260905,0
20V167,36dcf63d,61c7a0d2,5a195821,20260821,20260905,0
20V172,b274bc44,78e5cd0f,17452cb8,20260821,20260905,0
20E014,a120993d,b02fc6aa,f54a7fbd,20260821,20260905,0
20E016,2bdc49a8,4626fb2e,1cf397ae,20260821,20260905,0
20V181,34abd521,d7cc9e46,4ea561f1,20260821,20260905,0
20V185,7f99f862,e840d56a,a3aef47b,20260821,20260905,0
20V201,08e4c94b,dc8c0bfc,16e94a8c,20260821,20260905,0
20V222,dad00e87,10381212,a3b9d75d,20260821,20260905,0
20V230,b91a246e,a17fe452,914fb5dc,20260821,20260905,0
20E026,f6d8122b,9dfd6e81,aad3a5d7,20260821,20260905,0
20V210,83c49484,f3c3552b,7d400884,20260821,20260905,0
20V281,02dfb2fc,8291386d,f057f322,20260821,20260905,0
20V224,207c7c22,4e159dab,825536ed,20260821,20260905,0
20V231,3ec472da,2c1e78b5,83448449,20260821,20260905,0
20V232,224443fc,3096cf83,b5524c67,20260821,20260905,0
20E025,d60eb919,0b0f18d6,3cc975d2,20260821,20260905,0
20V233,51c9f9fc,b189a9d5,6b4fdd11,20260821,20260905,0
20V242,e0c0830b,a0cf0f5f,3ba61977,20260821,20260905,0
20V243,64238ba3,29f663d2,567d73c6,20260821,20260905,0
20V257,42f98727,a15ef2f6,0289d556,20260821,20260905,0
20V246,f3da489e,5cbf2bab,9d2e43c3,20260821,20260905,0
20E027,b7f06a36,dbcc0d7b,1cf397ae,20260821,20260905,0
20V249,32d6a2bb,097ad2dd,f53fe15a,20260821,20260905,0
20V258,9c780bd9,0dd4cce3,d48eca5d,20260821,20260905,0
20V266,ed07e2e2,f081945d,31f657d5,20260821,20260905,0
20V259,118bb08e,0dd4cce3,e0e66c99,20260821,20260905,0
20V277,83025712,8c285de8,834b5c20,20260821,20260905,0
20V262,a248a9ef,c3bca48f,f6c48fd7,20260821,20260905,0
20E030,87afa460,d39ed645,a920de60,20260821,20260905,0
20V269,2d32b871,98804a8f,d308ee53,20260821,20260905,0
20V275,0c4de548,658af5f8,8630be25,20260821,20260905,0
20V280,299c7477,6d08ba3d,78e305c4,20260821,20260905,0
20V284,afc03660,55a4521b,da23c58e,20260821,20260905,0
20V545,a746d01f,9bc1fe3b,4153d010,20260821,20260905,0
20V546,8fd7638e,5f4afda4,c262ddb6,20260821,20260905,0
20V351,80fa5b79,310c2356,249a57d9,20260821,20260905,0
20V298,86d1f0f1,b8d54d5d,3a956c05,20260821,20260905,0
20V310,424da623,1366eff3,febf76fa,20260821,20260905,0
20V333,84f81a9b,67671de1,fa805d43,20260821,20260905,0
20V285,f42f236f,d1f66726,678b68af,20260821,20260905,0
20V292,3e656f64,c8ccb515,3fc88f81,20260821,20260905,0
20V300,01f97882,55a4521b,952d1948,20260821,20260905,0
20V303,848471db,f3c3552b,4908d14c,20260821,20260905,0
20V309,dfdb4ef2,357376a1,5b291d17,20260821,20260905,0
20V334,d513bd01,22efb63a,0f3dd5f0,20260821,20260905,0
20V335,c1a20333,337eb55f,3c97f34b,20260821,20260905,0
20V336,bb5736f8,310c2356,90a12785,20260821,20260905,0
20V337,0167c9d5,310c2356,90a12785,20260821,20260905,0
20V340,b4502628,6d3eb7f7,1e01797a,20260821,20260905,0
20E037,b6ea26ba,27b8043b,bc10b236,20260821,20260905,0
20V363,dbb473f4,d7cc9e46,0860114e,20260821,20260905,0
20V364,62d38aac,3d2d57b5,9e4f2492,20260821,20260905,0
20E041,fd617e57,15ac98b7,8a2c5df5,20260821,20260905,0
20V369,44e9ef6b,72a120bb,77bc99e1,20260821,20260905,0
20V398,8bff769a,9ce9e13c,4c8d492c,20260821,20260905,0
20V434,df93d985,6657a47b,ffe6ddea,20260821,20260905,0
20V371,7b19eb02,310c2356,f1a39af9,20260821,20260905,0
20V372,5afa8ee7,de47014a,366140f6,20260821,20260905,0
20T012,d6d1d1b7,354f9987,e5dbf511,20260821,20260905,0
20V381,27b3c08a,ea439c8c,d5102ea8,20260821,20260905,0
20V387,c4e06b67,3562f10f,c127641b,20260821,20260905,0
20E047,6fedfc65,49440fde,570686dd,20260821,20260905,0
20V400,daf613ae,1b858087,71a6bf72,20260821,20260905,0
20E048,c28897a7,61eed40a,443e6099,20260821,20260905,0
20V409,ea6814d3,49690457,a9430e62,20260821,20260905,0
20V415,3bb2d6f4,470d45dd,b298cf30,20260821,20260905,0
20V412,2a1a0405,4cf425cb,760263ae,20260821,20260905,0
20V416,efda4e63,5d534b24,91a05e93,20260821,20260905,0
20V423,ee213fd2,7a8e327d,860889e1,20260821,20260905,0
20V432,c8f343e8,50719ada,2a7450be,20260821,20260905,0
20V426,a5187f23,d430b5c5,245fc830,20260821,20260905,0
20V431,1be75b4c,017598cb,7feebb7c,20260821,20260905,0
20V442,332b6970,28767225,e4aebbfe,20260821,20260905,0
20V444,8bed3d6a,e2d7f0cd,7d934282,20260821,20260905,0
20E066,f65f3146,5ebe2ab1,612fb930,20260821,20260905,0
20V711,e61abc7c,6e2c2dae,67baa576,20260821,20260905,0
20V714,61c8d119,884a4ead,367697cc,20260821,20260905,0
20V719,0d751151,387e837b,be8c3f67,20260821,20260905,0
20V728,21c6270f,72b78bf7,5b4deff0,20260821,20260905,0
20V720,7630ed72,9cb7dd0c,b4894830,20260821,20260905,0
20V722,d70f6eb3,33d1e926,01609a5f,20260821,20260905,0
20V724,65bb1ed0,9f832aa7,2d60474a,20260821,20260905,0
20V727,746fec92,387e837b,3043ce49,20260821,20260905,0
20V731,9fa5856c,dbb3c4c9,3dba8b38,20260821,20260905,0
20V732,ce860e32,b380164f,bcfa6a1d,20260821,20260905,0
20V733,c6b7ac43,387e837b,2e6f6eb1,20260821,20260905,0
20V737,75a3ffbc,73d99275,7f9749d5,20260821,20260905,0
20V742,a1c6f70a,5611cb07,98ef2ccd,20260821,20260905,0
20V751,1cacabf2,0babb1c2,96fd7948,20260821,20260905,0
20E089,773ed193,30ba1f13,3df23b4d,20260821,20260905,0
20V755,8dbdfe41,36594a0a,b76a833f,20260821,20260905,0
20E090,9f0c264b,4c55b667,0718569c,20260821,20260905,0
20V060,13b918cf,ba7a6129,b466c3d8,20260821,20260905,0
20V225,95cc19f6,c433a597,0504b943,20260821,20260905,0
20V477,3faf188e,e2d7f0cd,0d1ff11a,20260821,20260905,0
20V120,7918fa26,df1f071f,0572d3f6,20260821,20260905,0
20V121,c7d0c579,b7d8fa87,3db777a4,20260821,20260905,0
20V122,71a80720,b6fdea0e,62bc50bd,20260821,20260905,0
20V125,72387de7,f095c69a,1653a136,20260821,20260905,0
20V127,e28cafd9,61c7a0d2,46708f0e,20260821,20260905,0
20V128,1d6d55c1,8dfc8488,d3aefcb3,20260821,20260905,0
20V187,f3edcc5a,580f6cbc,3b65085f,20260821,20260905,0
20V150,6412a802,596ce112,9a9e8971,20260821,20260905,0
20V282,bff871df,280c7664,156ca482,20260821,20260905,0
20E011,6fc5c25d,78024d75,f73e2162,20260821,20260905,0
20V137,8e5dee70,54c43789,d4f5e56f,20260821,20260905,0
20V139,ac35ea6e,dfc464d5,545a253e,20260821,20260905,0
20T006,b14e0aa5,4040c403,3389a837,20260821,20260905,0
20V147,68716fa8,3fdb266f,e56f2225,20260821,20260905,0
20V153,7e88c9c2,55e87f25,9036be29,20260821,20260905,0
20V162,1bb03862,3c27f671,e92e4367,20260821,20260905,0
20V164,45b8b61d,a631a28e,331ad09d,20260821,20260905,0
20V174,c890a7b4,a2f8fcd8,82a045f4,20260821,20260905,0
20V178,2dad2aa5,91b9b798,c42e3392,20260821,20260905,0
20V186,ca0406a0,733289a4,aecb8250,20260821,20260905,0
20V180,b65cbf09,8208d433,da7c7118,20260821,20260905,0
20V184,4837270c,d292c8a5,affacd30,20260821,20260905,0
20V190,cfebbeb3,9e92dc2b,08e6e9ca,20260821,20260905,0
20V192,2d07966b,3a23d17d,fd7d0d4b,20260821,20260905,0
20V240,1d3d6a32,7a4174a5,3c60947f,20260821,20260905,0
20V195,15717df0,0bffcbf4,2d880082,20260821,20260905,0
20V197,86cb0c77,dea1eda8,19f561ba,20260821,20260905,0
20V206,9f4ba530,c8ccb515,91da6b4e,20260821,20260905,0
20V198,470a30fe,b485f1ce,0bb0a94b,20260821,20260905,0
20V205,223520f5,4cb8bc4d,781efa66,20260821,20260905,0
20V708,5349a3c0,bb4da9ae,41f037e2,20260821,20260905,0
20V709,e2dd6130,9c8c647b,2d4ac674,20260821,20260905,0
20V710,a411b52e,670f1381,20d3eafb,20260821,20260905,0
20E087,a153ac7f,41082a22,95c8b7a4,20260821,20260905,0
20V726,8b5b7892,938c6d30,737221da,20260821,20260905,0
20V736,fe5c4390,243a5934,b3e742fd,20260821,20260905,0
20V740,c7e86996,b6d1d74f,38cddd67,20260821,20260905,0
20V750,87fad0f2,d52a0061,91c51daf,20260821,20260905,0
20V754,266e00ac,a3e997a4,295e4a7a,20260821,20260905,0
20V758,cc783ef5,e8c6ba2d,48c48638,20260821,20260905,0
20V762,54f8ec0a,eb4aa081,05f92337,20260821,20260905,0
20V765,77a8fc17,3ec91f6a,833c2b50,20260821,20260905,0
20V777,fafedb4d,e537d214,e58897b0,20260821,20260905,0
20V781,3fb6e914,2446f847,7de1daa5,20260821,20260905,0
20V786,cd0b6346,f96f1cea,67190ffb,20260821,20260905,0
20V791,481c3666,493ae87b,342827de,20260821,20260905,0
20V792,debc9ecd,a54d4034,03b21a8f,20260821,20260905,0
20V793,09b51e21,c5965ba8,4119e99b,20260821,20260905,0
20V800,f58750af,99875ff3,7391ea2b,20260821,20260905,0
20V801,8c649cc9,1e6fd40c,21b7fd52,20260821,20260905,0
20V802,3ac2f6eb,a0b3c54b,f98e93ab,20260821,20260905,0
20V807,c8cf088d,580115e3,ec03490b,20260821,20260905,0
20V811,0c1b7a81,b356588c,a2b422e8,20260821,20260905,0
20V570,393b5bc0,85e22703,f6167d37,20260821,20260905,0
20V581,4a9deb1c,8802dd74,c0311fb0,20260821,20260905,0
20E093,18273619,ded2f27a,83d502e2,20260821,20260905,0
20V550,dfc592c8,1ce78a68,8fa7ea90,20260821,20260905,0
20V002,e7f74c3d,e19b32de,b02ee504,20260821,20260905,0
20V011,9f5c8c47,9fc55b07,5d26237b,20260821,20260905,0
20V029,ff657817,61fce197,bba90d44,20260821,20260905,0
20V067,05014598,e0005f3e,a3fd8433,20260821,20260905,0
20V069,6ff5de62,26699e37,e298eca1,20260821,20260905,0
20V123,7d31895e,aaf78b7c,6915c2c9,20260821,20260905,0
20V126,1b10f5b4,61c7a0d2,2b6b472f,20260821,20260905,0
20V025,095d9aae,78024d75,4c004e80,20260821,20260905,0
20V023,6722b6cf,a7e64022,fce66c98,20260821,20260905,0
20V031,3c8f7b3e,ee0a7744,8d1a810e,20260821,20260905,0
20V054,6d5f22b9,5cb7c5c8,b5d870e0,20260821,20260905,0
20V041,cd0b996f,ad0adc10,3fc69789,20260821,20260905,0
20V042,8ea213f8,3bc5f1f1,c6970161,20260821,20260905,0
20V048,5a784664,3d2d57b5,7627d178,20260821,20260905,0
20V052,6bf97b9c,6b0ca215,41e68d6c,20260821,20260905,0
20V056,8630c76b,a2dbca79,72be7ee1,20260821,20260905,0
20V078,71ac9bf2,c26139b9,70b6af38,20260821,20260905,0
20V079,4dcce8af,cf4372a5,e83b4746,20260821,20260905,0
20V085,38d44eff,3af2a714,678900a6,20260821,20260905,0
20V090,5357da35,443fe2a6,a1dfb9aa,20260821,20260905,0
20V096,f3e53897,59a56234,8f38a095,20260821,20260905,0
20V099,54dc7bb9,d81f6e9c,c10a695b,20260821,20260905,0
20E008,c5e5a8be,840d9cf8,107928a3,20260821,20260905,0
20V113,c56f7981,4ecdad41,07c6290b,20260821,20260905,0
20V159,526af2d1,227c6670,e251f3bf,20260821,20260905,0
20V130,e8962067,c433a597,a0b89807,20260821,20260905,0
20V136,87ab1f55,421dca03,a0eaf27a,20260821,20260905,0
20V138,b9b0248a,bf949f94,cef4402d,20260821,20260905,0
20V140,5bc50cbb,9af3119f,c9322293,20260821,20260905,0
20V142,c847164d,432b5de7,712c372b,20260821,20260905,0
20V145,e84a4d74,5a80c48d,8aedcb6b,20260821,20260905,0
20V146,78898557,aa7a6dd2,4dca87a5,20260821,20260905,0
20T007,107468cf,4a18142a,06fd7f8a,20260821,20260905,0
20V151,0171a778,7e5d9835,e20b6940,20260821,20260905,0
20V168,4154ae53,89882764,7270072e,20260821,20260905,0
20V169,9c1d88f8,cc2ce16c,0562df7d,20260821,20260905,0
20V170,aeabadbc,e6930403,350592dd,20260821,20260905,0
20V179,9c246fa7,61005234,a2ca8bc6,20260821,20260905,0
20V173,cf0b6440,c8fbd195,11a36411,20260821,20260905,0
20V177,76185d15,6c5e4622,7de8b5cb,20260821,20260905,0
20V715,19371321,554f87eb,2f34e29f,20260821,20260905,0
20V207,8cfd9ec4,d9e6273b,1616f171,20260821,20260905,0
20V183,3c3f99a3,158cf02d,608a4f71,20260821,20260905,0
20E017,47c6eb68,fa634852,5dfa59b5,20260821,20260905,0
20V189,34c38ac2,5a80c48d,460e4be2,20260821,20260905,0
20E018,d7a48670,4aa19330,6c9d6807,20260821,20260905,0
20V193,7470bc39,33d4bf26,ea6860e1,20260821,20260905,0
20V194,4568f2bf,6c298cdf,89a5ab8b,20260821,20260905,0
20V200,18017158,385cb123,c8e29aba,20260821,20260905,0
20E019,e84167a0,e9ad9c07,a8e8578e,20260821,20260905,0
20V213,47edc4d5,c67229ec,599e19d8,20260821,20260905,0
20V216,6c0d7098,b3907974,79b2d6e4,20260821,20260905,0
20V223,a4d53e51,e9ad9c07,4c93c797,20260821,20260905,0
20V226,67709ddb,1a22db6a,45915cb9,20260821,20260905,0
20V648,e713a0be,097ad2dd,b16b6302,20260821,20260905,0
20V695,3f21694f,fabfc875,6416a50d,20260821,20260905,0
20V572,077841ba,12cc01c9,2c7a8372,20260821,20260905,0
20V766,022a6b44,777ba280,a06e3017,20260821,20260905,0
20V439,c6ad8e73,01217df6,28bf2f46,20260821,20260905,0
20V441,b0d9051e,97bb24d9,9fe96b8a,20260821,20260905,0
20V447,48b47e78,13b3221d,6d43d7ce,20260821,20260905,0
20V449,95b46646,0b17cf42,1cb10150,20260821,20260905,0
20V453,6e7bf003,e17853a8,7435cc71,20260821,20260905,0
20V456,cd454bcf,14aeb080,28747e6f,20260821,20260905,0
20V457,6de404a8,a3866cca,925ce105,20260821,20260905,0
20V461,db85c4b6,489e78d7,be38c632,20260821,20260905,0
20V468,09d13d2b,bfa43cf4,3deaf0a9,20260821,20260905,0
20E059,704cc0a4,419ec708,fd9f6f55,20260821,20260905,0
20V510,9f117a40,ebed2427,7901a2e2,20260821,20260905,0
20V552,8bf5af60,9ba26c40,dcb44e68,20260821,20260905,0
20V470,1dd63308,dcd513b8,ec3252c0,20260821,20260905,0
20V471,a8cb2f82,703dc06b,f346af99,20260821,20260905,0
20V486,e55a0042,1e57ff09,0e36d4f6,20260821,20260905,0
20V494,4e154070,505069d3,ecc974a2,20260821,20260905,0
20T016,78a48101,afdc664b,b56557c3,20260821,20260905,0
20V513,6553b300,947b12cc,1406ad30,20260821,20260905,0
20E060,b915db5a,947b12cc,c9b41df6,20260821,20260905,0
20V519,3d188fed,ea7169a2,0624456d,20260821,20260905,0
20V521,31b19287,4be9ebc7,a29dc861,20260821,20260905,0
20V523,ba91bab4,6d2368c9,d08c0903,20260821,20260905,0
20V527,e1412c9c,b9a2531f,21af76b7,20260821,20260905,0
20V533,1787e094,b7d9cf61,55b86b22,20260821,20260905,0
20V542,6e206739,3e36ef91,f686574c,20260821,20260905,0
20V543,8b2bbf06,79a9f076,152d6dba,20260821,20260905,0
20V544,66e8f56d,61ae07ae,ef6cf1c2,20260821,20260905,0
20V547,295c0e32,3e36ef91,c959a759,20260821,20260905,0
20V554,db5246e1,c498a58d,732e6d62,20260821,20260905,0
20E067,10be249b,786e453e,629ecca1,20260821,20260905,0
20E068,e1f0ec61,a7f017cf,17243bad,20260821,20260905,0
20V568,71ae9c93,0f0249ef,38d2aec2,20260821,20260905,0
20V577,46774d34,402bf223,59769c31,20260821,20260905,0
20V580,1f8eee6e,a05572d3,e720090a,20260821,20260905,0
20V586,d583fc06,55f1b39c,a27edf87,20260821,20260905,0
20V588,f8a17c75,bc685c28,40ff57a2,20260821,20260905,0
20V600,4779d618,eb474228,50f65c01,20260821,20260905,0
20T018,2921ff58,257e5345,398f0786,20260821,20260905,0
20V591,3fcfeacc,fc3f0d08,9ef495f3,20260821,20260905,0
20V772,b9f5213c,2cb9d8bc,3413d9ae,20260821,20260905,0
20V603,387577f2,587ff4b0,5eb5870f,20260821,20260905,0
20V616,07605727,f810091a,4beef3a4,20260821,20260905,0
20V619,b1012589,387e837b,23605fba,20260821,20260905,0
20V622,0ed37f30,b044144c,73e85db7,20260821,20260905,0
20V625,8d5c04fb,af2cf284,843c14d4,20260821,20260905,0
20V629,34a78636,96082a7a,08536867,20260821,20260905,0
20V633,e07caf82,3e13b66c,808694f0,20260821,20260905,0
20V637,54c4d3ff,2bb6edf1,173d2308,20260821,20260905,0
20V641,29a97a23,0fc653dd,5dfc49c3,20260821,20260905,0
20V642,86709b81,7029c558,58205aa3,20260821,20260905,0
20V644,842acfe8,9427dd35,05d0c4af,20260821,20260905,0
20V646,ac8fb6d4,231a5935,5a2053d6,20260821,20260905,0
20V650,dd70fabd,5b60b0dc,df4e07e0,20260821,20260905,0
20V663,8e4e1d7d,8778f174,3d16d726,20260821,20260905,0
20V664,883f794f,aefcc8e8,be757c8c,20260821,20260905,0
20V671,76b0725b,04628253,cd12f9ff,20260821,20260905,0
20V673,e7ae0edc,e8160d60,a0ab1b2d,20260821,20260905,0
20V678,e02b68a7,11f5144d,fc0d1a11,20260821,20260905,0
20V679,eb2d66fe,8301a082,6e5ac7f1,20260821,20260905,0
20V683,79ca5a9b,93a6832f,ad3b33bb,20260821,20260905,0
20V684,78ec1476,9932ce61,62e07181,20260821,20260905,0
20V696,db7266c0,4da36576,4ca98f28,20260821,20260905,0
20V685,c35dcea6,83f500a7,bd59d93d,20260821,20260905,0
20V689,6784b464,af900146,34cac778,20260821,20260905,0
20V692,226bb423,5db0a82e,2ac7b343,20260821,20260905,0
20V705,30056dbc,d915a598,b845b501,20260821,20260905,0
20V706,66d5d25e,ad364a1b,d7ce65f5,20260821,20260905,0
20E086,a14dbabd,b069692f,660c570e,20260821,20260905,0
20V716,06b7fb13,04f5416c,8c86ded2,20260821,20260905,0
20V718,f5208f44,387e837b,eeb0771b,20260821,20260905,0
20V729,1cf07a31,337f4823,e89b9c4d,20260821,20260905,0
20V730,62a0c4e9,10da2487,1730d0f1,20260821,20260905,0
20E088,59d034f2,12703fc1,4d1fa7d3,20260821,20260905,0
20V735,2e9267e8,0d78a96d,15cc7e71,20260821,20260905,0
20V738,bf77afb3,07aba251,dc72e585,20260821,20260905,0
20T021,210804d7,e563348a,7686a048,20260821,20260905,0
20V745,8496c09a,74cf66fe,a01a9f6d,20260821,20260905,0
20V743,c3ca8e01,bf0f2a65,ec734c44,20260821,20260905,0
20V744,68cd2ee0,a54ab787,6e435913,20260821,20260905,0
20V747,5da7bfbc,e19b32de,28e5ad19,20260821,20260905,0
20V753,c1e55b97,cb092c6d,9cd9efc3,20260821,20260905,0
20V768,a2b63268,619eaf93,1ce4dae7,20260821,20260905,0
20V761,5090a67c,a347204f,f348d374,20260821,20260905,0
20V795,ef0ba3a4,544d5722,09811148,20260821,20260905,0
20V763,3b1e48a9,e2dfa40d,95c6166b,20260821,20260905,0
20V764,3ae74819,a01bea6a,e89e53f3,20260821,20260905,0
20V767,212fa812,ff100902,c6e98eeb,20260821,20260905,0
20V774,0479901c,71e46efb,41aa142f,20260821,20260905,0
20V779,4e98972d,04e0103e,b6147965,20260821,20260905,0
20V783,871dbbf0,04e0103e,be6cf015,20260821,20260905,0
20V784,dea7e3b6,3d9c4b6e,ca685e8d,20260821,20260905,0
20V797,92a70e84,b2ea6ffa,85f3dd75,20260821,20260905,0
20V790,e1c8bfd9,d4e3eb6a,50abae5a,20260821,20260905,0
20V799,a3abd73c,b735ecfa,8986e4f0,20260821,20260905,0
20E092,833821e6,0b4a46ed,580ec285,20260821,20260905,0
20V805,be4d34fe,2dd6865f,992cc5e8,20260821,20260905,0
20V806,d4fc81ee,580115e3,ec03490b,20260821,20260905,0
20E094,ee9eea8d,ded2f27a,6e179ca4,20260821,20260905,0
20V813,be8963e9,b6212535,c47611db,20260821,20260905,0
20V814,5aa31aa9,341a70f5,a5ec8d36,20260821,20260905,0
20V501,cb6fa9cc,5cfce0cc,e56f4499,20260821,20260905,0
20E001,34bf7180,e19b32de,9d34840e,20260821,20260905,0
20V001,80bfc752,e19b32de,16a3d268,20260821,20260905,0
20V239,36e7cf86,d39ed645,89a3006e,20260821,20260905,0
20V252,02232c1b,eb8a6ba2,d5541bb7,20260821,20260905,0
20E031,673b2584,55a4521b,523e6a96,20260821,20260905,0
20V273,06652bf4,11b4f938,3adb0b32,20260821,20260905,0
20V276,fc02bc9f,60bb7f09,5d43b07b,20260821,20260905,0
20V290,90c74a6d,d38585db,800a30c4,20260821,20260905,0
20V291,556bdbe8,55a4521b,8b83e540,20260821,20260905,0
20V314,69f5f902,9dfd6e81,d1a6dfaf,20260821,20260905,0
20V295,4b1839fd,86de35bb,737e36b8,20260821,20260905,0
20V302,282ec2bb,83ad67fc,4f9a83c9,20260821,20260905,0
20V304,429bcb73,703dc06b,b2c5c3cd,20260821,20260905,0
20V307,5370f78a,4df875cf,a4a7659d,20260821,20260905,0
20V341,f2b643cd,3e52c787,92aa0357,20260821,20260905,0
20V331,24e31ba8,6c5e4622,7515b6dc,20260821,20260905,0
20V338,51c98bf4,cf8fe13c,7f57a0ce,20260821,20260905,0
20V354,f86cc1bc,67f55315,ffb22285,20260821,20260905,0
20E035,8bf24baa,6783722b,b2d2baa1,20260821,20260905,0
20V346,665e071c,d0f92975,0ea7ae91,20260821,20260905,0
20V349,b57687cc,310c2356,b7f76aea,20260821,20260905,0
20V359,7ceb21e5,0fd5d97e,86ccbaaf,20260821,20260905,0
20V361,99157d73,c9266eef,9094282c,20260821,20260905,0
20V362,5bbfd540,102cfd48,11a9fbc4,20260821,20260905,0
20V365,04721b67,0484e89f,7a9cc334,20260821,20260905,0
20V366,8fb488d9,c1e8540f,fa5a1303,20260821,20260905,0
20V373,0c2dcdc8,9fa3ca73,606dae5b,20260821,20260905,0
20E043,f3a4ee76,30e949fc,26eac9ea,20260821,20260905,0
20V374,ae7b606b,c1786f84,0ed0ab3d,20260821,20260905,0
20E044,4a5bc268,d4097919,153570de,20260821,20260905,0
20V375,04eba98f,72db8673,c4e0296f,20260821,20260905,0
20V317,81ecf030,8798cfec,311a0403,20260821,20260905,0
20V322,4bf2d2d6,e2d7f0cd,05053a9e,20260821,20260905,0
20V326,8c90dc30,776ab33b,19c82ad5,20260821,20260905,0
20V325,ba77e316,0f503d6d,75bfc0a4,20260821,20260905,0
20V328,07e9b9c3,c0eda64d,98a5ea38,20260821,20260905,0
20V329,9531fc45,0560057b,75de9e04,20260821,20260905,0
20V575,75acdb2c,a8eb6846,7ca1cec3,20260821,20260905,0
20V578,8bdcc638,7a0fe017,b722617c,20260821,20260905,0
20V584,3524dc8f,73ab2b63,9f2040b0,20260821,20260905,0
20V585,b02e366a,7164fc20,12ce5101,20260821,20260905,0
20V589,4c09d387,80dcd2a9,d224bb3c,20260821,20260905,0
20V592,af473c66,c785bf2b,e4af004d,20260821,20260905,0
20V597,1119cbfd,3fa7809a,eb5058bb,20260821,20260905,0
20V604,4b60ebe5,869e153c,04de4fa4,20260821,20260905,0
20V605,98dce95f,e436a839,c2c288ae,20260821,20260905,0
20E073,9003593f,2ba51039,9efe6fe5,20260821,20260905,0
20V613,6f17bde1,2167f2f8,9d801af5,20260821,20260905,0
20E074,160b397f,ebaacf0e,c1856560,20260821,20260905,0
20V618,7f5ea2b6,977ed862,edfd94de,20260821,20260905,0
20V620,c3fa7ed5,387e837b,37f5453e,20260821,20260905,0
20V643,90c51eb6,783b1f05,b46c2583,20260821,20260905,0
20E076,bc7c8e85,e543f226,6e0a9bad,20260821,20260905,0
20V623,3fc052c9,7d659833,dbc9870f,20260821,20260905,0
20V624,57886fbc,e52ad9d6,c2dcf337,20260821,20260905,0
20V630,c46b8e5d,7fbbdf99,5f02f4c2,20260821,20260905,0
20V632,47914ea7,235924a3,40de0779,20260821,20260905,0
20V638,8f57aeca,e15c1db8,250a4c37,20260821,20260905,0
20V639,1863c67b,d4f0f22b,15f86c66,20260821,20260905,0
20E078,39a85108,04e0103e,e1c8519f,20260821,20260905,0
20E079,5492d931,d7646c39,2cee41a4,20260821,20260905,0
20V647,6712c462,96153618,93637a7a,20260821,20260905,0
20V658,e6654977,0938400d,5ac75add,20260821,20260905,0
20V659,39cb2b24,58edd67d,0e3dc756,20260821,20260905,0
20V660,fe9f8bdd,7dbf727b,e3a67ee4,20260821,20260905,0
20V661,7bbdbd8c,c5d7f8c5,229f1b2e,20260821,20260905,0
20V700,774ea79e,25c130ff,58ee20f2,20260821,20260905,0
20V666,985833d7,5449530c,da797f57,20260821,20260905,0
20V668,41ba1885,6e672161,63098620,20260821,20260905,0
20V669,f783d2c3,38776419,f658d644,20260821,20260905,0
20V670,119c8b93,0fc9950e,2a9a2840,20260821,20260905,0
20V681,d54f96a7,cd5d93ce,d7f5c93e,20260821,20260905,0
20V687,c4763fe6,ed839c2c,b6465366,20260821,20260905,0
20V690,3471e575,77c6fa67,cf4029c2,20260821,20260905,0
20V701,b1a68c1f,86c7f84d,377023d7,20260821,20260905,0
20V522,437701f9,dc8c07c8,9b5a9bf6,20260821,20260905,0
20V397,a6f70bfb,1c7945e2,e0ac34a7,20260821,20260905,0
20V379,696c6e49,1d94a2cb,192c24ad,20260821,20260905,0
20V380,8c8c6679,ee430267,89abaeac,20260821,20260905,0
20V382,8cd2b221,1bfb9b80,51e6ed08,20260821,20260905,0
20V383,e3bdadee,26d4caa8,c5cf6ba3,20260821,20260905,0
20V385,d25b971b,fb01dbfb,f17c3d7b,20260821,20260905,0
20V389,5657bfe2,0dd4cce3,7e3facfa,20260821,20260905,0
20V391,f0f9dffb,0f8d43a0,47202e28,20260821,20260905,0
20V401,0a100ea0,d26e0963,fb3c7e70,20260821,20260905,0
20V403,316250d6,04628253,72240cc4,20260821,20260905,0
20V422,1dc422bf,13b3221d,5f101537,20260821,20260905,0
20V429,5a4666d2,d0d113d0,e67ea036,20260821,20260905,0
20E050,fdfdd643,4144c2c9,915209de,20260821,20260905,0
20E051,4b23c435,c8f8e94a,24fda7c9,20260821,20260905,0
20V440,fb8f9aa1,d50a456e,1329c72e,20260821,20260905,0
20V479,d276f88f,25de6eb8,7693f3b7,20260821,20260905,0
20V557,75f3f584,ff2d024d,ec30e43b,20260821,20260905,0
20V573,43534b3f,f2bb9159,9fbf0ad1,20260821,20260905,0
20V587,e39f6111,6f105e0f,00b30735,20260821,20260905,0
20V596,8fa4e68e,30568a87,a2a00cb9,20260821,20260905,0
20V209,8bc00a95,f3c3552b,b0267d5c,20260821,20260905,0
20V212,783aadd4,de9ec138,c0c4ddda,20260821,20260905,0
20E024,3a8a983c,dfae284c,ffd7693c,20260821,20260905,0
20V219,f0421f04,4aa19330,3f93d6ff,20260821,20260905,0
20V228,ef58c0bf,ee699433,45146cb0,20260821,20260905,0
20V229,7aadee74,fa305eef,1132a87d,20260821,20260905,0
20V220,75e217f2,4aa19330,69400cbf,20260821,20260905,0
20V221,bda09d3a,178c795d,954b11fc,20260821,20260905,0
20V227,a78fa8ee,2c49faf6,c5f0c1f8,20260821,20260905,0
20V241,7051577d,b9cff1cb,3e5552a9,20260821,20260905,0
20V244,2284cd68,295a7fb2,94c411dc,20260821,20260905,0
20V245,e651398d,da472463,6fc6cb1c,20260821,20260905,0
20V248,41e1a6d8,ca7c5bb6,081d008c,20260821,20260905,0
20V250,8f760e96,10381212,c2bc3684,20260821,20260905,0
20V251,68276ea1,6f475d29,0d9acb9c,20260821,20260905,0
20V254,ac8146c3,0864d85a,90ad683f,20260821,20260905,0
20V263,5b199ca9,49ba0734,0bb1cf8b,20260821,20260905,0
20V271,ac4f4b76,079811a6,4d63d12e,20260821,20260905,0
20V274,7fb3099b,11b4f938,2b42f97d,20260821,20260905,0
20T002,25b0f021,8fbe5c75,9541fb51,20260821,20260905,0
20V283,ab9293a4,dc5295ac,5c7665e4,20260821,20260905,0
20V288,41a9266a,4cbc61c1,d0073206,20260821,20260905,0
20V289,4f6b7f6b,d38585db,dfca17af,20260821,20260905,0
20V006,840e027c,189c0a0d,ae1a794d,20260821,20260905,0
20V392,b355462e,b82354e2,4cd1dd45,20260821,20260905,0
20V010,810f13da,c8ba37f4,fc725c78,20260821,20260905,0
20V014,a4201a16,d370afdf,6b1a16fe,20260821,20260905,0
20V015,b832b641,15f9fb14,78a17024,20260821,20260905,0
20V022,ad115c81,7beeb4a0,1321b121,20260821,20260905,0
20V027,a3605290,f5e8ea2d,3f7660da,20260821,20260905,0
20V033,39d40abb,75622e2b,6ee3e17e,20260821,20260905,0
20V038,d9d4049e,dc9c0857,3e0f9157,20260821,20260905,0
20V047,973d9c67,b9a2531f,22babc75,20260821,20260905,0
20V035,b8fd9018,26fa740b,c1e7a01b,20260821,20260905,0
20V036,c8f9a0c8,c785bf2b,80828924,20260821,20260905,0
20V039,3ac7291c,26aaf1fb,7578550d,20260821,20260905,0
20V040,86dd8f57,6feff737,1527a0f8,20260821,20260905,0
20V043,370e991c,c3bf914a,4a57a164,20260821,20260905,0
20V046,fe38199f,15e06570,654329c9,20260821,20260905,0
20V050,83128812,43332bb0,3b1ba0bf,20260821,20260905,0
20V053,e0fcbf76,3fe31979,85a8fbea,20260821,20260905,0
20V059,7e1e3d68,4e8f117d,f6a55883,20260821,20260905,0
20V061,befdf6f6,1f931484,707360ca,20260821,20260905,0
20V070,b3753604,ffe9f42a,8722e598,20260821,20260905,0
20V064,53fae87d,6c57eb62,2c1b3e97,20260821,20260905,0
20V071,6da40b4c,f6831686,661b38a8,20260821,20260905,0
20E005,9d2743aa,9de08bec,8d863f51,20260821,20260905,0
20V073,1e514435,f6831686,e02e271a,20260821,20260905,0
20V074,4a61eb68,6f475d29,b8a0e2e7,20260821,20260905,0
20V080,ec2ef2aa,ae88569d,46e90c8a,20260821,20260905,0
20V092,71087463,99fdaa7d,aa83d9d5,20260821,20260905,0
20V086,f6926989,fce5387e,c1dfd1fb,20260821,20260905,0
20V091,817552b2,8a5cf0b0,37a947c2,20260821,20260905,0
20V093,0ba3988c,99fdaa7d,577f011c,20260821,20260905,0
20V108,270383cf,fe3b4bb8,ff62fee4,20260821,20260905,0
20V109,b249c6e5,f4767e9b,0b35fa8e,20260821,20260905,0
20V787,22e404c7,6ec34192,e5a584b2,20260821,20260905,0
20V293,38e0c0a7,c8ccb515,6f873e43,20260821,20260905,0
20V294,88bf8c9a,6ae7d0cf,07e22972,20260821,20260905,0
20E032,52d35c08,fcd1ca5c,ac7aa9b3,20260821,20260905,0
20E033,30263e65,568aacc7,3561b1e8,20260821,20260905,0
20V311,2aae8167,8d1999c8,2cdd816c,20260821,20260905,0
20V313,ba1fea8d,55a4521b,6201e302,20260821,20260905,0
20V321,9f64ccb4,703dc06b,514200a5,20260821,20260905,0
20V339,3bf5a8f1,8598afd4,080861e6,20260821,20260905,0
20V323,48fa7b17,55a4521b,9611221c,20260821,20260905,0
20V330,350f070a,5a2215eb,4f572efd,20260821,20260905,0
20V315,0a09469b,51ce8d94,75a01359,20260821,20260905,0
20V324,1b29471c,432b5de7,42b4d555,20260821,20260905,0
20T011,6e0153fb,f13da77f,4d0823cf,20260821,20260905,0
20V343,46fc7af4,27b8043b,9f2fbb82,20260821,20260905,0
20V356,c5671615,24ed7b47,7b04d5b3,20260821,20260905,0
20V345,9345f975,b2c6747f,0837236c,20260821,20260905,0
20V347,79fd76ca,3f6b251f,082f3e8d,20260821,20260905,0
20V348,f222c090,10381212,7102c2c8,20260821,20260905,0
20V350,0a371fa4,41ca71f8,16310455,20260821,20260905,0
20V352,78f23545,3ed89b39,39a250e1,20260821,20260905,0
20V353,629a936f,fcd1ca5c,2d60aa8f,20260821,20260905,0
20V357,bbcb93f8,24ed7b47,aa33263d,20260821,20260905,0
20V358,e69dc4a7,8208d433,5b8d0c66,20260821,20260905,0
20E042,38ff4999,edeb47a6,6bec4b65,20260821,20260905,0
20V388,66070caf,d7cc9e46,46f95167,20260821,20260905,0
20V376,d737643b,f241f485,66dd3fe8,20260821,20260905,0
20V393,8e40d2b0,15cdbb22,07a3491f,20260821,20260905,0
20V394,6536066a,593267b8,8e84d727,20260821,20260905,0
20V395,df63a6c1,f503cfac,589733d2,20260821,20260905,0
20V396,10600928,1f5681c5,05c8c12d,20260821,20260905,0
20V405,24b8716f,a53f3f65,13b8c2cf,20260821,20260905,0
20E046,7ae5e967,ded2f27a,62822ef0,20260821,20260905,0
20V402,f085630b,99e9e1c7,d98f539b,20260821,20260905,0
20V406,fc9e3e1b,420e9550,1e624134,20260821,20260905,0
20V413,cdfe9ebe,98043fc8,a58bcb96,20260821,20260905,0
20V418,1ccb2186,078a42a4,280dfa6d,20260821,20260905,0
20V420,d5a72669,a6a4accc,be230f2d,20260821,20260905,0
20V427,c1685625,5fb3ec6f,129adbed,20260821,20260905,0
20V436,485340ad,392ed518,f0ff37ad,20260821,20260905,0
20V435,4974d763,036c2e8f,76c7c2e9,20260821,20260905,0
20E052,a51ccb60,0e32d937,e2b118fa,20260821,20260905,0
20V448,ed98d958,9a6c4af1,c918705d,20260821,20260905,0
20V452,c249090f,e0f34cbe,75e36e0e,20260821,20260905,0
20V465,05e1d5dd,15f9fb14,98de5cd1,20260821,20260905,0
20E054,fbcefac4,79cd5721,8354f344,20260821,20260905,0
20V480,d292b543,7d659833,266ebcb2,20260821,20260905,0
20V482,51c3f363,660b8c40,80f3a7ec,20260821,20260905,0
20V484,ca51249b,679b7502,2aefd85a,20260821,20260905,0
20V530,dda4fb5a,b958dd6e,0ce1d833,20260821,20260905,0
20V490,2a89b46e,365f8264,7bc23745,20260821,20260905,0
20E056,15f63160,aa50eb25,e1bb9342,20260821,20260905,0
20V503,0b446e0b,ed946a61,8b1b8040,20260821,20260905,0
20V505,d12f31aa,c28f184b,16c8e9ab,20260821,20260905,0
20V518,792480ec,79a9f076,82a280d8,20260821,20260905,0
20V526,72fddcb7,ef27b257,c20f4453,20260821,20260905,0
20E062,a3047dcf,12a88b36,a731a2c5,20260821,20260905,0
20V528,c80a7e4f,4f8041b3,822a491a,20260821,20260905,0
20V534,325b6b4f,8ad1be94,51686ab4,20260821,20260905,0
20V536,5b58e855,0a6a526e,b3cbe765,20260821,20260905,0
20V538,dc2d0e89,3615d542,006202ba,20260821,20260905,0
20V539,6719ac7d,eacd0d69,51275bb4,20260821,20260905,0
20V556,302c1d1f,d4097669,7f60eeb6,20260821,20260905,0
20V558,7848c81f,69918324,d9865044,20260821,20260905,0
20V559,299386d7,3c9bca2b,bbfa7ec3,20260821,20260905,0
20V564,10434db2,c299a965,6feb9354,20260821,20260905,0
20V567,d1b1516b,9e032435,775a3593,20260821,20260905,0
20V569,8fb33acd,1aea4c5f,b54996ba,20260821,20260905,0
20V095,f3a06d07,7d659833,2d161573,20260821,20260905,0
20E072,63bc219d,3690a078,5d504be8,20260821,20260905,0
20V610,7d9237b6,3e294c64,a9450db1,20260821,20260905,0
20V611,69cff320,c802cfa2,f055a24d,20260821,20260905,0
20V443,ab397c31,f0eb03f6,34fb0799,20260821,20260905,0
20V451,4c4a3da2,3a4a38e7,a3365d07,20260821,20260905,0
20V459,dd6ce086,1a514d98,cf695a69,20260821,20260905,0
20V460,404da2c4,9b4e0aa4,88f4cc8b,20260821,20260905,0
20V463,11a3e3e3,737b24b4,33576a84,20260821,20260905,0
20V464,01a65539,f4277a21,e9acb305,20260821,20260905,0
20V498,a1dc90c5,3e36ef91,4b1e4351,20260821,20260905,0
20V466,eeb6f79c,b43ec18a,d031ba72,20260821,20260905,0
20V500,641cacbe,828d2cd1,cec3b8b3,20260821,20260905,0
20V467,743b2cd6,a5fc2819,289b15d2,20260821,20260905,0
20T015,c8151e1d,ba011525,155acee4,20260821,20260905,0
20V472,741dc57a,51a10649,941b40cb,20260821,20260905,0
20V476,a7ceec6f,e5f07a2a,d6a8fd74,20260821,20260905,0
20V478,446c5bc1,5207da5f,6f29b41c,20260821,20260905,0
20V483,c56d320c,d3e2caf6,420ac0f3,20260821,20260905,0
20V485,119e5faf,d5d1d9ff,61c2d236,20260821,20260905,0
20V489,a0145051,d18f0191,a80f3cfa,20260821,20260905,0
20V509,d8b2563b,3af292a2,3c6735d4,20260821,20260905,0
20E055,2d674142,505069d3,1e0886ae,20260821,20260905,0
20V491,80652305,38f5e960,8bdbec58,20260821,20260905,0
20E057,bd574e8a,edeb47a6,20fba5c1,20260821,20260905,0
20V502,2546b58e,ae02ebc8,9e510759,20260821,20260905,0
20E058,65f62141,0dcb28d4,11ca2c58,20260821,20260905,0
20V504,f3534c43,5e82955f,be7d751e,20260821,20260905,0
20V506,3dee8088,505069d3,6ceaf6ca,20260821,20260905,0
20V508,641d1cf0,74cc116b,da19a6b3,20260821,20260905,0
20V511,7b2a3b82,fc3f0d08,e5731aca,20260821,20260905,0
20V512,16c2fe8e,763096c6,7a817b09,20260821,20260905,0
20V514,1f61af1e,ce08ee18,6276e9c6,20260821,20260905,0
20V516,240c2a3f,968c4bf4,dd76795e,20260821,20260905,0
20V520,852d07bc,ae9493e3,2f98fb77,20260821,20260905,0
20V517,c2a3dd3b,2eae787d,ac259dfd,20260821,20260905,0
20E061,a268cc8c,470d45dd,8cab2bf8,20260821,20260905,0
20V537,57fdc24e,99cd2b93,74380fb1,20260821,20260905,0
20V540,07dc10c4,885a8e79,2d75c612,20260821,20260905,0
20E064,29b427af,b344d727,999a4b13,20260821,20260905,0
20V548,c8019112,087e4739,5f328848,20260821,20260905,0
20V560,1e95a156,c151fd9b,3f62e302,20260821,20260905,0
20V561,b3c3ea95,cdbbd2e2,54f7526c,20260821,20260905,0
20V562,788c89aa,3c9bca2b,cd7d875d,20260821,20260905,0
20V563,6ead8708,f4f5c552,30f82c90,20260821,20260905,0
20V565,aaaee8d7,abadae29,5628152f,20260821,20260905,0
20V574,34cb09e1,927246ea,18fcc3cc,20260821,20260905,0
20V576,e18f4b05,a0ab3288,cce56c79,20260821,20260905,0
20E069,fdd83f31,f2bb9159,d94abcb9,20260821,20260905,0
20E071,3732ff7c,387e837b,0158787d,20260821,20260905,0
20V593,24383624,00e65392,c1c1be1a,20260821,20260905,0
20V594,af017d22,7052f0cb,6b1cc51a,20260821,20260905,0
20V598,99aaa10a,622d9480,308c20e4,20260821,20260905,0
20V599,0e16ecd7,5fccce2b,92c68afe,20260821,20260905,0
20V601,f745f75e,f7285ab6,297e96b4,20260821,20260905,0
20V602,06914d3e,d7b89b0a,a400bf1c,20260821,20260905,0
20E082,f748e4bb,245d94b9,4e0a544a,20260821,20260905,0
20V608,7cb4c267,4924c45c,be8a3874,20260821,20260905,0
20V609,b619342f,9007165a,ba3d78c4,20260821,20260905,0
20E075,f80dd0a8,c5e5a33a,3dec0ece,20260821,20260905,0
20V631,27cd102e,1034cd76,a59db3ae,20260821,20260905,0
20V634,4a094b54,d5dca991,5e9c0ecb,20260821,20260905,0
20V636,edb00e28,ee6ff028,ac10f600,20260821,20260905,0
20V640,2542e69f,5f21d61d,c85522d1,20260821,20260905,0
20V651,d2d81bfa,b4dd9f17,92ba152f,20260821,20260905,0
20V654,f6e59853,068e2950,ae74b233,20260821,20260905,0
20V672,0c45f4ba,595d4053,cdb9cdf0,20260821,20260905,0
20V680,d8cd6e6d,aa712d73,0249a776,20260821,20260905,0
20V688,bfd208bc,3f372bd3,baef1da8,20260821,20260905,0
20E083,ef270937,89831f30,0e1fe35a,20260821,20260905,0
20V702,b83515f7,9eece221,529d4f3d,20260821,20260905,0
20V693,5352cfa9,54ef2c0d,2cf78094,20260821,20260905,0
20V694,15a28159,0d488639,08a48c6c,20260821,20260905,0
20V698,df3b9eaa,e13eea06,c21fb69e,20260821,20260905,0
20V699,35400b6a,f40bca2a,fd075690,20260821,20260905,0
20V237,5f0de0a2,10381212,a38c1916,20260821,20260905,0
20V238,efd03b04,ef54bcd4,e76ae6ea,20260821,20260905,0
20V260,4bce9220,bc79bab6,49a0dddf,20260821,20260905,0
20V261,5e6c24ab,b64f76e4,affe7422,20260821,20260905,0
20V267,4498edda,fa1c3899,44d404ca,20260821,20260905,0
20V270,43f3ff25,703dc06b,1fa9bcb3,20260821,20260905,0
20V272,c742e1ad,af3272ff,1ca12002,20260821,20260905,0
20V279,18c6137b,d18268ac,dc7d3fb2,20260821,20260905,0
20V286,6d3956d3,140b5877,9b959a90,20260821,20260905,0
20V296,0121727c,e1b36e1b,989c6086,20260821,20260905,0
20V297,c95a1d30,5a2215eb,8ca3329c,20260821,20260905,0
20V299,16dd7101,22254fbc,047a84ab,20260821,20260905,0
20V301,477f569f,e33515e0,1aa46030,20260821,20260905,0
20V305,8df40292,812047f1,6790f1c7,20260821,20260905,0
20V306,48bc4a3d,375f0bb3,83a1916f,20260821,20260905,0
20V308,0044b54f,1ab936c1,fd0a3cdb,20260821,20260905,0
20V320,4112baa7,f7af37de,950325a1,20260821,20260905,0
20V312,f4fc15e6,2521a1dc,7078dc19,20260821,20260905,0
20V316,662fff07,55a4521b,be22f51d,20260821,20260905,0
20V342,2ef512f7,6783722b,36e90c42,20260821,20260905,0
20V319,109f583b,1fe0e199,71e37e4b,20260821,20260905,0
20V370,5b5b74d6,1417e78a,bb4fe976,20260821,20260905,0
20V344,b53552e6,89cfd4fd,abe7c459,20260821,20260905,0
20T009,62c01509,f13da77f,00170198,20260821,20260905,0
20V327,c9b5b9a8,8208d433,13e942e2,20260821,20260905,0
20E034,9d1f7cf9,017598cb,c8ff97f7,20260821,20260905,0
20V332,3098f03f,c3da4957,74ab1b42,20260821,20260905,0
20E038,a3eb8872,97f6103e,38f4789a,20260821,20260905,0
20E039,f05830fd,310c2356,ccd6d994,20260821,20260905,0
20E040,5c7cbe50,5f456cdc,cc3efbf7,20260821,20260905,0
20V360,52fc9d7b,3cc92dea,f5d82ed1,20260821,20260905,0
20V367,d41754f5,0170cfda,ca3323e3,20260821,20260905,0
20V368,955b0b37,f4a90b8d,9aaec894,20260821,20260905,0
20V377,4a0ef44f,9af2c59b,50f592e2,20260821,20260905,0
20V384,cf6aed35,a01e4149,dea006b0,20260821,20260905,0
20V386,8f3b14b0,5f456cdc,1f2bd7da,20260821,20260905,0
20V390,6b5d997d,23e01979,3a010cc6,20260821,20260905,0
20V399,323358ca,342cf9a2,19be7768,20260821,20260905,0
20V404,a20695db,078a42a4,0a22ddf3,20260821,20260905,0
20V407,76ac7f5b,49690457,4473676f,20260821,20260905,0
20V419,43524b41,71c2f2eb,99e06940,20260821,20260905,0
20V410,14cd73a3,519eca03,1e6440b0,20260821,20260905,0
20V414,2dad03f4,687e18a0,f042402d,20260821,20260905,0
20V421,229db122,078a42a4,cf95a2cc,20260821,20260905,0
20E049,d1425fb0,5c091545,b41aac19,20260821,20260905,0
20V417,0d1bdb79,574f5a56,8b848084,20260821,20260905,0
20V430,53c4378f,400f61fa,e56e0cc4,20260821,20260905,0
20V433,050f7ace,34d810cb,d7ff61aa,20260821,20260905,0
20V665,2907a587,20782f0c,9249272e,20260821,20260905,0
20V424,417b0248,a0cf0f5f,4ced82fe,20260821,20260905,0
20V425,1cc9fe43,a49157de,ad6920c0,20260821,20260905,0
20V428,8e62764a,549bf0bc,d7eb72c8,20260821,20260905,0
20V437,6158c4be,6e943510,4785c563,20260821,20260905,0
20V438,02e28224,c2c0e10a,133a77a0,20260821,20260905,0
21V058,3650f43a,949d8eae,b01a30c1,20260821,20260905,0
21V529,a0c9998a,a410b8f3,a3f26ae8,20260821,20260905,0
21V116,63775948,fdb702f4,4350e1e3,20260821,20260905,0
21V884,a552320f,fcd76ef2,67ac17c5,20260821,20260905,0
21V667,1b1365c8,772d186b,7f96c39c,20260821,20260905,0
21V059,2ddbd80d,be428aca,5fc9a85a,20260821,20260905,0
21V190,76ea9c9e,0a2c8a35,09587faa,20260821,20260905,0
21V068,60102147,be429cee,7f4f3054,20260821,20260905,0
21V071,23f348f9,4bf0fb2f,2902d85c,20260821,20260905,0
21V077,accc386c,31d2accc,529180cb,20260821,20260905,0
21V081,0858b85a,09947494,12cb623f,20260821,20260905,0
21V215,13289ce1,ea553ad8,6310fc91,20260821,20260905,0
21V00H000,9dc5c33e,33137dce,e29a5c39,20260821,20260905,0
21V00M000,cab59d25,a6ea0edd,ad9f84f0,20260821,20260905,0
21V354,ab553edf,ffbc43ee,e838fc8d,20260821,20260905,0
21V361,774ee8ff,a25af0cd,809c1498,20260821,20260905,0
21V372,325f7f11,2c1e78b5,2eca5197,20260821,20260905,0
21V413,b2b55fe8,aba6d6a4,1f8b848b,20260821,20260905,0
21V418,5fce15c9,52996e37,7af105c6,20260821,20260905,0
21V421,7a7cac79,3f6fe5dd,d7b4cc01,20260821,20260905,0
21V426,0cc301d9,fc3cb64a,55d64365,20260821,20260905,0
21V427,c170c8c2,fc3cb64a,035ba804,20260821,20260905,0
21V428,d9231a44,fc3cb64a,ea9ded84,20260821,20260905,0
21V440,2c732cc9,636fab99,83461f55,20260821,20260905,0
21V445,20e15360,387e837b,8464a08b,20260821,20260905,0
21E053,026348ca,e9508966,b5dda185,20260821,20260905,0
21V454,a88044e6,beb98e0d,0092243b,20260821,20260905,0
21V455,b96ba78b,f7687241,1b936492,20260821,20260905,0
21V462,54a49451,3f390a4d,3e83fa4c,20260821,20260905,0
21E055,77191302,2c1e78b5,f7b2e42d,20260821,20260905,0
21V466,023c5811,38b9e969,477e8532,20260821,20260905,0
21V468,da98003d,2c1e78b5,a9c1ede2,20260821,20260905,0
21V473,17607427,35be5338,0568bc7e,20260821,20260905,0
21V486,369a74d6,d509f501,59115e19,20260821,20260905,0
21V477,8d73fc43,a7ae8b87,2a2bdf89,20260821,20260905,0
21V491,43467e78,94e68b4b,e8ee1aa1,20260821,20260905,0
21V495,a25e0bf2,5bf58ff4,b841a8db,20260821,20260905,0
21V496,b3db4de1,10ce3782,86cb1e44,20260821,20260905,0
21V504,a96f21fe,634e8d76,c51c669e,20260821,20260905,0
21V508,f44a086c,387e837b,2f8ba69a,20260821,20260905,0
21V509,1e1488ea,9f0075fc,27f34ead,20260821,20260905,0
21V521,544cf6ab,3bd47a21,401f9b48,20260821,20260905,0
21V523,9c47115f,a410b8f3,855c3e55,20260821,20260905,0
21V549,e7d33a82,be1ea4a3,bf698505,20260821,20260905,0
21V133,be06097b,cf4372a5,c6034808,20260821,20260905,0
21V567,cb77b907,7f8f647f,06aea765,20260821,20260905,0
21V996,067ae16e,9c0669f0,82dbf6a3,20260821,20260905,0
21V00D000,8e947f4c,49e23af4,790e2450,20260821,20260905,0
21E104,fe3176fa,56d4ea97,103c0060,20260821,20260905,0
21V735,c0931460,38b9e969,cb9f5f38,20260821,20260905,0
21V668,4d6b1df8,772d186b,74e18b2e,20260821,20260905,0
21V028,94dd102d,4adcc908,b193f47e,20260821,20260905,0
21V029,e6d4319d,1d96e4f2,ebd25226,20260821,20260905,0
21V039,91c0bb36,d47f7e03,bded64a2,20260821,20260905,0
21E006,1b8bd569,9d6d2582,b380b09b,20260821,20260905,0
21V041,c3e29c94,16fc5376,8d57a051,20260821,20260905,0
21V155,f2efa7b4,5f220c3c,8b2a2ffc,20260821,20260905,0
21V067,d1008f8a,4f696a49,b21d4184,20260821,20260905,0
21V074,c917a3a9,094828d7,a08143d2,20260821,20260905,0
21V088,77cccf42,1ac76089,0f6943d1,20260821,20260905,0
21V094,d6d8a8ac,2dce60c1,e2aa206c,20260821,20260905,0
21V095,d3df0053,3f5914be,7539e3f5,20260821,20260905,0
21V102,36cc2ac1,54051223,c9e5b5a9,20260821,20260905,0
21V105,214536c8,0cb903b0,d5522185,20260821,20260905,0
21V343,f2c98a2f,c7c07bff,ee209f98,20260821,20260905,0
21V571,a87c1cfe,a410b8f3,79c30657,20260821,20260905,0
21V925,1274c7cb,d253397a,c25a51c0,20260821,20260905,0
21V574,09a0a9eb,357902be,a4542e68,20260821,20260905,0
21V575,ef31da1d,bd0d8c97,884e193e,20260821,20260905,0
21V060,d793b0c2,ddab8a0c,e71e6839,20260821,20260905,0
21V577,08cf7a97,d362cb80,90794f93,20260821,20260905,0
21V344,5ea11b56,cc44f3c6,62db5751,20260821,20260905,0
21V671,f2b71b10,fc3cb64a,1e0fa09b,20260821,20260905,0
21V818,2ba5b3cc,0af7ba69,9fe41f07,20260821,20260905,0
21E082,28ff8092,fd94505d,bb8f3ed8,20260821,20260905,0
21V676,98cceddc,0c438c8e,dd982c02,20260821,20260905,0
21V678,b8d727a9,d9c3806f,c55675d0,20260821,20260905,0
21V681,f36e72e8,597d7e4e,3dfd45ca,20260821,20260905,0
21V686,d86cf575,fc3cb64a,1beacf76,20260821,20260905,0
21V912,ae30a7aa,2160ad72,e4eb163b,20260821,20260905,0
21V703,c3842d6a,772d186b,61a4b50c,20260821,20260905,0
21V697,0dd9a573,511b87c6,6fa30e2d,20260821,20260905,0
21E085,852d5375,0134f608,563a6c63,20260821,20260905,0
21V707,ba84cdaf,eff52690,1b8795ce,20260821,20260905,0
21V709,76f3eb3b,9db60a9b,dcbb36ff,20260821,20260905,0
21V727,a77554af,c67122c2,b6e60f5b,20260821,20260905,0
21V748,11acbc96,12cefbf3,326215cb,20260821,20260905,0
21V414,0bca2939,df1193d2,1cbe8f5c,20260821,20260905,0
21V768,f647a2a2,2d4c5739,d90a64f7,20260821,20260905,0
21V769,1b26d488,e76511f5,3781add6,20260821,20260905,0
21V770,d052aded,b7e09cb9,a30537d8,20260821,20260905,0
21V772,d844883e,c43a057b,3a7a765c,20260821,20260905,0
21V773,831a405b,c43a057b,d9725258,20260821,20260905,0
21V775,d847fce9,654bbe83,9574ca1a,20260821,20260905,0
21V776,a6f540ca,2df70ad7,b067b1f3,20260821,20260905,0
21V778,a6eb209c,f6e0d6c5,ec5b398b,20260821,20260905,0
21V779,015c69e3,0624b394,0f8a8416,20260821,20260905,0
21V813,dccf865a,54a77f67,42418854,20260821,20260905,0
21V787,e51689ca,b30ed189,2e4d92bd,20260821,20260905,0
21V789,e96f9b05,fc7d45f3,12759ee7,20260821,20260905,0
21V814,ea46cf70,595dfdc7,463c6ca1,20260821,20260905,0
21V816,56179ffb,9e12bb54,63d652c5,20260821,20260905,0
21V968,b3f832c8,5da05bfb,4525aa74,20260821,20260905,0
21V817,5b0d49e9,1524839e,180b675e,20260821,20260905,0
21V824,34b5fdea,d5fa021c,014b15bb,20260821,20260905,0
21V826,a7384d34,2109913e,a4a6cbb0,20260821,20260905,0
21V831,5ee64236,d8650b0e,9265497f,20260821,20260905,0
21V832,45e17b98,5321e859,89700a46,20260821,20260905,0
21V844,d90245a1,c67122c2,b9ddab79,20260821,20260905,0
21V846,13d6c178,a1d47cc2,f906e94a,20260821,20260905,0
21V847,83a89fae,959a46e8,7d28a84d,20260821,20260905,0
21V734,7554769d,1daa818d,b30e8db0,20260821,20260905,0
21V848,bc3e0bb6,b4ff59d3,5a1767b8,20260821,20260905,0
21V850,348aabcd,65dd4d65,17e5df51,20260821,20260905,0
21V851,459b3f43,678800a4,274e1631,20260821,20260905,0
21V852,04f0326b,dc337bc9,37b43ed9,20260821,20260905,0
21V853,10f579c2,841bd021,0c474a35,20260821,20260905,0
21V854,513aa3b1,e5a8fe3d,5c777cd8,20260821,20260905,0
21V859,a8fc0a44,017598cb,ea6bff09,20260821,20260905,0
21V725,e42a313b,8bfa4cb8,46eb6b49,20260821,20260905,0
21V861,0d98fa23,6b7dc58d,2a1c62fc,20260821,20260905,0
21V863,ba35ed9b,6d498167,2ad5ad6a,20260821,20260905,0
21V866,9eed2734,d65158e7,f54c5dbc,20260821,20260905,0
21V867,3145a601,c3048a6d,da2cc12f,20260821,20260905,0
21V870,5f5ec6f7,5bddcbc1,ea690808,20260821,20260905,0
21V873,0d8a6e62,859dcab1,db5cdacb,20260821,20260905,0
21V876,587eec44,d6ff003b,e09d4ec4,20260821,20260905,0
21E094,8291cf59,15f9fb14,adb2f20a,20260821,20260905,0
21V892,13c81134,0024acf1,25caf816,20260821,20260905,0
21V896,aa0249df,26ca57f6,49f8ab59,20260821,20260905,0
21V897,882cbc89,4a315527,10fc9246,20260821,20260905,0
21V902,5559e900,183b1c2e,887efff5,20260821,20260905,0
21V904,dc438376,665de653,21203495,20260821,20260905,0
21E095,bf7f5ee1,d253397a,9752ec87,20260821,20260905,0
21V914,12776857,e8da046e,49850253,20260821,20260905,0
21V916,82a26600,87efd72b,15cd685a,20260821,20260905,0
21V471,84224216,13a71732,8f8034c4,20260821,20260905,0
21V921,92bb9ec0,0d208805,c0cbf9b9,20260821,20260905,0
21V926,d10158a1,6fa50d9a,d263367b,20260821,20260905,0
21V927,82626507,928c3776,c54c0ee0,20260821,20260905,0
21V931,8e2c5573,e18b7221,b6816956,20260821,20260905,0
21E098,34ba8fdb,60289629,14f94c1f,20260821,20260905,0
21C005,ef571a8b,3735197b,dee8251b,20260821,20260905,0
21V937,14e2c58a,817bc16f,ec8c3439,20260821,20260905,0
21V939,d710f5f7,23a4cc7e,f0e87a20,20260821,20260905,0
21V947,97e56c80,0125e9dc,dfaebd8e,20260821,20260905,0
21V924,2812b6e3,e74ab3b6,34afe28d,20260821,20260905,0
21V792,00a8f8ee,1985b02a,7c2342a3,20260821,20260905,0
21V793,fb762544,430f6595,53df404f,20260821,20260905,0
21E089,2c5c8a95,c891fe79,8fd3f85a,20260821,20260905,0
21V804,3b1074c9,e9432782,00bd31ca,20260821,20260905,0
21V806,1246dd55,39a8df58,345e6afb,20260821,20260905,0
21V811,492857d5,75f08114,685993fc,20260821,20260905,0
21V819,6ce02627,9a5bdf03,34512103,20260821,20260905,0
21V886,ef04b52b,2df70ad7,6fb8b6c3,20260821,20260905,0
21V829,f3693093,a80023f6,47943bf1,20260821,20260905,0
21V830,199bc011,72e0bbe6,bb6eb0d5,20260821,20260905,0
21V833,e11df2d1,f6e0d6c5,4f9dcadb,20260821,20260905,0
21V836,cb6113a0,24c1c188,b35d28d4,20260821,20260905,0
21E090,2a601ff0,494820ff,d7e30d0a,20260821,20260905,0
21V841,48762343,494820ff,d00bcab9,20260821,20260905,0
21V858,e750bdb9,678800a4,d739b6e9,20260821,20260905,0
21V860,f64810f5,4c58f8ec,1c71ef79,20260821,20260905,0
21V871,22fb12cb,bd306697,ce2c7cc5,20260821,20260905,0
21E093,b0ffdf9f,859dcab1,e4a061be,20260821,20260905,0
21V878,c1d2f210,1051de53,6f3eeb5d,20260821,20260905,0
21V903,6a4810c9,e8c0fcdf,264ae1e1,20260821,20260905,0
21V906,106ee922,fb4a19df,e7c28bc2,20260821,20260905,0
21V909,679072a7,1dff4aa0,c6671ee7,20260821,20260905,0
21V911,dbe1ff07,ede10e07,447bf5ad,20260821,20260905,0
21V915,9763aab8,761419f5,9f926d11,20260821,20260905,0
21V917,58c513c5,8a5d4dfe,ac60cea5,20260821,20260905,0
21E096,e7ec679a,38b9e969,909685e6,20260821,20260905,0
21V966,e7f5e5d3,f0ef75c7,3d9a86c2,20260821,20260905,0
21V919,81646b3d,957a4648,037e19a6,20260821,20260905,0
21V922,2d43ebd2,ded56c8e,e88d31ab,20260821,20260905,0
21V929,38a61181,d4702cce,483fd3ae,20260821,20260905,0
21V930,42579d84,7e0e7a09,9424842d,20260821,20260905,0
21E097,34c62303,4484f908,3d367aac,20260821,20260905,0
21V935,36d955ec,78efe023,0770fe29,20260821,20260905,0
21C006,f3e93b13,d4403d17,59bb2d91,20260821,20260905,0
21V940,d6520188,d7d4ba35,f18784b5,20260821,20260905,0
21V943,b68d6707,f6d233b0,e51796a2,20260821,20260905,0
21V945,ba6a2574,ce8d2499,9a9d1d02,20260821,20260905,0
21V951,3765451b,feac8932,7f63ff3d,20260821,20260905,0
21V958,267813c8,dcd628ab,21434d10,20260821,20260905,0
21V959,ccf5556a,1c711314,59215855,20260821,20260905,0
21V961,b04c9542,926bf2a0,a07c40f2,20260821,20260905,0
21V963,35a50938,b9f9b0e2,a09d912d,20260821,20260905,0
21V967,5abc1e9e,fc5dc741,357cd30e,20260821,20260905,0
21V971,edc00372,fc5dc741,ac31e991,20260821,20260905,0
21V976,09475859,db934b79,5bee6e29,20260821,20260905,0
21V977,fbda23be,7619165b,c4e713b1,20260821,20260905,0
21E101,5f247043,ea553ad8,f5ab351b,20260821,20260905,0
21V990,b7dd6118,735490ee,a455f985,20260821,20260905,0
21V992,36a21893,de466b49,f9a86ebe,20260821,20260905,0
21V995,e8b6c255,fc5dc741,6c0ca6d9,20260821,20260905,0
21V997,0bc27ad0,a4a376ef,fd08cdb1,20260821,20260905,0
21C007,afb26470,c2e460c5,03d0ea8d,20260821,20260905,0
21V998,bc3d4acd,8c34ae30,2186098a,20260821,20260905,0
21V323,ce9e8a4e,2c1e78b5,fe7583b1,20260821,20260905,0
21V00A000,e35b225e,38b9e969,c70b76aa,20260821,20260905,0
21V00J000,5f0bd5e1,a01a7989,b28888fb,20260821,20260905,0
21V399,de5b0bd8,2c1e78b5,92563723,20260821,20260905,0
21V216,5df339fb,d8326c88,ffbc2c26,20260821,20260905,0
21V337,9b6d6c02,2db30e75,ce1fddae,20260821,20260905,0
21V239,67bb67a8,b8513e80,fb3e902b,20260821,20260905,0
21V00K000,63a176e3,3d4a56f2,503dc7f7,20260821,20260905,0
21V889,6c56608d,e05a7793,b6933a08,20260821,20260905,0
21V217,bfe4d360,0709b737,39827a00,20260821,20260905,0
21E023,7f2f534f,e9508966,7e236e1b,20260821,20260905,0
21E024,15a15a1a,7d759d52,20e42a34,20260821,20260905,0
21V223,af0e5296,5cd32421,024a00f0,20260821,20260905,0
21V228,3119ce56,5b63b975,66060683,20260821,20260905,0
21V234,100867b5,9b6e0390,033b09b6,20260821,20260905,0
21V242,d49a2761,c755eabc,f47d630a,20260821,20260905,0
21V245,403c4553,b1409a98,530ab4cb,20260821,20260905,0
21V248,6d1bfac7,bf8fd620,899b13ec,20260821,20260905,0
21V283,a1a9adbb,89bc1fca,49b8f2dc,20260821,20260905,0
21E025,1605a384,90c4ff64,3d06bb22,20260821,20260905,0
21V247,383ca4ef,cc40d8e3,9c8a4ff5,20260821,20260905,0
21V261,d3e749a3,24bf6d8f,f750d720,20260821,20260905,0
21V262,dcd5aa3c,b3b0af01,921d7150,20260821,20260905,0
21E029,5fccef6e,11b5a8bc,1d708181,20260821,20260905,0
21V277,e5c8aceb,b264df41,9735ea47,20260821,20260905,0
21V281,61dacfcc,db429b2a,75f71f3e,20260821,20260905,0
21V289,4e42ee7f,aa2eda18,7d444857,20260821,20260905,0
21V291,b0e3d8df,913ed037,7cee0b09,20260821,20260905,0
21V297,dbcf1d0d,607b85a9,7b8728fe,20260821,20260905,0
21E037,29d44d28,622f7515,665ccb0e,20260821,20260905,0
21E038,f7e605e0,660d5a24,a015fc2d,20260821,20260905,0
21V309,0d9bb3d4,c8b57f81,3d03ef19,20260821,20260905,0
21V312,c4631eaf,2c1e78b5,08114b6d,20260821,20260905,0
21V320,dd145917,1aa72eab,5eb69db7,20260821,20260905,0
21V338,25f3b38b,4d13b8c3,d1675e63,20260821,20260905,0
21V341,2a27f842,feecbbd7,c47e5cac,20260821,20260905,0
21V342,7b61b3d7,f3ff4160,3919368c,20260821,20260905,0
21E045,3b56ca05,746deb48,37503844,20260821,20260905,0
21V346,54a24ed3,94129932,2fce366f,20260821,20260905,0
21V355,96f0c862,e98f37f9,86e0bb93,20260821,20260905,0
21V356,d863947b,0e34023b,f4c5b7a6,20260821,20260905,0
21V360,d1428c4f,5147a191,aae7cc93,20260821,20260905,0
21V364,46f21db1,2c1e78b5,6c025a3e,20260821,20260905,0
21V373,89efb5a3,555c7d08,3e2319bb,20260821,20260905,0
21V376,98292e1a,9c1f7d09,79bfc7f4,20260821,20260905,0
21V378,23cb6fff,03faacf0,7e878262,20260821,20260905,0
21V388,227a1528,83ef3a50,62f5922d,20260821,20260905,0
21V398,8009d4d5,6e0fb2a3,9753f3a2,20260821,20260905,0
21V063,51677a7b,f8088288,da7e0d47,20260821,20260905,0
21V079,cbcfec4e,06b008c9,043b521f,20260821,20260905,0
21V345,f1406754,b858f14e,567caa0a,20260821,20260905,0
21V348,220039b2,d4c2c079,345922b9,20260821,20260905,0
21V350,7380f281,e0d515f2,7808cb67,20260821,20260905,0
21V351,71087950,2c1e78b5,b3b361c4,20260821,20260905,0
21V357,8e4f0dd6,3b08d41c,997e5a19,20260821,20260905,0
21V359,30155138,8d83f02f,9b6bae9b,20260821,20260905,0
21V379,0296af73,3938a5f4,320ab5e5,20260821,20260905,0
21V381,7a6828ce,7f1f335d,bc889e3d,20260821,20260905,0
21V384,4a249cc9,be1ea4a3,84114950,20260821,20260905,0
21V394,c805c5ab,2c1e78b5,19597f73,20260821,20260905,0
21V397,fcd4a1f9,acf5b2e5,283f19ef,20260821,20260905,0
21V416,12924368,cea4198b,4ee109ae,20260821,20260905,0
21V099,485a3484,1ac76089,97176e6b,20260821,20260905,0
21V101,396ef6ed,ad8c4847,cae8bbda,20260821,20260905,0
21V104,7f33ddab,a3133506,c8e019dc,20260821,20260905,0
21V124,5c76f3eb,fe7ef059,f5fade65,20260821,20260905,0
21V126,dbaadc2c,0d89c0cf,18eda973,20260821,20260905,0
21V587,02459946,ea553ad8,3dd081da,20260821,20260905,0
21V953,7b5926fd,b34bb9ac,be114424,20260821,20260905,0
21V954,0eb4069c,0d98a11a,d3ed1ab7,20260821,20260905,0
21V962,6dd932d6,fc5dc741,18184287,20260821,20260905,0
21V987,307cfdea,7d1880c5,341c4bf5,20260821,20260905,0
21E059,5f2da003,e9508966,ef6a59af,20260821,20260905,0
21V490,d945cd48,3b36540d,e401d127,20260821,20260905,0
21E060,1c01c030,200260c9,c704198e,20260821,20260905,0
21V492,051cd0d7,928ea410,22fefabd,20260821,20260905,0
21V493,bf4e1109,e45ce65f,2cb76e10,20260821,20260905,0
21V494,f3fc2a64,4092be9a,a7fe2ff3,20260821,20260905,0
21E061,78b0d12c,b05f1ab7,8b097004,20260821,20260905,0
21V516,7799e217,6604e879,7919de7c,20260821,20260905,0
21V524,8de52394,097ad2dd,7726bb80,20260821,20260905,0
21V526,164b48df,f8f98d2c,82876ed1,20260821,20260905,0
21E063,64e63ab2,2c1e78b5,d8ffb523,20260821,20260905,0
21V535,25247280,04e0103e,bccf7a49,20260821,20260905,0
21V543,ec1c5471,a410b8f3,7b55b7c9,20260821,20260905,0
21V547,c4ab3a9b,b5136e6b,91b66a3f,20260821,20260905,0
21V550,fcfafa3c,27ace56d,a4a527db,20260821,20260905,0
21V551,acf2d788,0a3c34eb,9b56f8de,20260821,20260905,0
21V129,e2770b82,1ac76089,cf45ab36,20260821,20260905,0
21V589,5bffcaf4,e76511f5,63af65fe,20260821,20260905,0
21V159,8dee70b0,49e3e07a,1e803e04,20260821,20260905,0
21V893,7296172b,772d186b,4570f799,20260821,20260905,0
21V594,0147f97d,18c68b91,4fdffd82,20260821,20260905,0
21V595,16b8d1d7,15db4cdb,d88d194c,20260821,20260905,0
21V920,5fa0a497,0ba0ea9f,66860883,20260821,20260905,0
21V168,8d8bf3e6,a905c98b,fe56dcec,20260821,20260905,0
21V179,48902db5,387e837b,da71c59e,20260821,20260905,0
21V530,26d600cc,24a0c195,d9e0a817,20260821,20260905,0
21V204,e1c02c8e,387e837b,03899e18,20260821,20260905,0
21V206,41843a4e,fad7ef62,c950dcbf,20260821,20260905,0
21V393,5ed6c036,5ed15df6,033400bb,20260821,20260905,0
21V972,d01f954f,398a69d1,ac7944d5,20260821,20260905,0
21V988,8ca95b9b,8c4a78cf,d5d1f1a8,20260821,20260905,0
21V409,f42d1c97,ac09ac5e,04a78466,20260821,20260905,0
21V461,7b9510ff,27e3fac2,6e186810,20260821,20260905,0
21V253,4c65d1f3,7d759d52,f5ccbad1,20260821,20260905,0
21V072,2bba98e7,a01a7989,d7e27e81,20260821,20260905,0
21V301,41cc2833,c16ac496,b98c6f40,20260821,20260905,0
21V131,0c448843,96abd357,898e5a22,20260821,20260905,0
21V080,e0d312c2,12ec4ba1,b2f15195,20260821,20260905,0
21V091,ab1e40d7,eceba79a,ba2966f6,20260821,20260905,0
21E015,c0f956c5,ce58804e,d331f8ea,20260821,20260905,0
21V100,8d397a5f,f603b6ba,9436a753,20260821,20260905,0
21T002,8d3b46ef,ef50740b,244425c0,20260821,20260905,0
21V103,ece801c1,1ac76089,f317f6d1,20260821,20260905,0
21V112,d0b96241,12ec4ba1,168c39ea,20260821,20260905,0
21V073,4ed17850,12ec4ba1,75ad031e,20260821,20260905,0
21E014,a17bcbcb,2ca512be,2470fd9f,20260821,20260905,0
21V087,e4d38140,2bc103cd,4c9f02bb,20260821,20260905,0
21V089,18cd3a8a,872ce727,35277493,20260821,20260905,0
21V096,53ebcf9f,902c813f,6d5c04e9,20260821,20260905,0
21V098,8791227e,d04e12b5,65e4328a,20260821,20260905,0
21V113,936d0a77,5c64cc51,a6998893,20260821,20260905,0
21V330,8ed8a945,2c1e78b5,f03964c5,20260821,20260905,0
21V138,dd292d20,9e2f01e8,193cde60,20260821,20260905,0
21V140,d1a92850,08f3ed22,b135c69b,20260821,20260905,0
21V141,b15a9cec,ae18d7f8,b60b6f23,20260821,20260905,0
21V150,4e6988fa,385e1825,3360acae,20260821,20260905,0
21E017,17403877,756e9c6a,e32798d8,20260821,20260905,0
21E018,11e6f97c,9c15492e,763678ff,20260821,20260905,0
21V163,cbd5f7e3,107f5372,a048fa7f,20260821,20260905,0
21V166,b24e43a4,0b4a46ed,0a487604,20260821,20260905,0
21V169,4b8d4a11,5f220c3c,48d148a7,20260821,20260905,0
21V171,9cda8f5b,1a184d94,3bb762ef,20260821,20260905,0
21V172,70a8a1b8,80dcd2a9,490f479f,20260821,20260905,0
21V180,9203cb26,07864274,d0097156,20260821,20260905,0
21V185,61815b92,5a86fde5,631f1927,20260821,20260905,0
21V191,2f520ca0,557086b6,dde356b7,20260821,20260905,0
21V318,9745f47d,2a6a68eb,d0123a14,20260821,20260905,0
21E012,607c8dd5,08a4fbce,894f57e0,20260821,20260905,0
21V319,b1bb4a32,2c1e78b5,b146e813,20260821,20260905,0
21V203,92d2b58b,387e837b,e369f471,20260821,20260905,0
21V193,b0ab89ac,0f0bb791,dd5de49e,20260821,20260905,0
21V196,ca552853,01504b3b,a0502e5c,20260821,20260905,0
21V208,c9d0e895,703dc06b,a01b5305,20260821,20260905,0
21V213,0b8613ed,facf50ab,e27ceb75,20260821,20260905,0
21V221,74a85587,afb29972,536daf7c,20260821,20260905,0
21V222,c61aa0f8,e231e658,f262d69d,20260821,20260905,0
21V241,61e07237,9fdfe75a,5b55a83e,20260821,20260905,0
21V225,f39edb5c,a8a55d68,f3cbf899,20260821,20260905,0
21V227,64f4ec5c,b70dc18a,e37c8833,20260821,20260905,0
21V232,4b94805b,436ff598,20f70068,20260821,20260905,0
21V233,2c3a989f,81c85783,cc4b74e0,20260821,20260905,0
21V238,4df28621,82509aff,e79fb7e8,20260821,20260905,0
21V246,c5114976,a33b9a2e,7e66c2f4,20260821,20260905,0
21V251,b64d7c43,693194dc,37d9cc5e,20260821,20260905,0
21V269,60079f32,456a6bd8,1fe7564c,20260821,20260905,0
21E027,6c56fad8,58213bbc,9a4463bd,20260821,20260905,0
21V256,7f048321,11b5a8bc,1d708181,20260821,20260905,0
21V367,0d3b72c6,2c1e78b5,949d0f16,20260821,20260905,0
21V446,df4ee6bd,387e837b,08fead53,20260821,20260905,0
21E051,3cbf38ef,17ae7f57,e721aaed,20260821,20260905,0
21V487,bae21acf,b8240b92,40a5edf9,20260821,20260905,0
21V257,72d94535,37f71aa9,79660498,20260821,20260905,0
21E033,4ad9ef79,d106e342,d6d20adc,20260821,20260905,0
21V276,4ee306b6,760c2e7b,48feb022,20260821,20260905,0
21V314,b06ba203,9cf87a79,958fbfaa,20260821,20260905,0
21V259,4e10b5af,c16ac496,659b73ca,20260821,20260905,0
21V266,1afa4ddf,1473646d,d2e85326,20260821,20260905,0
21E035,39a85108,04e0103e,370d8432,20260821,20260905,0
21V273,080a378a,c7251a35,7b5dc059,20260821,20260905,0
21V274,8d49d2e9,b9f02610,351e28ed,20260821,20260905,0
21V285,034ea927,b70dc18a,76ac26fe,20260821,20260905,0
21V286,c4d182ae,a44d4a97,44d99600,20260821,20260905,0
21V290,46ba44f1,7b4449cb,cef52695,20260821,20260905,0
21V300,8446a395,d106e342,b7d304e8,20260821,20260905,0
21V347,fe471fc1,fe56d595,7060db61,20260821,20260905,0
21V349,e6edf138,2c1e78b5,00cd82a6,20260821,20260905,0
21E046,afa3a9f2,6d07f84c,80a19340,20260821,20260905,0
21V352,42ff5079,2c1e78b5,fca06ec5,20260821,20260905,0
21V353,8fd56977,5acc79a9,e8cf1d55,20260821,20260905,0
21V358,69db4ea0,aa2eda18,bba4721b,20260821,20260905,0
21V365,eac25891,2c1e78b5,d0ede78e,20260821,20260905,0
21V368,b9a67a59,8cab8aa2,bd25d7d8,20260821,20260905,0
21V369,dd6b2b8b,0a3c34eb,2ed87b53,20260821,20260905,0
21V374,6ba864fb,41533ced,601ad9b0,20260821,20260905,0
21V370,5c7707c0,0a3c34eb,2ed87b53,20260821,20260905,0
21E047,461d6e73,a410b8f3,89078ad8,20260821,20260905,0
21V380,4e1c006c,bd9971f6,108fa227,20260821,20260905,0
21V382,d0dd9ddf,c7bde780,9d9e0bb5,20260821,20260905,0
21V383,f87a9e61,61c7a0d2,4e1ffa7a,20260821,20260905,0
21V385,6f5f2ce5,2c1e78b5,600cf169,20260821,20260905,0
21V386,5a66698a,2c1e78b5,c276bc65,20260821,20260905,0
21V391,1f1e0591,2c1e78b5,63129c11,20260821,20260905,0
21V395,9d781816,c0a5e91f,5cb946a7,20260821,20260905,0
21V396,c275f2da,103dd40b,e1bd8aad,20260821,20260905,0
21V400,3712244a,fc414e20,43f2c71a,20260821,20260905,0
21V403,3a3d190d,5cbf2bab,0bc7ea10,20260821,20260905,0
21V406,3bff6b1e,f9063ea5,75ee13c7,20260821,20260905,0
21V408,3d6b6160,04e0103e,0f804b3e,20260821,20260905,0
21E050,f2d3ab6f,420de860,764a31b3,20260821,20260905,0
21V433,b9ace4d2,387e837b,0f512c76,20260821,20260905,0
21V436,c6466b9f,730e2805,c04de7d8,20260821,20260905,0
21V444,623b8f4e,f9bc2747,3b36d118,20260821,20260905,0
21E052,f170a125,c2f1b95d,dcac27b3,20260821,20260905,0
21V463,54b9f540,ef066fb3,8a77bff3,20260821,20260905,0
21V464,cd90c731,91d50d10,42ebc910,20260821,20260905,0
21E054,35c5bf48,8de2cd27,dc1993bf,20260821,20260905,0
21V470,910bb84f,a2dbca79,6700a90c,20260821,20260905,0
21V474,135d7cd9,3d4891d6,f3a9a3e7,20260821,20260905,0
21E056,359d7999,387e837b,d0eb8ac6,20260821,20260905,0
21E057,bef13a1e,d911d411,f09b2a3f,20260821,20260905,0
21V475,458f15ca,8a7fafbd,9f729737,20260821,20260905,0
21E058,346b139f,12779d7c,d7040e1e,20260821,20260905,0
21V581,512cc6b4,2c1e78b5,9747adfa,20260821,20260905,0
21V489,3b35c51a,ef066fb3,83140815,20260821,20260905,0
21V499,50708727,fc2af53f,8c598a7e,20260821,20260905,0
21V500,45c46fc9,f992d064,409b36a4,20260821,20260905,0
21V510,eb99ae96,2894c1d7,10b2997e,20260821,20260905,0
21E062,67ad66da,5fa6bbfc,ad3c795a,20260821,20260905,0
21V512,aee8cf53,7d5af0da,49a7ad12,20260821,20260905,0
21V514,a24e1b53,2bb289c8,3b26a475,20260821,20260905,0
21V538,fac069bc,200260c9,1cf0a7d2,20260821,20260905,0
21V539,b577c212,e985a512,3aacf4d4,20260821,20260905,0
21V558,07f878bc,468188cc,b88cf894,20260821,20260905,0
21V559,3b5a5679,77e55967,427a75ae,20260821,20260905,0
21V561,5ada1238,8e1c1ec5,8277d0bb,20260821,20260905,0
21E067,02ab2fb8,e45e0c8d,3a8d53ed,20260821,20260905,0
21E068,4e052ba0,fee5c244,f97f1c11,20260821,20260905,0
21V564,a45a8957,a3133506,91c83e6b,20260821,20260905,0
21V566,9e781960,87ce6078,44615410,20260821,20260905,0
21V572,477273b1,5f95ef07,d79a3a40,20260821,20260905,0
21V584,22aad767,fe79313c,c83cfa8a,20260821,20260905,0
21V585,2ace1817,7986e085,0926e701,20260821,20260905,0
21V586,0ac74eac,ea553ad8,b03e4a00,20260821,20260905,0
21V590,747f89b7,770c457a,faa94e86,20260821,20260905,0
21V598,148e5067,e60c9c77,7040ef66,20260821,20260905,0
21E071,609e8f39,5ed15df6,a6d6dce6,20260821,20260905,0
21V628,8144bab3,7f8f647f,4ff8ff08,20260821,20260905,0
21V632,da0eda23,634e8d76,32a1b1ea,20260821,20260905,0
21V733,f66758a2,61d334fc,c9893069,20260821,20260905,0
21V691,a3357615,f3b0a989,6cd84476,20260821,20260905,0
21V754,928515ac,f5594baf,4f76ff2d,20260821,20260905,0
21V777,b2482649,4e578a86,aa0116c1,20260821,20260905,0
21V712,57c454c9,6ab8c4f3,b6828c81,20260821,20260905,0
21V862,c2108e15,1ac99e12,00f8aafa,20260821,20260905,0
21V634,79a022e7,be1ea4a3,56e9c93e,20260821,20260905,0
21V635,ac1d2caf,2c1e78b5,071583bb,20260821,20260905,0
21V636,fa1da66b,b1af2ac8,75ab1596,20260821,20260905,0
21V637,29c5a6f1,15ac98b7,ef93197e,20260821,20260905,0
21V641,7cadd5a7,15ac98b7,6f5bc446,20260821,20260905,0
21V654,df595b91,d95185fd,bb21cff5,20260821,20260905,0
21V655,2ca18833,ef066fb3,d989e6dd,20260821,20260905,0
21E079,25c1dc04,10c91eeb,3b1efb23,20260821,20260905,0
21V658,9a0992ac,ef066fb3,0affae1b,20260821,20260905,0
21E080,8d7dbcad,9b65371d,93d8af0c,20260821,20260905,0
21V669,89283638,15ac98b7,561d5a65,20260821,20260905,0
21V673,5c065fa1,f335f5fc,71528d9f,20260821,20260905,0
21V677,9963efab,0134f608,987ecb34,20260821,20260905,0
21V679,1924c858,dfbcbdb7,176c6138,20260821,20260905,0
21V683,9d1e06bc,772d186b,d74e86d5,20260821,20260905,0
21V690,b2056392,e12e0c15,5c3bf146,20260821,20260905,0
21V692,e6f516c7,fb479175,7c42115a,20260821,20260905,0
21E083,d36d6be9,a67fc152,7e19b5c9,20260821,20260905,0
21E084,c27c7771,3bcae15b,506ef2cb,20260821,20260905,0
21C004,2a63efe9,e8a6306b,53428c68,20260821,20260905,0
21V711,b0723550,53df1d58,6c5aceac,20260821,20260905,0
21V700,7cf79a68,e76511f5,6ad618ca,20260821,20260905,0
21V702,e1ce83f7,bb312b51,73f7168b,20260821,20260905,0
21V715,d0772c79,c9f57ed2,14584f4a,20260821,20260905,0
21V716,47997220,de14ac64,1ee41d5c,20260821,20260905,0
21V721,da6adf2c,c18fb5fc,40012211,20260821,20260905,0
21V722,03030c5e,208ef295,d7dbc8ef,20260821,20260905,0
21V741,3a1ce8e1,0d1cd32a,3c3b8e4f,20260821,20260905,0
21V746,15e2f32a,c78ff763,7f244a67,20260821,20260905,0
21V749,442ed5a0,c261ec0e,ace56bd6,20260821,20260905,0
21V755,32eaf638,f5594baf,d9908329,20260821,20260905,0
21V758,e92768ee,24d152db,1b708c3d,20260821,20260905,0
21V759,1351d631,15ac98b7,de6ae120,20260821,20260905,0
21V764,8abda3da,80dcd2a9,5a15d672,20260821,20260905,0
21V765,55dc8d39,8214af3f,d55d04d2,20260821,20260905,0
21V782,e46a8887,0236533f,7b0a66e2,20260821,20260905,0
21V868,bea9d2a6,9025a51a,7a9cd16c,20260821,20260905,0
21V786,abbe0503,b30ed189,81fa72d2,20260821,20260905,0
21V790,3ea9a9a4,2c1e78b5,07c9e179,20260821,20260905,0
21V794,eca768ff,9e56101c,03a3bf39,20260821,20260905,0
21V795,7c235e88,e12d90fb,24e640bc,20260821,20260905,0
21V798,6146b465,107f5372,3ef8854c,20260821,20260905,0
21V800,8bb97bdb,0236533f,c2f8284e,20260821,20260905,0
21V799,c0ec59da,85b9dfaf,84ade98a,20260821,20260905,0
21V801,2e32a50a,af12a03b,42f3f047,20260821,20260905,0
21V803,f3ac099c,a410b8f3,61cbbabf,20260821,20260905,0
21V805,60072003,ec1b7460,f2f41e94,20260821,20260905,0
21V807,68e6989a,dcf51d1b,c1379394,20260821,20260905,0
21V812,68c3a180,b563c7c7,77868fd4,20260821,20260905,0
21V821,a448a9c8,3cc3f56e,49fcb898,20260821,20260905,0
21V822,09acbdb3,678800a4,54a6050e,20260821,20260905,0
21V827,16b53431,6da39e6d,7ba971ce,20260821,20260905,0
21V834,9dca251a,40e31052,d500f0b8,20260821,20260905,0
21V837,f5feec0c,7b10eaed,6014effc,20260821,20260905,0
21V838,b9d7a07a,7b10eaed,e27d972d,20260821,20260905,0
21V840,75c5d689,78a4eba4,2b707e64,20260821,20260905,0
21E092,4dad0042,8ac0f46b,4460cc39,20260821,20260905,0
21V845,ecadcab2,5019da9e,91a940db,20260821,20260905,0
21V857,445e690e,471a028f,8a908954,20260821,20260905,0
21V872,3619353e,1051de53,4e3a9945,20260821,20260905,0
21V874,d010d411,cb64d9c6,7b05dcfb,20260821,20260905,0
21V839,4f8b5a2a,90ede54f,ace93cc1,20260821,20260905,0
21V869,6db9a030,b0193e05,a7f8bf37,20260821,20260905,0
21T018,4ab9ec34,e52d3ea8,b7f47c92,20260821,20260905,0
21V082,37d23476,22f3082d,6e685e9d,20260821,20260905,0
21V083,a981806b,1fd33bcd,660d1317,20260821,20260905,0
21V093,e4e1bcc1,79435098,1aeb3a04,20260821,20260905,0
21V175,05867b07,f59f3f35,d445c5b5,20260821,20260905,0
21T003,b19aa6a0,db032fbd,214b6982,20260821,20260905,0
21V106,60fd6021,ba76e9d9,6e2b0a98,20260821,20260905,0
21V108,8fe04aef,6cc19d4a,77e62c47,20260821,20260905,0
21V110,8f7a76d1,3f1f5cc9,d7c59df2,20260821,20260905,0
21V111,ab0dd4f1,bebbdba2,d5cdebed,20260821,20260905,0
21V118,20736742,604aed61,2ace50db,20260821,20260905,0
21V119,34b36e39,bea6aa02,a1aba098,20260821,20260905,0
21V120,b2c2562b,2ca512be,6a9c7e90,20260821,20260905,0
21V127,9236da1c,7fbbdf99,5eefb12f,20260821,20260905,0
21V142,d34a958a,5f220c3c,2b91650c,20260821,20260905,0
21V143,7f953fcb,15ac98b7,a1e6fc72,20260821,20260905,0
21E016,397f293c,147d190a,c1da0b2e,20260821,20260905,0
21V153,e6b93cb1,30008198,3400f3c5,20260821,20260905,0
21V156,4052028d,2708f9bd,28e20ec1,20260821,20260905,0
21V176,4d5b159a,494af7c0,5573c3bd,20260821,20260905,0
21V157,5c28b792,46d71619,8dc02137,20260821,20260905,0
21V158,ffa86186,0236533f,053269f7,20260821,20260905,0
21V182,cc40aa3a,6cc19d4a,1813f772,20260821,20260905,0
21V183,5332c874,7358f5e9,a9088375,20260821,20260905,0
21V194,011feaee,350749f9,93d9ee69,20260821,20260905,0
21V197,2a9b9b26,3780dd70,97fe1f9c,20260821,20260905,0
21V200,8d23d38b,95a0ff52,95fab0c9,20260821,20260905,0
21V255,cb30542d,11b5a8bc,1ad50e80,20260821,20260905,0
21V260,8705c859,bf274c30,cd7405b4,20260821,20260905,0
21V672,a5db2fe6,a410b8f3,30f26340,20260821,20260905,0
21V265,cab9b583,d35e5352,c905f8d2,20260821,20260905,0
21V267,4ebcffef,d92f0769,8a1c55bb,20260821,20260905,0
21E032,c39039cb,2c1e78b5,fb17cf75,20260821,20260905,0
21V788,655b56c9,a410b8f3,59280e1d,20260821,20260905,0
21V674,84630410,00774cf0,cd545cb5,20260821,20260905,0
21V835,464e3ae2,20d63735,bd6e645e,20260821,20260905,0
21V842,7d7a44c7,2af44228,9bbf9815,20260821,20260905,0
21E091,f71ed37a,cea4198b,2bec8b03,20260821,20260905,0
21V843,8f7d685f,b9a2531f,cedfc1c4,20260821,20260905,0
21V849,9804556f,e614b413,a6f4ae33,20260821,20260905,0
21V855,c1461526,128d63fa,4b18c90e,20260821,20260905,0
21V864,c3701265,96aa7976,7f56d25c,20260821,20260905,0
21V875,ea067395,0fe4b701,a38ce682,20260821,20260905,0
21V271,ab9e3424,760c2e7b,646cd2df,20260821,20260905,0
21V272,4932eebf,4d075d0e,bd10e1a2,20260821,20260905,0
21V278,3b59ae69,94e68b4b,ee3d4b9e,20260821,20260905,0
21V282,72b830fa,b226b213,1ebe7691,20260821,20260905,0
21V305,9b424299,781c068a,53006dba,20260821,20260905,0
21V310,845c22f0,b9fc526a,a6e221ea,20260821,20260905,0
21V317,0c707616,2e6d66c6,50bd17af,20260821,20260905,0
21E042,d7e392d4,7e7a009d,b7714ccf,20260821,20260905,0
21V325,9fddbe68,89a6950e,04a24060,20260821,20260905,0
21V326,298fdeed,2c1e78b5,f9b140dd,20260821,20260905,0
21V552,a8974532,b397468c,965df379,20260821,20260905,0
21V553,7a43232e,06021d3d,013b4246,20260821,20260905,0
21V568,9a553bed,387e837b,ff49918a,20260821,20260905,0
21V527,7afd8526,8e6996a4,716828f4,20260821,20260905,0
21V528,8b8d9f3a,15ac98b7,3cf493ad,20260821,20260905,0
21V525,9f53e13d,1198cdb5,4770a21f,20260821,20260905,0
21V554,36541959,c4eaf3e5,50f9dcae,20260821,20260905,0
21V573,5fb93018,1e424211,cf5adf32,20260821,20260905,0
21V576,ed4ef114,2c1e78b5,fcdcd227,20260821,20260905,0
21V580,e0e5b0d0,2c1e78b5,dfeacbc1,20260821,20260905,0
21V588,f643c1de,1bb1a039,81dc411b,20260821,20260905,0
21V557,8fec3e6e,74c9ed3f,4bf93312,20260821,20260905,0
21V560,11da227d,86c7f84d,e45713db,20260821,20260905,0
21V565,be201e02,2c1e78b5,2691a022,20260821,20260905,0
21V578,716f8725,b30f5d87,c246fbd2,20260821,20260905,0
21V592,517eb483,772d186b,d43fb069,20260821,20260905,0
21V602,1255994f,ef066fb3,b4e1b22a,20260821,20260905,0
21V625,36f064cb,15f9fb14,84a86c5f,20260821,20260905,0
21V627,18b372ce,c52463b0,50476725,20260821,20260905,0
21V630,721e462b,2c1e78b5,34820c77,20260821,20260905,0
21E074,f8da07c2,6f71d978,8d2fab49,20260821,20260905,0
21V644,4c4fd6c1,a410b8f3,2fbcb6a4,20260821,20260905,0
21V650,500b425e,86c7f84d,f1fb8883,20260821,20260905,0
21V652,b82b7166,8515c4a1,a4807a98,20260821,20260905,0
21V660,f27b7026,511155d9,dff9ee9f,20260821,20260905,0
21E081,e29d9028,917cd15b,f5ab351b,20260821,20260905,0
21V662,77c31119,a410b8f3,31349dc0,20260821,20260905,0
21V664,614b6d0b,83cf0b85,4feb4f77,20260821,20260905,0
21V666,3e694fd8,a410b8f3,dce63a95,20260821,20260905,0
21V670,06bce366,fc3cb64a,ab21d105,20260821,20260905,0
21T014,327f889f,40eca1ed,a795e658,20260821,20260905,0
21V680,6c1ea175,98d80516,8503c4ac,20260821,20260905,0
21V687,b94cb25d,fc3cb64a,31e4f05a,20260821,20260905,0
21V688,9ad5f6a3,c4a8f5e4,ff1c128f,20260821,20260905,0
21V699,7b054f69,772d186b,01822003,20260821,20260905,0
21V701,47532d03,fb1ed9a3,a9df2eab,20260821,20260905,0
21V706,a4a332a5,1352f522,18a5abb1,20260821,20260905,0
21V710,ff5743d1,fd8b738c,c45b04ff,20260821,20260905,0
21V713,ff8432e5,8265c5c0,e389e72f,20260821,20260905,0
21V714,a2853e06,2909a517,9fc272fb,20260821,20260905,0
21V717,c979a27f,ff825934,af832dd6,20260821,20260905,0
21V723,6da9ee41,a04ea6af,149ee190,20260821,20260905,0
21V729,dd65ff81,38b9e969,3a08f281,20260821,20260905,0
21V732,504d63b5,0e5c7a39,aec93988,20260821,20260905,0
21V738,f0156fff,d7518d52,4807f49d,20260821,20260905,0
21V744,91118a1b,2c1e78b5,d94b7f02,20260821,20260905,0
21V750,3cbc3c3a,9837b0bb,90d8d5bb,20260821,20260905,0
21V756,62605cc4,83a4ce42,1254c5cd,20260821,20260905,0
21V766,c906c4a3,0236533f,1b565ac6,20260821,20260905,0
21V767,05ea1f76,87ce6078,b7efdd9e,20260821,20260905,0
21V796,fb0f7aef,433164f0,3ed6c420,20260821,20260905,0
21V797,d8858117,0920bc3c,bfaf09dc,20260821,20260905,0
21V802,c4e320c3,af12a03b,58c5bc12,20260821,20260905,0
21V815,0ef50cfb,d5fa021c,68334f4d,20260821,20260905,0
21V820,00768063,e62182c6,689a7263,20260821,20260905,0
21V823,c37c0964,15ac98b7,788144d0,20260821,20260905,0
21V825,af7afaa6,eca3a6ed,01d38f67,20260821,20260905,0
21V877,cc219f55,5f35e19f,7c5c4e2e,20260821,20260905,0
21V880,46d35548,15f9fb14,1ce3b4e1,20260821,20260905,0
21V891,ae1ff705,0134f608,6c300cc3,20260821,20260905,0
21V901,c78a52f3,f0594753,1908350e,20260821,20260905,0
21V907,769cedbe,6d5cf13c,8fd2d8cb,20260821,20260905,0
21V928,df60ab4a,2248dfc1,e0f411de,20260821,20260905,0
21V934,c7673402,408e0395,a84d6ae7,20260821,20260905,0
21V941,75c8aba9,0bfa8cac,442cc4a6,20260821,20260905,0
21V944,c21de66d,243d12f1,17e6dc10,20260821,20260905,0
21V957,36ee563c,0fe4b701,0737bc6f,20260821,20260905,0
21V965,bf347eec,fc5dc741,f0203736,20260821,20260905,0
21E100,6df1f058,0c27f6a8,a8c6faf8,20260821,20260905,0
21V969,39d08bdc,fc5dc741,392c4018,20260821,20260905,0
21V974,e9621089,5eeb7c54,855e22f7,20260821,20260905,0
21V982,bf50d30d,961431bd,27b0abf0,20260821,20260905,0
21V985,60cc6f6d,5e195753,429b3d50,20260821,20260905,0
21V00B000,c46be5da,d73ecf75,190b5955,20260821,20260905,0
21V00F000,f98bb2ed,a01bea6a,89748c27,20260821,20260905,0
21V279,bd3ab573,2a892fad,feaf6197,20260821,20260905,0
21V856,b79ea2e0,678800a4,d7d20c2c,20260821,20260905,0
21V280,08ae4caa,cd6daddc,aa673b44,20260821,20260905,0
21V287,c84e70d4,e5a59fec,8c9b1f39,20260821,20260905,0
21V293,3c0ab4fb,9de30b7a,40bbf2c2,20260821,20260905,0
21V294,aeb4c33b,cd88ba7b,8ef6f055,20260821,20260905,0
21V299,4501a486,67b382a5,6ff36465,20260821,20260905,0
21V302,b63518e5,452f679b,777063ac,20260821,20260905,0
21V879,5c502736,0fe4b701,0a757af7,20260821,20260905,0
21V881,258fc0e3,8d5ae0ca,d7b1c4c1,20260821,20260905,0
21V883,5c58e45d,494820ff,3b683dd9,20260821,20260905,0
21V304,32857c02,b3974f14,3de2d7ef,20260821,20260905,0
21V306,85430f42,2c1e78b5,6c248240,20260821,20260905,0
21V890,f7b192cb,45c75714,cbe616b4,20260821,20260905,0
21V311,1c97482e,99ad9442,00948095,20260821,20260905,0
21V910,c8f5f3ab,0b64f2ee,9b25f601,20260821,20260905,0
21V313,e676cc16,2c1e78b5,3d2bc48d,20260821,20260905,0
21V315,c5450831,22ae3766,59fb91b9,20260821,20260905,0
21V316,73a24618,255bc97d,10cbd027,20260821,20260905,0
21V327,f3c2b5d3,2c1e78b5,f9b140dd,20260821,20260905,0
21V332,b8a4643c,2c1e78b5,1b28db56,20260821,20260905,0
21V339,7a43ec4a,feecbbd7,6adcfa54,20260821,20260905,0
21V054,c7e57f45,0236533f,3bbf9b6b,20260821,20260905,0
21V062,fa2357a0,6c45670b,b62cb192,20260821,20260905,0
21V065,4527c2e5,12ec4ba1,b1758976,20260821,20260905,0
21E013,7ccea992,09947494,9f703677,20260821,20260905,0
21V078,9643726d,0359ca2c,c9adb3f3,20260821,20260905,0
21V097,b154779b,35dffa2a,73897429,20260821,20260905,0
21V114,260a0281,15ac98b7,ba4ba273,20260821,20260905,0
21V115,c4ae14b5,257e5345,93ef2d38,20260821,20260905,0
21V117,f0e96d7a,604aed61,05c06d52,20260821,20260905,0
21V160,a068f540,b401662b,57ee0d35,20260821,20260905,0
21V121,3599dd2d,2ca512be,3b9febcf,20260821,20260905,0
21V122,0f05a07c,54e19cb4,c0f4f7a9,20260821,20260905,0
21V123,d4f25309,5f220c3c,5de18c94,20260821,20260905,0
21V125,32509fb7,9ad808c2,60afff9c,20260821,20260905,0
21V130,ae162033,1d96e4f2,1cbc75ce,20260821,20260905,0
21V144,a16601e4,d18268ac,e7c2ccfc,20260821,20260905,0
21V145,5a895ea7,74a63f9b,25763212,20260821,20260905,0
21V151,01137409,65075a30,20d2158c,20260821,20260905,0
21V152,e5ab5b39,42f177f2,0625b21c,20260821,20260905,0
21V154,eb7ebca4,ebb6470e,70d9e203,20260821,20260905,0
21V164,bbc226f6,5a86fde5,999e897c,20260821,20260905,0
21V167,e106dbb2,0ca2fb06,50a2a1ce,20260821,20260905,0
21V181,312a2fc5,2ca512be,fe90ca6e,20260821,20260905,0
21V186,e9faf6f4,e4b266e1,db2e10bf,20260821,20260905,0
21V187,febf3a61,2ca512be,bf5444c8,20260821,20260905,0
21V195,ced245dd,cbae05dc,8d1b2548,20260821,20260905,0
21E021,dd45d849,8a890d90,d099fbb4,20260821,20260905,0
21V199,de8c5631,a513ba62,0ef6ecf9,20260821,20260905,0
21V201,2a257e77,a6f1599a,631dd630,20260821,20260905,0
21V207,5ce973e4,bff6a3a3,8f5f7dac,20260821,20260905,0
21V211,1ea0b0d8,f314e5a2,22a9e61c,20260821,20260905,0
21E022,6f2e5ee7,e9508966,bd485478,20260821,20260905,0
21V231,bf177d2a,26064bc4,b65af473,20260821,20260905,0
21V264,c214a9ae,bf3fa887,de140e03,20260821,20260905,0
21E028,da9ba0df,0f9da63f,212408c7,20260821,20260905,0
21E030,45ca22a0,90c4ff64,700eae83,20260821,20260905,0
21V268,035242bb,d52e1491,6afe4012,20260821,20260905,0
21V307,408c8718,5649bc49,897b6058,20260821,20260905,0
21V308,5bf62783,5e8c9400,268714fa,20260821,20260905,0
21V362,94e699c8,050ac6ed,eb412793,20260821,20260905,0
21V371,f1d09f7d,f4d8cc90,7de4795d,20260821,20260905,0
21V375,b73b8da4,387e837b,e49fdbe8,20260821,20260905,0
21V390,d9b19bd8,7fa7c128,ec9bb750,20260821,20260905,0
21V392,4a31da21,26f94ed2,9ff6ff02,20260821,20260905,0
21V401,05b31f82,a9f2187f,a4a2c03a,20260821,20260905,0
21V404,85e87d61,35dc200c,c5fbcd02,20260821,20260905,0
21V412,3dd5d84b,01f601ef,b51227f1,20260821,20260905,0
21V430,def52069,fc3cb64a,92e51fb1,20260821,20260905,0
21V435,191c0720,32937952,95d68e42,20260821,20260905,0
21V438,47391cc7,6020f8cf,9867376d,20260821,20260905,0
21V441,c25f7896,e56be481,d8563597,20260821,20260905,0
21V955,91810941,2a97db36,371c2fb8,20260821,20260905,0
21V960,1618101d,fc5dc741,fda239f0,20260821,20260905,0
21V975,4c6be712,c6948f24,7a53811d,20260821,20260905,0
21V994,a01c8612,7c1e485c,933bb675,20260821,20260905,0
21V978,8e2fd9f1,0045b3b6,62240a09,20260821,20260905,0
21V983,8c5a802a,39a96f98,cedf53d0,20260821,20260905,0
21V984,f2ba9d9c,98629168,1383a2f3,20260821,20260905,0
21V999,0da34a47,b025c61d,55884c25,20260821,20260905,0
21V511,7e5f5254,387e837b,6cb0060d,20260821,20260905,0
21V515,771e96ef,f3055a53,d9222861,20260821,20260905,0
21V534,f2c38a02,91b78099,92e37f7e,20260821,20260905,0
21V537,ac09b5ef,eb318518,9b9150c0,20260821,20260905,0
21E066,f9a373b5,300041d0,5cc876b8,20260821,20260905,0
21V563,e5fab5e6,2c1e78b5,9ce4cc41,20260821,20260905,0
21V596,1b75976e,772d186b,8a503397,20260821,20260905,0
21V613,22665653,fdbc5f79,0ffc7cc8,20260821,20260905,0
21V617,38417380,b5339ce5,3a0c6e92,20260821,20260905,0
21V631,4a97abb7,6d58217d,432d6a76,20260821,20260905,0
21T012,ad915743,bcff5612,a6dab773,20260821,20260905,0
21V648,b82cf2bc,b7ecbfd0,81ed8284,20260821,20260905,0
21V661,c1d7833e,0ab76ace,33bb9769,20260821,20260905,0
21V665,ff693e38,82d7fb9c,5f8779a4,20260821,20260905,0
21V606,8f61a879,772d186b,89344f59,20260821,20260905,0
21V608,357a3d1a,772d186b,1de567b8,20260821,20260905,0
21V610,40526557,8e34d1b1,a494ed0b,20260821,20260905,0
21V612,5ff90263,c0e51bbb,af74cd12,20260821,20260905,0
21V618,033669f5,10c759e4,6ff2f772,20260821,20260905,0
21V615,7a8a2aae,15f9fb14,d9fc3347,20260821,20260905,0
21V616,6eba1362,23bc9715,931753e9,20260821,20260905,0
21V619,97fdba18,e4acaab1,d5a48d38,20260821,20260905,0
21V620,a45ef948,2c1e78b5,85e732a7,20260821,20260905,0
21V887,19723382,e64d05cc,f19c1fcd,20260821,20260905,0
21V469,d9ecb5d2,70343298,e8948a9e,20260821,20260905,0
21V949,f5a97132,148aff3b,6707f8a1,20260821,20260905,0
21V001,e153b3ff,f671681f,2f27b8f3,20260821,20260905,0
21V010,1db93415,0c176b0c,65aca7ef,20260821,20260905,0
21V011,cc163bab,f49aef53,baa63084,20260821,20260905,0
21V014,ce54f473,7c4b3025,85292823,20260821,20260905,0
21V017,c5378932,eb925399,ebfa4740,20260821,20260905,0
21V020,977e1477,8598dfa7,814552b0,20260821,20260905,0
21V025,909e1da5,7029512b,bec5fef4,20260821,20260905,0
21V026,843ed74a,53ffdf7e,a4e4d5d7,20260821,20260905,0
21V027,efb344f5,0f4f2e45,4f50f619,20260821,20260905,0
21V032,0de89aa9,60548eae,4833d5b1,20260821,20260905,0
21V033,919a2d6a,2ec94f46,37818748,20260821,20260905,0
21V036,110615af,d47f7e03,f5554b13,20260821,20260905,0
21V038,0cd0d6d9,cb0d89b2,1d78daec,20260821,20260905,0
21V042,e2e95a4b,c2c29897,5e3548c7,20260821,20260905,0
21E008,98fbfcfa,387e837b,243c5afb,20260821,20260905,0
21E009,e1d5d0b1,12ec4ba1,c443d28d,20260821,20260905,0
21V052,959f3dc2,0236533f,03e06b56,20260821,20260905,0
21V064,749a5e66,2c1e78b5,d22b2e62,20260821,20260905,0
21V070,d601954e,749ad3c3,e1e6cbad,20260821,20260905,0
21V685,098e64c1,fc3cb64a,513fbb10,20260821,20260905,0
21V209,01e2908a,5611cb07,1dbd8298,20260821,20260905,0
21V214,138ae0ff,bc377aa6,76f678d5,20260821,20260905,0
21V328,471fbe72,bc6de323,3a58d618,20260821,20260905,0
21V329,dbec9774,7f8f647f,4aa8ad31,20260821,20260905,0
21V333,33ad6107,2c1e78b5,11f18131,20260821,20260905,0
21V334,e0f7cb03,2c1e78b5,3f04d74f,20260821,20260905,0
21V335,19bc2ddb,ede5dbf3,d18b652e,20260821,20260905,0
21T011,560b1913,84eb83a4,ee75a599,20260821,20260905,0
21V542,b2f5fef4,0a3c34eb,58bde9ba,20260821,20260905,0
21V545,09080c20,703dc06b,c96de699,20260821,20260905,0
21V546,8026e60e,a3a9b543,eb47637f,20260821,20260905,0
21V548,4c336dca,cdebf76c,1128dbc0,20260821,20260905,0
21V599,f550ceb5,eca3a6ed,43909886,20260821,20260905,0
21V675,7ddc8801,933915ba,d90cc702,20260821,20260905,0
21E076,09d0d5bf,9e44774d,8730deaf,20260821,20260905,0
21V647,354f657b,8a475990,9baa2658,20260821,20260905,0
21E077,c94364d1,a410b8f3,e70c2fc4,20260821,20260905,0
21V649,c63e44a4,fa8877d6,9d66dede,20260821,20260905,0
21V704,4c5a96ec,15f9fb14,803455a4,20260821,20260905,0
21V656,7f198479,2c1e78b5,6e5d2dfc,20260821,20260905,0
21V663,1b8bbb79,a410b8f3,53522c12,20260821,20260905,0
21E103,02a2bf3e,0ba0ea9f,889844f5,20260821,20260905,0
21V00N000,611f0e56,bdac33ea,933da9c8,20260821,20260905,0
21V004,eb3a9761,f4fb202e,c76c5e3e,20260821,20260905,0
21V005,e0336346,fcd1ca5c,ee485721,20260821,20260905,0
21E003,bfe2bbb5,43eb55a8,0e96d62c,20260821,20260905,0
21V006,39bb5e59,fcd1ca5c,2cb7fc0c,20260821,20260905,0
21V007,9f97744d,129ca16a,b9e1cfaa,20260821,20260905,0
21V012,462c97ec,2259011a,d780d77b,20260821,20260905,0
21V018,2fa2157a,eb925399,ebfa4740,20260821,20260905,0
21V019,d9984941,387e837b,00b68030,20260821,20260905,0
21V049,925c3e1d,d19fe45a,d306da08,20260821,20260905,0
21V021,af099404,6233423e,dfe76966,20260821,20260905,0
21V178,42b5a0de,78e29341,6a42ec58,20260821,20260905,0
21V023,a0332d89,55a4521b,00c68144,20260821,20260905,0
21V149,516d8482,e0c10ef5,f60f9431,20260821,20260905,0
21V031,e576e318,3a373758,6780dda8,20260821,20260905,0
21V040,be4d873b,d55d7d05,74f42fe5,20260821,20260905,0
21V043,fea94ba4,2d463b7c,37dff0d8,20260821,20260905,0
21V045,14d1b9e6,21d5e2d7,39db482a,20260821,20260905,0
21V051,60125d02,0236533f,3976f846,20260821,20260905,0
21V056,f1a8f3ce,68ad40fe,03c379b8,20260821,20260905,0
21V057,f352e6d8,f3df8a4c,598e7494,20260821,20260905,0
21V336,da32edc2,feecbbd7,e0225a7b,20260821,20260905,0
21V340,e56088db,824f035c,f39ca972,20260821,20260905,0
21V363,13a3ea32,703dc06b,86376dbe,20260821,20260905,0
21V366,243e65b8,2c1e78b5,949d0f16,20260821,20260905,0
21V377,d7113660,ef857ea8,7d7e8d1f,20260821,20260905,0
21V387,13daf8b4,7bd9bad2,778e122f,20260821,20260905,0
21V389,dff4c131,1c5c3de6,15bb5aad,20260821,20260905,0
21V936,c178df39,817bc16f,6839fc17,20260821,20260905,0
21V609,d0fe9136,48a51a8b,3fb4518e,20260821,20260905,0
21V885,b7ebd750,678800a4,4536ef98,20260821,20260905,0
21V865,913ef954,a6f10149,340faa10,20260821,20260905,0
21V882,c91d9dcc,344bd626,05d2e724,20260821,20260905,0
21V888,fd52ae45,49292a28,f9b69d4a,20260821,20260905,0
21V899,74f63e9a,0b64f2ee,1413f2a0,20260821,20260905,0
21V900,6ca8ffb7,772d186b,fca9c8e8,20260821,20260905,0
21V905,33fa9590,60289629,a2a57042,20260821,20260905,0
21V908,f0129017,6e943510,dc29e578,20260821,20260905,0
21V918,5b005aa1,38b9e969,30b45acf,20260821,20260905,0
21V923,8b9786da,fb56848a,2d398144,20260821,20260905,0
21V932,83bf1e6b,284eab7a,9d84fde2,20260821,20260905,0
21V933,7bd8898e,90064046,047133eb,20260821,20260905,0
21E099,e088ccf0,fc5dc741,b63f4ddf,20260821,20260905,0
21V938,8d315d72,b9b7358f,2db8608c,20260821,20260905,0
21V942,cb5ea0f3,a80023f6,843a0b75,20260821,20260905,0
21V946,d9c27d3e,f1605bb5,745efc5e,20260821,20260905,0
21V956,34cbb980,fc5dc741,48a0f4e3,20260821,20260905,0
21V964,19ee6c1e,fc5dc741,3c9b5092,20260821,20260905,0
21V970,bda80d9e,5bbb1844,9a6cd080,20260821,20260905,0
21V979,ff5f7197,6893a22c,200e24ca,20260821,20260905,0
21V00G000,dde70cb3,44d1cfb2,fe6ebdbc,20260821,20260905,0
21V980,5ba2fdc5,e2c25986,d946c542,20260821,20260905,0
21V981,c76c68cf,da93c28a,2e75e79d,20260821,20260905,0
21V986,d3f3cc2b,e2ef121e,ebac23ed,20260821,20260905,0
21V989,6c5feb7b,89d1f281,992af5dc,20260821,20260905,0
21V991,89fe456b,f2588148,d279562c,20260821,20260905,0
21V993,3288708b,381a2b29,89fbfea5,20260821,20260905,0
21V218,a3f50515,f88e420a,de8ad25b,20260821,20260905,0
21V220,24824f44,fede99ed,3db4274d,20260821,20260905,0
21V224,c13b014d,76c147de,2185b282,20260821,20260905,0
21V229,fd3b1749,f56f256a,9869d53e,20260821,20260905,0
21V230,5d28ffda,556b02e9,ab65cc0f,20260821,20260905,0
21V235,a98b3980,e23c993f,4404d8b6,20260821,20260905,0
21V236,569bd290,7b223f58,a7609e56,20260821,20260905,0
21V237,41e035cf,afb74fff,6681c176,20260821,20260905,0
21V243,c4dc571c,7619ebed,54656c57,20260821,20260905,0
21E026,490a8c30,fa4261cd,1914a194,20260821,20260905,0
21V252,babf27f9,10c759e4,a44a062c,20260821,20260905,0
21V284,4fa63016,b70dc18a,b1f143a7,20260821,20260905,0
21V288,65e35867,935373f0,bc9baa0f,20260821,20260905,0
21V292,b6389fb2,39dab05c,cc18e2a9,20260821,20260905,0
21V295,33ecdeff,760c2e7b,dd8078cc,20260821,20260905,0
21V298,40d4e87c,5a815cdd,171effc0,20260821,20260905,0
21V303,852d07bc,814c83e8,9bce5f4c,20260821,20260905,0
21E039,e9b0ee1c,204ca4f3,a015fc2d,20260821,20260905,0
21V321,07c53171,3751a562,68968fd9,20260821,20260905,0
21V322,9cb4b57c,f3122d27,1e43bf67,20260821,20260905,0
21V324,05dc37d5,cfb4ba07,91d8fe68,20260821,20260905,0
21V331,4335c50c,809a19f4,bfcc9466,20260821,20260905,0
21V107,4f00fa81,227e9035,449759cf,20260821,20260905,0
21V109,f139d858,3f1f5cc9,2b7ca641,20260821,20260905,0
21V747,68e0517b,2e54b41f,00340977,20260821,20260905,0
21V174,806943c9,a3133506,ab8633fa,20260821,20260905,0
21V212,6cbd72b6,5e1f54fa,6904fcf6,20260821,20260905,0
21V240,3f89d863,ad076e76,4abe3866,20260821,20260905,0
21V250,a37db034,efd3fa2e,5771882e,20260821,20260905,0
21V258,f308f67f,78d6db20,d611e0a4,20260821,20260905,0
21V263,acb9e85b,fa31d583,9a3abc51,20260821,20260905,0
21V270,668e9720,f51196aa,fac0ba66,20260821,20260905,0
21V275,454a730b,94e68b4b,ff26a078,20260821,20260905,0
21V569,44af1944,de14ac64,6de5faef,20260821,20260905,0
21E088,e28e8b52,9d3a88ed,bbabe0ab,20260821,20260905,0
21V808,be8a45e1,8f1c376d,4fd4cea5,20260821,20260905,0
21V809,6175cef3,7c0badf0,a2d140cb,20260821,20260905,0
21V810,033f16b8,d5fa021c,1c2e7063,20260821,20260905,0
21V828,04e2894a,80dcd2a9,2bf07e67,20260821,20260905,0
21E049,1a9534ab,387e837b,70c88678,20260821,20260905,0
21V419,bacffa98,f56f256a,428cf049,20260821,20260905,0
21V420,6655aade,a297e73a,140efd83,20260821,20260905,0
21V422,05576b56,1e445e59,7ca0824f,20260821,20260905,0
21V423,3b672151,257e5345,226839e3,20260821,20260905,0
21V219,7b3d49f8,64908e20,32983e5f,20260821,20260905,0
21V226,e15d0ca0,60d8fd09,f241f080,20260821,20260905,0
21V745,8aae853a,461b3e9b,c21ddc5d,20260821,20260905,0
21V781,80d3755d,5e8e7afe,cdb8b5e7,20260821,20260905,0
21V244,5801fb99,6cf1feb4,1f4ea8e9,20260821,20260905,0
21V249,598ae768,77e2686a,a105967f,20260821,20260905,0
21V254,76d9180f,7c803025,9ee60dd1,20260821,20260905,0
21V437,a02b59de,a297e73a,a21aeb57,20260821,20260905,0
21V453,1470c663,387e837b,f66e264c,20260821,20260905,0
21V459,4a1eca9d,af448333,9a1e1c2c,20260821,20260905,0
21V460,1f9b7350,b6ab6b08,321b5bf6,20260821,20260905,0
21V467,da58f785,1025f991,ada7552e,20260821,20260905,0
21V478,ed196c65,191ca38c,a83c11a9,20260821,20260905,0
21V481,39fbdf1d,15f9fb14,454043ce,20260821,20260905,0
21V952,7c05052e,fc5dc741,79f72d83,20260821,20260905,0
21V601,159e3939,2c1e78b5,42558cfa,20260821,20260905,0
21E086,eb97970c,fc3cb64a,df8da4cc,20260821,20260905,0
21V128,0daa71a3,6d141841,1c117b44,20260821,20260905,0
21V134,2b7c9c13,1ac76089,c7770fb0,20260821,20260905,0
21V135,8e34a30a,84698502,cdceea52,20260821,20260905,0
21E070,4d934f28,398a69d1,073f725e,20260821,20260905,0
21V205,b55fc73d,e4187708,5f9459e3,20260821,20260905,0
21V604,ab17f168,2c1e78b5,48962085,20260821,20260905,0
21V611,65b02e53,880addec,5d7de8b7,20260821,20260905,0
21V718,86c7c5c1,0c7a6195,2f1e86d3,20260821,20260905,0
21V002,ff05d2b7,017598cb,5439ee31,20260821,20260905,0
21V024,e4b90de8,038cf919,1444fff8,20260821,20260905,0
21V622,4b92f449,e4acaab1,d673f83a,20260821,20260905,0
21V030,2daad699,11f45e7f,8881f86d,20260821,20260905,0
21V621,c7c90978,660b8c40,f3e2edfa,20260821,20260905,0
21V623,fe5bd5f5,4aa19330,8afb7f67,20260821,20260905,0
21V624,563c39ef,a410b8f3,542e8afa,20260821,20260905,0
21E073,fb06003b,3e2d1ef3,09974747,20260821,20260905,0
21V638,a067c8d0,c9458fdc,aa4c2112,20260821,20260905,0
21E075,52734013,d5fa021c,16e430ee,20260821,20260905,0
21V645,2e21f1d6,d62795d9,0bd551d7,20260821,20260905,0
21V646,22da3676,72602497,b902b737,20260821,20260905,0
21V695,63703bc6,511b87c6,b6df9ffd,20260821,20260905,0
21V705,3a8f25dd,8b4b00e8,fa0de27e,20260821,20260905,0
21V726,dc666a3c,a965ac1b,32913a0c,20260821,20260905,0
21E001,4a60af19,d0c45378,8955ea4c,20260821,20260905,0
21V008,80f2f0b0,ce954c2b,0253bde2,20260821,20260905,0
21V009,c18f4c24,71161769,4fca02b5,20260821,20260905,0
21V015,e40b6448,23395af1,6ea4c1d5,20260821,20260905,0
21V016,e6f5e23a,a83a2e7a,c7121483,20260821,20260905,0
21V948,4f90af46,387e837b,cd3a801e,20260821,20260905,0
21V950,0687e8e2,46a48099,900e6d0f,20260821,20260905,0
21V053,009ccf43,0236533f,8f2dbdac,20260821,20260905,0
21V055,2b223a86,949d8eae,75313257,20260821,20260905,0
21V061,c578249f,98569564,791bfeec,20260821,20260905,0
21V066,a5245cac,18e2d34b,039cc4d7,20260821,20260905,0
21V069,af3509cd,8f74a990,ff64100d,20260821,20260905,0
21E011,120273f3,08a4fbce,abf304f2,20260821,20260905,0
21T001,8fb952c1,257e5345,6e0d9d27,20260821,20260905,0
21V075,866bb74c,41d87dc3,1a1dc4f4,20260821,20260905,0
21V076,bff3c306,09947494,12cb623f,20260821,20260905,0
21V084,f7b92b52,1fd33bcd,30d375c5,20260821,20260905,0
21V085,9d77dfba,44751493,26561f2f,20260821,20260905,0
21V086,131cf7a4,4188c88d,afd0486d,20260821,20260905,0
21V090,0b1861ea,4937eaba,136b9eee,20260821,20260905,0
21V092,0ffd9bfc,d4d93cf2,5e28d78c,20260821,20260905,0
21V132,44c3f27c,0e944ad1,4381eb88,20260821,20260905,0
21V137,a77535d3,e41c1c61,5e3cf928,20260821,20260905,0
21V139,ef0b13a4,27b90447,ddcdf464,20260821,20260905,0
21V147,ff602bdb,fab3a40a,2d162e2d,20260821,20260905,0
21C001,27136dea,0f18234f,d27e3eb0,20260821,20260905,0
21V146,2ce4a3c6,147d190a,1fda5da6,20260821,20260905,0
21V148,2db3c131,fa0eadd1,86032a4f,20260821,20260905,0
21V161,3a5e8ee2,b401662b,da28294a,20260821,20260905,0
21V162,4e6b1190,0236533f,235568b1,20260821,20260905,0
21V165,dcce10f4,dbd4e728,51e94ab9,20260821,20260905,0
21V170,7bae83f9,1320399f,fbe97188,20260821,20260905,0
21E019,b8c8b649,ef066fb3,ef88d0d0,20260821,20260905,0
21V177,1599f9df,d81dab90,e0f66d78,20260821,20260905,0
21V184,94024faf,387e837b,e8455765,20260821,20260905,0
21V731,d070c483,0206b4ce,aba56a37,20260821,20260905,0
21V188,34cbc40e,0b08d64e,44bfdb7c,20260821,20260905,0
21V198,e7e1d9b6,fc7d45f3,9249cced,20260821,20260905,0
21V189,81d49964,1473646d,01fb6aee,20260821,20260905,0
21E020,16e87971,ad1ef4c8,d50b7a77,20260821,20260905,0
21V202,b81e66d4,134810e8,57a9168e,20260821,20260905,0
21V607,b2116c2c,772d186b,bbcf0e98,20260821,20260905,0
21V736,77e8ac15,fcd76ef2,77d0311d,20260821,20260905,0
21C002,0383fc56,41f8d79a,ce91eed8,20260821,20260905,0
21V210,608e20d0,448e8abd,aa854446,20260821,20260905,0
21V003,4b69c4d3,942f2e65,cd90db91,20260821,20260905,0
21E002,f86bb801,9d6d2582,251009f9,20260821,20260905,0
21V013,7f80b1b3,4401aa1f,165849b5,20260821,20260905,0
21E004,1b70b726,9d6d2582,4bde9c19,20260821,20260905,0
21V022,882b5a7a,3c2dcf1f,802fe763,20260821,20260905,0
21E005,91dfbcb3,9be932f2,383ca660,20260821,20260905,0
21V034,a23813e9,e3742f7e,0fabfac6,20260821,20260905,0
21V035,ab1eec45,85e26424,6e1822da,20260821,20260905,0
21V037,1e77f4a7,7c062e36,c5b9baec,20260821,20260905,0
21E007,df14474f,d04e12b5,e66a4b3a,20260821,20260905,0
21V046,2d1284f0,d1e3ac00,fde807b1,20260821,20260905,0
21V047,208e6538,387e837b,243c5afb,20260821,20260905,0
21V048,0df403b9,4293a164,8c0440b3,20260821,20260905,0
21V050,6997720c,0236533f,a49705ed,20260821,20260905,0
21V626,1309a628,6ab6f3c9,79115215,20260821,20260905,0
21V629,d4cf3eec,cd6574e2,cdc95f0e,20260821,20260905,0
21V642,7663c8a7,2c1e78b5,d045fa28,20260821,20260905,0
21V633,240f64ab,a01bea6a,320730c5,20260821,20260905,0
21V639,f6e42d24,ba3080f5,b8c98ef8,20260821,20260905,0
21V640,2af307d3,4039e1cd,31e6f041,20260821,20260905,0
21V643,ed1b043f,15ac98b7,76ae2e2a,20260821,20260905,0
21V651,41cce34b,e6485dcc,ca5681ef,20260821,20260905,0
21V653,c32a8204,dc74a2b7,e751b925,20260821,20260905,0
21V657,a697febf,5eeb7c54,c309851e,20260821,20260905,0
21C003,20f740c5,e8a6306b,1f1b8326,20260821,20260905,0
21V659,c044abc0,f2199bd0,dff9ee9f,20260821,20260905,0
21T015,94faa835,e52d3ea8,57e0cb51,20260821,20260905,0
21V682,627e45f7,772d186b,edb9b152,20260821,20260905,0
21V684,05359beb,90338570,a46f5bdb,20260821,20260905,0
21V689,08aa37c5,29424308,5c0c18a1,20260821,20260905,0
21V693,7053f4e9,f520c09c,61b5d179,20260821,20260905,0
21V743,ead43c1a,3f698946,12a94665,20260821,20260905,0
21V694,255b2eb4,2c1e78b5,6fb4c4cc,20260821,20260905,0
21V696,1dc8aecf,70cd8290,24f2baed,20260821,20260905,0
21V698,cc75f797,11749a97,06b1dc38,20260821,20260905,0
21V708,784cffd0,fc3cb64a,596c62cb,20260821,20260905,0
21V719,81e65bf7,d2abc6a8,54f4eb25,20260821,20260905,0
21V720,07fceded,e7b2a387,cc79332d,20260821,20260905,0
21V724,7ec82298,9fc7cc00,fcd2a5ff,20260821,20260905,0
21V728,07b42eab,28b76e52,3f8a9587,20260821,20260905,0
21V762,3076cd1b,80dcd2a9,c18bd543,20260821,20260905,0
21V783,f6bc2ea9,622d1c5e,78b9c434,20260821,20260905,0
21V737,17bfe1a4,85b9dfaf,107b1cf8,20260821,20260905,0
21V739,1d115831,15f9fb14,4589b6f2,20260821,20260905,0
21V740,adab6c0a,ca317f72,3635f553,20260821,20260905,0
21V742,72297c21,35cdfa44,b1a768fe,20260821,20260905,0
21V752,4330cf47,678800a4,f9caf2f8,20260821,20260905,0
21V753,f421aaf5,25eb8877,0b16b0fd,20260821,20260905,0
21V757,4494d317,d5fa021c,9379bf5e,20260821,20260905,0
21V763,99e41a2c,80dcd2a9,cf9be592,20260821,20260905,0
21V771,6865514b,3faac914,7949f0ee,20260821,20260905,0
21E087,3e4442ad,9d3a88ed,0c926003,20260821,20260905,0
21V774,f2ebd2b4,1daa818d,60383a6e,20260821,20260905,0
21V784,c43383ce,59cc00a3,333acdce,20260821,20260905,0
21V785,985938d4,d46f213f,882a3be7,20260821,20260905,0
21V780,f1967074,387e837b,5ad125d8,20260821,20260905,0
21V791,67df88f1,7e81675d,baf6db47,20260821,20260905,0
21V402,70c8675b,ce0b487c,c8c34ac0,20260821,20260905,0
21V405,a815e2e1,3faac914,9448a744,20260821,20260905,0
21V407,dcb50976,864e8f87,265a8058,20260821,20260905,0
21V410,14b6b9d3,68fc049f,3f89f097,20260821,20260905,0
21V411,a9ea4f8a,ffbc43ee,5b95ae58,20260821,20260905,0
21V415,db6af827,387e837b,237fe03a,20260821,20260905,0
21V417,1b2fd795,cea4198b,e84f5db3,20260821,20260905,0
21V424,e2a17639,b9a2531f,22d4a5cf,20260821,20260905,0
21V432,5172bc29,ad2cf508,4293547f,20260821,20260905,0
21V425,f698dcf9,fc3cb64a,54a42ae4,20260821,20260905,0
21V429,d8f3b26a,387e837b,a4fbcffd,20260821,20260905,0
21V431,fa786f65,fc3cb64a,c0e7e9ea,20260821,20260905,0
21V439,b0b04e03,8f1c376d,6264ace0,20260821,20260905,0
21V442,cf0b5861,53a24991,50d218a9,20260821,20260905,0
21V443,ac874b93,3b0012fc,a608ca74,20260821,20260905,0
21V447,f3fa6e5d,014bc341,ce6d3379,20260821,20260905,0
21V448,45114ad7,57f1f65d,1f6e5ed9,20260821,20260905,0
21V449,56abe38e,f5605ef5,f997e3a7,20260821,20260905,0
21V450,c1090811,c83c37e8,ae7cbaf2,20260821,20260905,0
21V456,974271c1,cbe6108b,c96ecea3,20260821,20260905,0
21V457,69cbafa2,8b1d90c4,f7d0aa4a,20260821,20260905,0
21V458,7a905e4a,0134f608,cbf9f14e,20260821,20260905,0
21V484,414839cd,daa231a0,dea1e867,20260821,20260905,0
21V472,80e7ea18,35dc200c,2499e394,20260821,20260905,0
21V476,c4057bae,d911d411,13b9d736,20260821,20260905,0
21V479,186dd2e0,2c1e78b5,7bcfdc06,20260821,20260905,0
21V480,0eb9ef75,ac0ffb10,878c3cd3,20260821,20260905,0
21V482,1b28e73c,28725e47,8ca67767,20260821,20260905,0
21V483,4aad5f2c,772d186b,1a17c919,20260821,20260905,0
21V505,5b30f07f,17ae7f57,f71da1f6,20260821,20260905,0
21V485,6fab5c87,a61963ec,b2345fc0,20260821,20260905,0
21V488,a2bec8bb,92d65fd6,0fae5920,20260821,20260905,0
21V497,be46f8be,3d32bbcc,2dfefe2f,20260821,20260905,0
21V501,619da944,ef066fb3,c11883e3,20260821,20260905,0
21V502,24a933b5,a3cde412,141c24aa,20260821,20260905,0
21V503,3120326d,15ac98b7,54b6e500,20260821,20260905,0
21V506,f7c87de4,2c1e78b5,f6d62e45,20260821,20260905,0
21V540,e4a3cb17,a410b8f3,9662ee3e,20260821,20260905,0
21V507,8d1dcaf3,2c1e78b5,9cb6b782,20260821,20260905,0
21V513,5e410f94,772d186b,1dd6f8bb,20260821,20260905,0
21V517,0789a609,602d157c,d315a960,20260821,20260905,0
21V518,120cdfc8,bcb51193,b2f9cc19,20260821,20260905,0
21V519,c8d4acee,097ad2dd,05576485,20260821,20260905,0
21V520,c6d3755a,15db4cdb,a9adb903,20260821,20260905,0
21V522,680c0ff4,a410b8f3,9a420ab9,20260821,20260905,0
21V531,c0f0b5ba,fb62d827,a4d26c7d,20260821,20260905,0
21V532,8a6dfbc8,200260c9,c0e82b9e,20260821,20260905,0
21E064,9f4ac712,a3133506,19c08a7e,20260821,20260905,0
21V533,6b9243bd,97113b6c,b2f7b491,20260821,20260905,0
21E065,fea335c8,4c08172b,f7783b94,20260821,20260905,0
21V536,2bf47e25,a8e7dbef,6453399c,20260821,20260905,0
21V541,f060caaf,ef066fb3,b62a6f4c,20260821,20260905,0
21V544,d90c2311,aa2eda18,11e362a6,20260821,20260905,0
21V555,0f95a0ac,c2f1b95d,35ce6a5f,20260821,20260905,0
21V556,5a595ddd,2c1e78b5,fecd6469,20260821,20260905,0
21V562,e1eaea72,1cf4911c,0b0e709c,20260821,20260905,0
21V579,6a17c777,dc48d9aa,1284172a,20260821,20260905,0
21V583,95ebf2ec,387e837b,d0fccac8,20260821,20260905,0
21V582,74317685,8a1f3ec9,0a3b7ffb,20260821,20260905,0
21V591,723436dc,2c1e78b5,f8e73d20,20260821,20260905,0
21V593,1ebaf8b2,b9a2531f,f4bd4df9,20260821,20260905,0
21V597,ef7eaf7c,85b9dfaf,5813220e,20260821,20260905,0
21V603,9fe91d71,772d186b,47f02223,20260821,20260905,0
21V605,47f09923,772d186b,cc70b6c1,20260821,20260905,0
22V161,87b3706a,d6ff003b,08aea97f,20260821,20260905,0
22V837,94d9a47d,555c7d08,594b1c06,20260821,20260905,0
22V835,03c957c1,e84bc615,67b001b2,20260821,20260905,0
22V844,c0d8c5d1,0525afe2,f25ecf6c,20260821,20260905,0
22V875,667117aa,1ceb9b08,3b883c7a,20260821,20260905,0
22V838,3d6e928d,fdb1ef66,de748548,20260821,20260905,0
22V840,1f9dc1f3,c1b6e0d5,ba10c76d,20260821,20260905,0
22V843,c9ae3f94,9df685c5,99fdf0e4,20260821,20260905,0
22V857,2da988ca,a1e00b66,3727f051,20260821,20260905,0
22V864,71864a7b,74d53f6d,5e1d4544,20260821,20260905,0
22V868,2a45bfe2,52a8c79b,94c1e709,20260821,20260905,0
22V871,f30e8045,3a5c1c3d,07bf3c8f,20260821,20260905,0
22V879,bda2a207,3a5c1c3d,c32caf0b,20260821,20260905,0
22V882,8a6a149d,9fc7cc00,76358548,20260821,20260905,0
22V883,d9b0e978,ff8a54dc,0023267e,20260821,20260905,0
22V885,c45e05ee,a8e47508,d6d8b997,20260821,20260905,0
22V890,474660ec,75563638,065f8a86,20260821,20260905,0
22V894,1b69b93e,74d53f6d,5ae2c401,20260821,20260905,0
22V903,01155d93,c3de88b9,d4f66937,20260821,20260905,0
22V806,c6e0e2bb,8fcbe6a1,ebe49b48,20260821,20260905,0
22V817,4eaecdc5,9d824db2,c88eabef,20260821,20260905,0
22E092,09657644,0b869ed5,1d1347ec,20260821,20260905,0
22V830,561e8ac4,18d1c79b,304f51e6,20260821,20260905,0
22V823,1a88778f,8001d244,9cbc8262,20260821,20260905,0
22E094,cb18b377,952013de,6df00041,20260821,20260905,0
22V943,e9f5b9e3,2aabbb11,8f9ef6f2,20260821,20260905,0
22V003,8add4628,80dcd2a9,0a3c6a9b,20260821,20260905,0
22V009,3d025044,4c35b3f9,0c1b5171,20260821,20260905,0
22V017,5f19082c,33f4b9df,00897a96,20260821,20260905,0
22V019,4f7ea36d,fca93aff,223305b7,20260821,20260905,0
22V065,33285625,80e41b4e,2ec70586,20260821,20260905,0
22V022,cee50476,4ca8cd93,77f86a07,20260821,20260905,0
22V023,1f1d5c99,df54d70f,08f02b1b,20260821,20260905,0
22V029,241842f2,f03f45f8,2fde7b91,20260821,20260905,0
22V037,cf47aec8,953727d2,ea6412dd,20260821,20260905,0
22V038,9094983c,aaf715c1,19b1edff,20260821,20260905,0
22V032,854ab547,fc5dc741,e17d3f3f,20260821,20260905,0
22V033,272db96b,feaea8ff,0587c9eb,20260821,20260905,0
22V039,d27346da,e5efa059,725b64f9,20260821,20260905,0
22V045,5347d8f5,8a51aac7,e9f0a05d,20260821,20260905,0
22T002,3831ac46,e52d3ea8,7d800f1e,20260821,20260905,0
22V046,d6942c89,e52d3ea8,2d2a84fa,20260821,20260905,0
22V057,8abcf462,cb3e0c5c,4f8948cf,20260821,20260905,0
22V048,37a231af,e52d3ea8,b6e8e28d,20260821,20260905,0
22V058,47a99e4b,208ef295,75bc8c6b,20260821,20260905,0
22V059,ac511fe7,d89be8df,23fe9f70,20260821,20260905,0
22V061,cb99a0b6,e1873078,50705b30,20260821,20260905,0
22V074,612a3d84,54bba1d5,71b75769,20260821,20260905,0
22V076,1d5d295e,8a79bae4,e7d63241,20260821,20260905,0
22E009,43a4a5a9,ab1ae120,a23f411b,20260821,20260905,0
22V084,99f022e3,cdec7db2,52ccfefc,20260821,20260905,0
22E010,0d5cc22a,d2a6a464,1f0c7677,20260821,20260905,0
22T003,2895fda6,6003ce8f,2ad2ff93,20260821,20260905,0
22V096,86c74d56,16107ad6,58d3944c,20260821,20260905,0
22V103,9496e271,86bbcca2,a96e1cdb,20260821,20260905,0
22V104,984ce375,6b8fb770,7baf3b0d,20260821,20260905,0
22V106,28a4b815,fc5dc741,5269e248,20260821,20260905,0
22V118,46b96210,cb0b60a6,a0be49f9,20260821,20260905,0
22V108,e556d1c1,fc5dc741,cc12f883,20260821,20260905,0
22V111,c0cd684e,dc7a110d,707ab6b2,20260821,20260905,0
22E015,20b35fce,2c1e78b5,84e2640f,20260821,20260905,0
22V138,24cd4c55,7d5af0da,e39c4182,20260821,20260905,0
22V116,1493184d,d5fa021c,7a1647c9,20260821,20260905,0
22V123,63af6a72,3488e7fa,eb2333c9,20260821,20260905,0
22V125,7d076a20,383e0273,a90260a6,20260821,20260905,0
22V127,9f29420e,3488e7fa,6d238937,20260821,20260905,0
22V130,b6784dc0,dfe940a9,3ce58b2c,20260821,20260905,0
22E017,3cb00bfb,f79902c2,0a0f4846,20260821,20260905,0
22V147,2690a66a,74bfd24c,9af3315e,20260821,20260905,0
22V217,15d1137f,c7a5c210,971c942d,20260821,20260905,0
22V142,8d1a5858,c2da3dac,574e7219,20260821,20260905,0
22V144,35422da5,684d14a3,930b4c6d,20260821,20260905,0
22V150,5a968414,a351edde,9586041d,20260821,20260905,0
22V598,8030f352,46aecb48,c7f141a5,20260821,20260905,0
22V152,ac4b0dc0,fddd9eee,1565de83,20260821,20260905,0
22V156,0a7bc875,2790a874,63f64587,20260821,20260905,0
22V159,29e6e4f5,99e5614d,1eab99ca,20260821,20260905,0
22V209,e4f24a3b,f8265b77,2dbec778,20260821,20260905,0
22E020,a53fa7a0,32b2b696,0ffeac91,20260821,20260905,0
22V162,af842dd9,b91a8e64,dc363cd7,20260821,20260905,0
22V173,b6d0dad9,d95185fd,5637b096,20260821,20260905,0
22V176,ea320142,927759ac,14528738,20260821,20260905,0
22V177,686f4ca0,9d506081,489ae907,20260821,20260905,0
22V178,4c8bb6aa,f73e8026,1785dfd3,20260821,20260905,0
22V202,0759f7df,0fa281a7,bf77d49f,20260821,20260905,0
22V181,db6f3816,cc5ba51a,6557de0b,20260821,20260905,0
22E025,b2c804de,876d12e0,f631f7df,20260821,20260905,0
22V203,2f9f44b9,cd2702d4,f4ad86c7,20260821,20260905,0
22V196,5baa6352,e4acaab1,2a92d914,20260821,20260905,0
22V201,8e0a121c,9a72d3b0,0d87c647,20260821,20260905,0
22V208,071cb569,cd2702d4,6a62dfa8,20260821,20260905,0
22V210,c3f3f6a3,04144cb9,e5ea3bc8,20260821,20260905,0
22E030,76ebc3eb,768b21a0,c62fdf38,20260821,20260905,0
22V220,a35e3759,ad857fc2,8194e285,20260821,20260905,0
22E071,8fefab60,e995248c,5adffe28,20260821,20260905,0
22V222,765635a4,768b21a0,b66d8f52,20260821,20260905,0
22V223,8c934c63,31c7c1f8,ba3d17a1,20260821,20260905,0
22V226,dc60f741,6d51a114,1ed711a2,20260821,20260905,0
22V227,849b4a00,54a797b1,33a5d0dd,20260821,20260905,0
22V228,8aba05d7,eeaef25b,d7147d86,20260821,20260905,0
22V235,c30273cc,1820c711,5f32ff39,20260821,20260905,0
22V239,6f04f9eb,dfeefd0a,b4c03834,20260821,20260905,0
22V246,527a04c2,0236533f,f10f80c0,20260821,20260905,0
22V247,80232e9a,8de0be07,4024701e,20260821,20260905,0
22V249,f5136674,904d7dae,b9cf4052,20260821,20260905,0
22V250,f39abb50,fae9943b,8761144f,20260821,20260905,0
22V256,27f177c6,a8bd2e89,1bc42637,20260821,20260905,0
22V257,a8f79c9a,fe7ed0b1,c11541f3,20260821,20260905,0
22V258,4a6e8911,5ecb69d9,6962a04c,20260821,20260905,0
22V259,7a7b4975,f962940a,26e2f9ea,20260821,20260905,0
22V262,477154a9,e6c4f252,56ba93fd,20260821,20260905,0
22V263,8540e318,5daf19cf,c9066465,20260821,20260905,0
22V266,a8d80f3b,f956981b,9dfad658,20260821,20260905,0
22E034,54bc6a9a,9fc7cc00,b7de0b1d,20260821,20260905,0
22V270,bf26cd63,9fc7cc00,8ec3f2fa,20260821,20260905,0
22V292,640b5062,9fc7cc00,947787d8,20260821,20260905,0
22V274,054a6eec,097ad2dd,6e060108,20260821,20260905,0
22V279,a79ee668,ba70aeaf,b2966f69,20260821,20260905,0
22V281,01b5642c,1f1400d5,1a45dc23,20260821,20260905,0
22V284,0b58510e,acd50c7c,bc6bc063,20260821,20260905,0
22V285,13616f5d,7f265f09,155ba4bf,20260821,20260905,0
22V287,be7b4bc4,e886b08a,f5456aa1,20260821,20260905,0
22E036,de43f801,01625e3f,701608d4,20260821,20260905,0
22V296,058665ac,7adfd22d,4f7492d6,20260821,20260905,0
22V301,df98acfd,9fc7cc00,53d906d9,20260821,20260905,0
22V312,cb90b530,f2e608ef,7c4a9e65,20260821,20260905,0
22V313,63dd7b32,9fc7cc00,cd6868a8,20260821,20260905,0
22T007,86d1b579,e343fb05,75a4cded,20260821,20260905,0
22V320,21fb22b4,ef1285b7,cd22afb1,20260821,20260905,0
22V325,8a2a4d14,c5088fd3,f3004762,20260821,20260905,0
22V326,3d1b1a5b,433c2199,9d69b614,20260821,20260905,0
22V333,a4634c57,56b16285,26d8bec2,20260821,20260905,0
22V335,1a930bc2,772d186b,51da4d8e,20260821,20260905,0
22E039,ef193be9,6f55a689,62574c1b,20260821,20260905,0
22V342,f3b1ee62,9fc7cc00,d9e2469c,20260821,20260905,0
22V345,66c17875,aeed7a67,cc3b1f9e,20260821,20260905,0
22V353,d1684544,f95c0454,d4758ffa,20260821,20260905,0
22V358,c6bcbdb8,9fc7cc00,60d111a7,20260821,20260905,0
22V367,0ff39a16,02062764,097c70e1,20260821,20260905,0
22V369,3226aea2,02062764,394c15d9,20260821,20260905,0
22V370,fe746552,b44950d2,b01c5f6e,20260821,20260905,0
22E044,517b4187,43eb55a8,d9650251,20260821,20260905,0
22V378,268c9424,78892656,472eadf9,20260821,20260905,0
22V387,23e6e0d2,9fc7cc00,960f7dcc,20260821,20260905,0
22V394,23f6568b,864e8f87,f82c785f,20260821,20260905,0
22V405,66061cf9,46aecb48,ac634462,20260821,20260905,0
22V425,3101380f,d3146a3d,6463f5f9,20260821,20260905,0
22V427,f68544c5,35be5338,7305769b,20260821,20260905,0
22V429,52f9da6b,46aecb48,e5b0ea0e,20260821,20260905,0
22V430,3da00e86,703dc06b,9a67f8d4,20260821,20260905,0
22V437,edc92028,9a9a7f83,a16f9f7c,20260821,20260905,0
22E052,f1fe93ba,22a62308,f0e17441,20260821,20260905,0
22V441,4db9814d,e1c5058a,4cf105a5,20260821,20260905,0
22V445,bc574e9f,25f8d1b5,56b97677,20260821,20260905,0
22V446,999306e8,38a804d8,bc8edd9a,20260821,20260905,0
22V448,6eb62c3c,eb3e9bea,93e1a32e,20260821,20260905,0
22V451,c74594cc,53df1d58,d937fc5a,20260821,20260905,0
22V467,2b21a1c1,3d790a2d,c105c1a4,20260821,20260905,0
22E054,ae4ab12d,eaad41b7,aadd943d,20260821,20260905,0
22V468,296e7741,5a8532c0,4bb221c2,20260821,20260905,0
22V469,3ded037e,2956e7c1,7feb5d22,20260821,20260905,0
22V470,b0301439,1f1400d5,125fc442,20260821,20260905,0
22V473,ef6acc67,e01bbf7d,c68708b3,20260821,20260905,0
22V474,17bb69c1,3cfb9aef,12f5f019,20260821,20260905,0
22V484,719cea9a,d52a0061,231ec1c9,20260821,20260905,0
22V498,3bb2e7b6,2bdb0617,21a00dcc,20260821,20260905,0
22V486,63aff6f3,74d53f6d,f63d2e11,20260821,20260905,0
22V488,bcff5dc9,5e959215,7e6ef533,20260821,20260905,0
22V516,44304790,555c7d08,f929ad51,20260821,20260905,0
22V502,f4c2517c,13b3221d,0059db36,20260821,20260905,0
22E059,13f040cd,081b78c5,7a75e41a,20260821,20260905,0
22E057,2903f3ad,0be6fa8b,a5af3ef0,20260821,20260905,0
22V504,1bd76f02,0be6fa8b,58db5655,20260821,20260905,0
22V508,4b46ab92,018e326e,fb45f672,20260821,20260905,0
22V538,9c949bbf,9ed5b575,a15fcf43,20260821,20260905,0
22V540,24388f52,592001a9,7dc2e5ad,20260821,20260905,0
22V541,028735dc,16cea709,7498b85c,20260821,20260905,0
22V544,e9a40a52,d61c06be,1cf6a103,20260821,20260905,0
22V552,ed05d8be,74d53f6d,32bdd2cc,20260821,20260905,0
22V556,8f4dcc7f,74d53f6d,2898be04,20260821,20260905,0
22E065,d4aeb82a,e8a72407,40622580,20260821,20260905,0
22V587,f0e7d0f5,3d32bbcc,1cfab099,20260821,20260905,0
22V579,e5be3732,c24504fd,1a611973,20260821,20260905,0
22V585,cd012950,f34668f6,8dcbaf31,20260821,20260905,0
22V590,27aa1371,46aecb48,7c9728cc,20260821,20260905,0
22V594,fa50f111,e7b825b8,70658d16,20260821,20260905,0
22V596,abf78530,6f2e4c9c,7cf25921,20260821,20260905,0
22V612,bf6f3016,ec21f41c,addf1783,20260821,20260905,0
22V626,78de4a27,44301f6e,f5cdda55,20260821,20260905,0
22V628,1830b868,387e837b,781cbc1b,20260821,20260905,0
22V629,85d0f965,0bb439ba,a7fb9e70,20260821,20260905,0
22E068,f216a428,ab1ae120,a4725766,20260821,20260905,0
22V630,71f60b36,172db81f,5fcfc444,20260821,20260905,0
22V632,efb97e32,43068f75,f1a0b295,20260821,20260905,0
22V638,2cffda81,38b9e969,9907938a,20260821,20260905,0
22V645,4c4083cb,9c349aca,6c3ca497,20260821,20260905,0
22V649,83a9e923,3c8a8211,6f95380e,20260821,20260905,0
22V655,fec19e3b,9c317d60,4919b084,20260821,20260905,0
22E073,976c4a89,46aecb48,011ce968,20260821,20260905,0
22V661,1360016a,d0bd51a1,a79d0cf5,20260821,20260905,0
22V662,07dcae89,089d7902,a900d77e,20260821,20260905,0
22V664,5e5ae392,2edc89f6,ddba7769,20260821,20260905,0
22V665,80e4ff05,88723e20,99c7f761,20260821,20260905,0
22V678,68047405,39ca0888,4b309256,20260821,20260905,0
22V783,f6ea7586,fc715a78,2411a6b8,20260821,20260905,0
22V701,00119d2d,6a13e1d7,036c2791,20260821,20260905,0
22E078,9025dfe9,821c9337,4076472a,20260821,20260905,0
22V705,6116cbad,0bbff2b9,9552ede9,20260821,20260905,0
22V711,59f9d258,3a5c1c3d,b33aecdf,20260821,20260905,0
22V712,0aeb4adc,f7d8ac69,e459d447,20260821,20260905,0
22V713,12f003c3,b44950d2,59d1cef3,20260821,20260905,0
22V717,4ace12eb,45fbf5cc,2df028a6,20260821,20260905,0
22E082,6674a43b,9d82920c,f575d929,20260821,20260905,0
22V738,91626af1,c07ae202,094a32c7,20260821,20260905,0
22V721,2f81a697,cfea7b91,3203257d,20260821,20260905,0
22V723,08b699ae,2075ed50,e9d9aea5,20260821,20260905,0
22E084,d2ceb2d8,e9889372,b505a38d,20260821,20260905,0
22V726,bda8281f,1068e8e3,2ade26cf,20260821,20260905,0
22V731,d9dcb8a6,f00b05db,1c5aff9e,20260821,20260905,0
22V734,ca44fcd2,eb0b2c87,24e7859c,20260821,20260905,0
22V735,fe054102,081b78c5,b0a06e9a,20260821,20260905,0
22V737,7678fa10,e995248c,15a94d0a,20260821,20260905,0
22V740,146eab85,2c1e78b5,3a4fb42f,20260821,20260905,0
22V742,f665b588,3c322e07,682270d8,20260821,20260905,0
22V745,f26411f1,ec535034,b5db2153,20260821,20260905,0
22V748,571f793a,0949ad87,0c2ef77f,20260821,20260905,0
22V753,3f04c624,8cecd01a,24e2b79f,20260821,20260905,0
22V756,24368cf7,a869ca51,c91a128e,20260821,20260905,0
22V757,15b64ad6,8e9177f3,b13e9222,20260821,20260905,0
22V788,e3a051eb,3a5c1c3d,80462b88,20260821,20260905,0
22V758,60288236,c0aaa87f,6d22c462,20260821,20260905,0
22V764,dab363b7,8b813159,5a480309,20260821,20260905,0
22E087,29870630,b9a2531f,2149f9dd,20260821,20260905,0
22E088,2f1614bb,eb0b2c87,7ccad8da,20260821,20260905,0
22V781,acaec371,b587c6fe,d034fd9a,20260821,20260905,0
22E090,1797a00b,a5fc2819,6c26ef78,20260821,20260905,0
22V796,ee3d6cf2,7822b5c5,b5ed2634,20260821,20260905,0
22V797,a3019985,18e3bec6,8a80bcaf,20260821,20260905,0
22V807,5b5805bc,2375c78e,02dba98a,20260821,20260905,0
22V813,a919eba1,9882ab86,20b63f06,20260821,20260905,0
22V814,cf8449c6,2c1e78b5,1da79d7d,20260821,20260905,0
22V834,d736ea0d,d69ec5d0,16d0751d,20260821,20260905,0
22V842,695c8b55,c2da3dac,3318319c,20260821,20260905,0
22V846,79691b0c,045eb279,58a576a9,20260821,20260905,0
22V848,74d50ef6,66d99f32,e98b0073,20260821,20260905,0
22V853,15ef4a60,88a4b7ad,d182caed,20260821,20260905,0
22V856,94070a2e,9afe5aba,b42a066a,20260821,20260905,0
22V850,b0ba3893,aafefd5a,55967bf9,20260821,20260905,0
22V863,fc4291d7,952013de,4ec5de1b,20260821,20260905,0
22V866,89abdfd6,f8e71933,111badeb,20260821,20260905,0
22V872,0dddd095,fb9e5d85,65c05006,20260821,20260905,0
22V878,5545e8c3,ba11cf4d,dedc428f,20260821,20260905,0
22V880,f5add7ac,deb53df7,2e19c9e8,20260821,20260905,0
22V002,d33079af,3c4720c2,a3003b26,20260821,20260905,0
22V884,bf210a78,aec6ab88,72cd077f,20260821,20260905,0
22V888,747eb25b,60e8e848,f85fee7f,20260821,20260905,0
22V889,489a4c78,9d82920c,47c0e647,20260821,20260905,0
22V891,b1409c97,1933f320,d51ee671,20260821,20260905,0
22E098,1b57c226,9d82920c,896cf992,20260821,20260905,0
22T022,76b0066b,752257cb,6af7a31b,20260821,20260905,0
22V896,6ae573b5,ab99298f,222e3fc5,20260821,20260905,0
22V901,424f18f2,bdf53a70,3b4c928f,20260821,20260905,0
22V905,5fd092dc,eb0b2c87,6c3f5fea,20260821,20260905,0
22V907,96519291,7c658b9f,7557a41d,20260821,20260905,0
22V910,429c56ae,bdb4515d,695cbb7f,20260821,20260905,0
22V913,01e1abf7,1bf47985,657a51f8,20260821,20260905,0
22V915,e1826969,79483fa1,f25235cb,20260821,20260905,0
22V916,a7d5c7d9,7a813488,3c1997db,20260821,20260905,0
22V930,9c4377cf,22c40992,73623171,20260821,20260905,0
22T024,4713f28a,84eb83a4,bdec45d4,20260821,20260905,0
22V935,888084d6,3fca562c,8db0b335,20260821,20260905,0
22V937,0949d75b,110a7bdc,4e4c3d18,20260821,20260905,0
22V331,cf063045,1daa818d,e0ef320e,20260821,20260905,0
22V077,c000307e,107f5372,c771ed3b,20260821,20260905,0
22V187,fae4c484,44bfdd27,a0708173,20260821,20260905,0
22V855,cba0ce0d,e5221899,8b0ac132,20260821,20260905,0
22V944,49c14957,49a142ac,9d16b172,20260821,20260905,0
22V418,2d30ac2c,5ed77ef7,e6520a9c,20260821,20260905,0
22V947,ad4eba0d,7c6aacf2,32e3e25a,20260821,20260905,0
22V950,93dcd56a,23c5d475,d1c4f2ee,20260821,20260905,0
22V951,f1b8b988,9d82920c,5b590e36,20260821,20260905,0
22V365,b18d0e87,e6ffa4bb,a93c3e45,20260821,20260905,0
22V079,2d3aca6e,728f84d4,b53b3404,20260821,20260905,0
22E007,4b398b90,96b14f08,154fd056,20260821,20260905,0
22V080,5e61444a,6006ac25,7fef5ffe,20260821,20260905,0
22V083,cdf1acf6,39a30c29,525a8950,20260821,20260905,0
22V087,35405422,e2ef121e,ad278f99,20260821,20260905,0
22V095,3b7c44e1,fc5dc741,46d49974,20260821,20260905,0
22V092,591dfe7f,d0e01a98,c3f80f8d,20260821,20260905,0
22V113,85893d5b,d6ff003b,d0bbbd20,20260821,20260905,0
22E011,a96480b6,64ab2abd,e3b1b728,20260821,20260905,0
22V099,fb02b243,493de519,7dc4d2d2,20260821,20260905,0
22V107,751bfac3,2996e41f,d2ef8414,20260821,20260905,0
22V109,8b902f0b,aba2a28b,9eb11c82,20260821,20260905,0
22V110,e39a0a50,3020b6f9,5826127d,20260821,20260905,0
22V112,a71b63bd,4d8b0a1d,07bfe31b,20260821,20260905,0
22V114,ee19a30f,827d9100,1378ad9a,20260821,20260905,0
22V115,be2cf2e4,ef991ddd,b174e51f,20260821,20260905,0
22V121,32493dbf,0d208805,58c86534,20260821,20260905,0
22V119,11150e1e,0f5cdd0f,ce2560f8,20260821,20260905,0
22V179,9117da4a,68b8c39b,73349740,20260821,20260905,0
22V122,fc3f3c0d,af8076bc,bb35bc78,20260821,20260905,0
22V195,9ba8046a,e1888b67,32a40d57,20260821,20260905,0
22E016,bdf42c1c,3d9868c3,0f2b1ea0,20260821,20260905,0
22V132,836a5fce,d551d9f3,d78340ca,20260821,20260905,0
22V140,31d16d23,d23fa1b2,21c2581c,20260821,20260905,0
22V154,f6d4ebdd,2be6cf03,d03ce5c8,20260821,20260905,0
22V167,6afeebee,007155be,01487ca2,20260821,20260905,0
22V215,3b950821,21f6c304,3298e32c,20260821,20260905,0
22V175,54b350d0,34dc7361,c20e29f6,20260821,20260905,0
22V146,595e986d,6f35cdf5,e8c167a3,20260821,20260905,0
22V165,8cbb0e34,fae9943b,069d76eb,20260821,20260905,0
22E023,0979e4f1,2b584d7d,3f0053a7,20260821,20260905,0
22V170,0cd5f9ed,2b584d7d,8ba42993,20260821,20260905,0
22V172,008d8e25,c67229ec,f016d3d5,20260821,20260905,0
22V183,297ffbbe,bdb1b8c6,5a00f99c,20260821,20260905,0
22V184,77329431,f4c3a511,369e7ed6,20260821,20260905,0
22V189,138f9373,fff1a5bf,56153199,20260821,20260905,0
22V194,6203eb87,6e6752de,0561f070,20260821,20260905,0
22E026,a062aeb6,fc5dc741,4eda11c6,20260821,20260905,0
22V204,4b5b96ac,e0042ae6,a4db4aff,20260821,20260905,0
22E029,40f18640,18da84b9,b3191203,20260821,20260905,0
22V212,940b918c,2b584d7d,0adf7398,20260821,20260905,0
22V216,7d6cf8b5,9fa0d317,6c604b03,20260821,20260905,0
22V218,85f71ba5,cda3193b,4139d98e,20260821,20260905,0
22V229,a8ba4132,10c73842,161f1b6a,20260821,20260905,0
22V233,3ed8d74e,49364ade,51096bda,20260821,20260905,0
22V234,6b8208bf,efbe5dd2,e06558dd,20260821,20260905,0
22V299,364a0edc,55bb7867,0363ecb8,20260821,20260905,0
22V304,7234dd8f,864e8f87,60a7b696,20260821,20260905,0
22V244,5e632703,b15bede9,a2b126ae,20260821,20260905,0
22V237,937992ed,bad9a8b2,fae7b971,20260821,20260905,0
22V242,da7cb61e,8c4a78cf,ab375c8f,20260821,20260905,0
22E032,3f1f803a,94f8dea5,93042d7e,20260821,20260905,0
22E033,ae9e15e2,e7b5082a,15b150f9,20260821,20260905,0
22V253,8eb2d357,b7a5649f,1b1ddb2e,20260821,20260905,0
22V254,2332c119,9416a234,efa330f8,20260821,20260905,0
22V261,35901c6b,19f6dfbe,ae31c618,20260821,20260905,0
22V268,7056491a,c5b501e2,647ee006,20260821,20260905,0
22V271,a6930ec2,c433a597,78db8207,20260821,20260905,0
22V272,c4dddd50,c433a597,af560e1c,20260821,20260905,0
22V273,589efcf6,8a2c4934,79b20cca,20260821,20260905,0
22V275,a142cb56,097ad2dd,4d1162a9,20260821,20260905,0
22T005,8daa9c2d,a5eda343,8280a04b,20260821,20260905,0
22V276,a2b0f31f,1da87fef,f8a429ef,20260821,20260905,0
22V277,599a010d,c92044d0,5c08ec8b,20260821,20260905,0
22V297,a1c2fdc1,abb91ce0,06bbc00f,20260821,20260905,0
22V288,532dc17e,d0601a1f,f1ec922d,20260821,20260905,0
22V293,f70d8622,9fc7cc00,cd98bd7d,20260821,20260905,0
22V303,e9ba5c5b,9fc7cc00,93627173,20260821,20260905,0
22V308,12b6ffa7,9fc7cc00,06780a6e,20260821,20260905,0
22V311,854a2ddb,864e8f87,4d87621c,20260821,20260905,0
22V316,33a899bc,60289629,7b6f7204,20260821,20260905,0
22V319,7f8fbc3f,601477dd,bbf38257,20260821,20260905,0
22V321,d637d713,5f455204,56c6cffa,20260821,20260905,0
22V327,deb8963f,1a41d589,4a8788a0,20260821,20260905,0
22V330,50eee733,5f455204,0e40de6b,20260821,20260905,0
22E038,38011831,555c7d08,7c628f69,20260821,20260905,0
22V337,666a3cfd,9ca006a4,e94144db,20260821,20260905,0
22V348,4ec6e614,d9829255,aa19ab06,20260821,20260905,0
22V351,71bc763b,15cf141a,44df8d78,20260821,20260905,0
22V352,f3f07d83,1daa818d,13940caa,20260821,20260905,0
22V357,c7219251,9fc7cc00,3f403ebd,20260821,20260905,0
22V360,8b332f33,e6ffa4bb,40752aa5,20260821,20260905,0
22V364,b23051dd,cb41d3b3,f5735a20,20260821,20260905,0
22V149,979ef9f4,b0193e05,b0aeea3c,20260821,20260905,0
22V954,962a5fad,9a869b72,e6ca98ca,20260821,20260905,0
22V372,d106c7cb,b44950d2,68701634,20260821,20260905,0
22V375,90fb5f0a,fc88f66e,8f615fd6,20260821,20260905,0
22V379,26ccab7a,f3080b2e,2ed2d8c2,20260821,20260905,0
22V381,0575fcb5,f917cce3,a530979b,20260821,20260905,0
22V385,457b5078,9fc7cc00,47dac4b7,20260821,20260905,0
22V390,fe025fb8,9fc7cc00,2a54f860,20260821,20260905,0
22V386,8bab3ee7,571fea0e,412f73f4,20260821,20260905,0
22V388,4af20f5d,9fc7cc00,4241f6ba,20260821,20260905,0
22E047,05d832f4,46aecb48,21ec01dd,20260821,20260905,0
22T009,e958afb5,786c1e4c,898ed408,20260821,20260905,0
22V395,8259f768,fbb29e17,828ebce5,20260821,20260905,0
22V398,e49c8327,344764d7,f2bc177d,20260821,20260905,0
22V400,4195f10e,9fc7cc00,c269cf03,20260821,20260905,0
22V403,3071c30f,1c280505,2d9a3b24,20260821,20260905,0
22V404,395da87b,a6be8900,16f9dbca,20260821,20260905,0
22V409,4140dfc2,b44950d2,b130e4e7,20260821,20260905,0
22V415,4c479752,bba21a22,767332a0,20260821,20260905,0
22V420,68415692,771b2c9a,a5c925c0,20260821,20260905,0
22V424,df8514e8,14967bbf,2da37a6a,20260821,20260905,0
22V426,fe5d8791,8832ae8d,ec85f86a,20260821,20260905,0
22V431,a5457c70,76e939eb,f19d0074,20260821,20260905,0
22V432,c493b4aa,9fc7cc00,d3bb1079,20260821,20260905,0
22V433,f122a184,9fc7cc00,9805b1f2,20260821,20260905,0
22V435,a2171098,9fc7cc00,3217ed64,20260821,20260905,0
22V439,c294805a,fe35f505,a161e78e,20260821,20260905,0
22V531,d516b7c9,46aecb48,4acabf86,20260821,20260905,0
22V443,2d95d496,733289a4,2b655c4c,20260821,20260905,0
22V444,df3dc5c6,e7f26da2,e865a4f6,20260821,20260905,0
22V452,c7edff5a,3cfb9aef,84f0538e,20260821,20260905,0
22T010,eb87a004,1b2970c5,98bef63c,20260821,20260905,0
22V454,fd772092,db84e5bb,6f0c2e9b,20260821,20260905,0
22V524,f4db2f2c,bce1f9f2,74c9035c,20260821,20260905,0
22V457,0d535193,5a8532c0,40e5545e,20260821,20260905,0
22V466,56c2ae6b,35ec0970,389b58aa,20260821,20260905,0
22V476,6ba4da5c,b0ad763a,281a71f5,20260821,20260905,0
22V485,3a63ec61,2a97db36,7c3513a2,20260821,20260905,0
22V496,3a24806e,c32d9878,8077ec3f,20260821,20260905,0
22V489,9d235fde,0e19ef51,2569506c,20260821,20260905,0
22V493,3b308e34,6b2b33ed,5f40ee96,20260821,20260905,0
22V499,236dc5e5,ecefe065,5fd56d4f,20260821,20260905,0
22E060,9be32e96,0bbff2b9,1cb9ee19,20260821,20260905,0
22V514,a7b2ed25,38b9e969,d677d557,20260821,20260905,0
22V517,083aae72,e1c5058a,7b9fb96e,20260821,20260905,0
22V519,706bc2cc,3e324438,cb09fbf2,20260821,20260905,0
22V526,ab60ea38,f85b52a6,ddff1d87,20260821,20260905,0
22V528,af963822,4ab29af0,3490467e,20260821,20260905,0
22V533,35807ff3,10ce3782,cf0d0b5d,20260821,20260905,0
22V551,84defdce,46aecb48,e194faba,20260821,20260905,0
22V534,7cc1a7cc,9ee9da91,dcee2f92,20260821,20260905,0
22V543,1402cc06,9a4581a7,c6882633,20260821,20260905,0
22V549,5dcd0256,c6d265ed,31c63f4f,20260821,20260905,0
22V555,1e3d1225,74d53f6d,2bc4cb22,20260821,20260905,0
22V558,55b912a9,6c0d9919,e0aab189,20260821,20260905,0
22V559,574b08c8,7adbba05,31a7fdfb,20260821,20260905,0
22V561,bb95bda9,46aecb48,e96274bf,20260821,20260905,0
22V562,a6537dc3,ae622f3e,e0f4cb69,20260821,20260905,0
22V565,a0bab6cd,50e464cd,5fad9efd,20260821,20260905,0
22V568,21697a92,d02e6f37,07497904,20260821,20260905,0
22V570,8b65381c,46aecb48,ec036160,20260821,20260905,0
22V572,8f8d5496,74d53f6d,6121caef,20260821,20260905,0
22V574,297d7732,15fc066a,6816c793,20260821,20260905,0
22V578,8d4ebcb5,c24504fd,70edecfa,20260821,20260905,0
22V601,3e24f4ac,9d82920c,8b6a7d9b,20260821,20260905,0
22V581,b15dde3c,d78f6c0d,a61357d1,20260821,20260905,0
22V603,765e4612,74d53f6d,b45649ca,20260821,20260905,0
22V762,557fc52d,d31db2c7,4dfb3185,20260821,20260905,0
22V769,6e99947b,4cacfa56,75a3f25f,20260821,20260905,0
22V770,e6a5c45f,6c2a0aaa,e704d951,20260821,20260905,0
22V771,193e7a38,81141821,46a86927,20260821,20260905,0
22V774,9546fbe5,4908d840,2f7c72dc,20260821,20260905,0
22V784,d8fb14c9,b1d73782,4abec88c,20260821,20260905,0
22V790,81040fa1,fedd73be,adf50b69,20260821,20260905,0
22V793,18d26c3d,bc805dad,daf05771,20260821,20260905,0
22E091,93b5d88f,af128186,e130247a,20260821,20260905,0
22V808,1bd76f02,0be6fa8b,436257ca,20260821,20260905,0
22V809,5f119ee3,420995e7,d6609789,20260821,20260905,0
22V779,c660eb09,429117c0,39454038,20260821,20260905,0
22V787,b1de3810,b9a2531f,d733e689,20260821,20260905,0
22V789,fed99acc,537544a6,903dca20,20260821,20260905,0
22V785,e29a031d,1933f320,7031456b,20260821,20260905,0
22V791,1572bfb8,242fc003,33554ca5,20260821,20260905,0
22V792,6f3eb4b4,eb1b9cf9,1360196e,20260821,20260905,0
22V794,972df1bb,ed08b653,1ad3ce75,20260821,20260905,0
22V795,c7c71795,24185242,9b7f8f8b,20260821,20260905,0
22V799,d3a49f25,62299e41,27b330c9,20260821,20260905,0
22V798,b96579ed,f7cc9361,52964b5f,20260821,20260905,0
22V602,375fe25c,46aecb48,6ab4a7ff,20260821,20260905,0
22V800,730e8e65,1bb9ab07,a3cfc67e,20260821,20260905,0
22V801,4ee11ab9,325ffee3,8d2dd176,20260821,20260905,0
22V804,07949fbc,8fcbe6a1,4cc163d8,20260821,20260905,0
22V805,f727fa18,74d53f6d,fcb7e289,20260821,20260905,0
22V816,ef52754b,859c50ec,eecd2a0d,20260821,20260905,0
22V815,b18d2268,c6c03fc3,ba2de038,20260821,20260905,0
22V826,be2e5ded,011f10af,5f1beba0,20260821,20260905,0
22V818,bee6055d,6a6cf977,258ef47f,20260821,20260905,0
22V887,9537876f,8649ba1f,d27460f9,20260821,20260905,0
22V820,a71a1ce0,93a6832f,ce2f0e2b,20260821,20260905,0
22V821,13f42262,7a813488,827470e3,20260821,20260905,0
22V822,52221c84,7a813488,0b3590c2,20260821,20260905,0
22V825,ddc9b656,58d80ba0,94d02d3b,20260821,20260905,0
22V827,b507d5f4,b53d1d14,0b364f67,20260821,20260905,0
22T021,69ff61f9,23c5d475,57382cc9,20260821,20260905,0
22V831,81512689,b338346c,d4cfee12,20260821,20260905,0
22V832,7b96cc77,449bb960,6b97a0b1,20260821,20260905,0
22V833,b6abbfc8,901a27dd,df830e57,20260821,20260905,0
22V836,868f3cf7,c46caf5c,6a2b251f,20260821,20260905,0
22V841,e7b42f33,dd662f62,4f74e6fe,20260821,20260905,0
22V845,db477cf0,e4c7ccdd,4e7e3f6c,20260821,20260905,0
22E096,1dd62f5c,77454fd6,dfb9ab63,20260821,20260905,0
22V851,0b622283,c24504fd,b2b0797b,20260821,20260905,0
22V861,4d23617f,0125e9dc,6233561b,20260821,20260905,0
22V854,3c23ddb8,3d32bbcc,fadd2bd6,20260821,20260905,0
22V858,b675bd47,16f68d1d,5af790ce,20260821,20260905,0
22V881,0f4e9615,3a55d1a9,7aef5945,20260821,20260905,0
22V867,cd57cb3a,7c6aacf2,76692676,20260821,20260905,0
22V874,5d401cf8,87ab3dcc,9ebb555e,20260821,20260905,0
22V895,b2d939c8,27c57de0,2f163d28,20260821,20260905,0
22V902,07c9604d,3ada9c1c,49e025a8,20260821,20260905,0
22V914,a243e745,ca540a62,93614e46,20260821,20260905,0
22V918,82662b1a,1252a576,edfe9c8c,20260821,20260905,0
22V920,e4e72674,c265e103,aab46901,20260821,20260905,0
22E099,89df986e,7a813488,af77b584,20260821,20260905,0
22V928,fafcb0c1,346036b1,48815bd3,20260821,20260905,0
22V221,5e0e0407,768b21a0,04d2d3f5,20260821,20260905,0
22V929,1c79655a,b09da15d,2bf6dda6,20260821,20260905,0
22V932,26feb05a,b24e4b2f,a529395b,20260821,20260905,0
22V933,2c6df67e,152d393a,944ff77d,20260821,20260905,0
22V940,f6bd715f,5cab3b73,9b15ebc0,20260821,20260905,0
22V941,758ef6c6,5efbc987,7639f7ea,20260821,20260905,0
22V945,d91d91f0,e19b32de,1bdd2cf1,20260821,20260905,0
22E101,076e10a7,d9465c2d,c0e11606,20260821,20260905,0
22V010,359e3560,f8ca98c5,e7b6adca,20260821,20260905,0
22C008,183a27c0,99a899bf,8a3489e0,20260821,20260905,0
22V957,3ac53ede,328024d4,8eed9eb8,20260821,20260905,0
22V034,f6bef7c4,9d5db9d0,d769c709,20260821,20260905,0
22V068,cdd4c9c3,b0405d76,3e986f27,20260821,20260905,0
22E004,eaa19f29,6043110f,e292b184,20260821,20260905,0
22V036,11f9cb6c,94f8dea5,e3ee4567,20260821,20260905,0
22V063,a1ce8d56,1820c711,c015038a,20260821,20260905,0
22V070,7e3d6905,837336cc,40fe8215,20260821,20260905,0
22V078,454a23b9,fd1e72e0,a462f041,20260821,20260905,0
22E008,0225da58,c37d3fa8,679c1b59,20260821,20260905,0
22V086,357e0a28,5e626336,c02a46fd,20260821,20260905,0
22V089,f630fc62,fd8eb612,afacc39a,20260821,20260905,0
22V093,eec241d4,9016beb3,87cbf950,20260821,20260905,0
22V094,0fdd8e95,f5594baf,0d7330f5,20260821,20260905,0
22V098,06907017,bbb82f0d,e3bf2598,20260821,20260905,0
22V100,d3056464,cdec7db2,6998fc25,20260821,20260905,0
22V101,44a4a600,5ccab488,8ed8863b,20260821,20260905,0
22E012,14ed3d07,ab1ae120,850cf8b1,20260821,20260905,0
22V105,76197cd1,999ab03f,0fc8c730,20260821,20260905,0
22E014,739b00bd,de309b19,d8d1e655,20260821,20260905,0
22V124,dae15063,b70a81a1,7211c6a5,20260821,20260905,0
22V128,6f9b8898,233719d7,5c86d165,20260821,20260905,0
22V131,bfaffbd1,92e5ad7b,9062acae,20260821,20260905,0
22V135,69b728d3,bd0ce3a7,eb4f3687,20260821,20260905,0
22V136,62366982,e62182c6,215dd5d7,20260821,20260905,0
22V139,3c866483,70f06bb4,d8f8a408,20260821,20260905,0
22V137,8b50fb92,16b5e802,047cc1a7,20260821,20260905,0
22V141,13ef444e,5bd66a16,564b6b94,20260821,20260905,0
22V143,5ad7a7b0,10c73842,2eb28c6c,20260821,20260905,0
22E018,ec52fbe5,10c73842,cd5e3275,20260821,20260905,0
22V145,fe7fa831,be40aaea,cdba0447,20260821,20260905,0
22V536,936251dd,1e2cbe5a,8fbc3e88,20260821,20260905,0
22V537,0a56dd28,46aecb48,90645d2c,20260821,20260905,0
22V539,4385249c,9ed5b575,66c1f752,20260821,20260905,0
22V545,2973ee4d,74d53f6d,2f53114c,20260821,20260905,0
22V546,c9aaf131,57f9e1c1,7540a926,20260821,20260905,0
22V564,53575cbe,081b78c5,7add10f5,20260821,20260905,0
22V547,7a8169e2,46aecb48,24d8f733,20260821,20260905,0
22V566,a7d0f287,46aecb48,409bb3ca,20260821,20260905,0
22V571,e7d55f23,74d53f6d,8232ce42,20260821,20260905,0
22V619,19abdc27,afb1186b,ae70dccb,20260821,20260905,0
22V573,31a43022,74d53f6d,4b7ee923,20260821,20260905,0
22V576,598a8210,33b67492,85626a58,20260821,20260905,0
22V577,6d4b8b41,e64a247e,ea807019,20260821,20260905,0
22V580,21d06ed9,d78f6c0d,43723a47,20260821,20260905,0
22V584,5ae48120,9d82920c,b6ba8ddd,20260821,20260905,0
22V588,d8ac526a,6003ce8f,46a722ba,20260821,20260905,0
22V593,874282e0,74d53f6d,2386b39a,20260821,20260905,0
22V597,68bbecca,0941dd8b,43686e79,20260821,20260905,0
22V600,d0362c89,cc4933ec,5ba73e9a,20260821,20260905,0
22V611,233014a9,74d53f6d,f11af849,20260821,20260905,0
22V614,55b84d22,77df52fd,eb5355d9,20260821,20260905,0
22V006,ebb42115,c2845f1d,a16c7cbc,20260821,20260905,0
22V615,4db9af5d,8196da38,73629c68,20260821,20260905,0
22V624,7fc23e2c,a7ed0979,a967b0d9,20260821,20260905,0
22V627,ecaef706,12d95b2a,07b2f3ee,20260821,20260905,0
22V631,3f0bfea5,0d5b4243,e9c8554b,20260821,20260905,0
22V636,153f4347,f1b62664,d3b02d4a,20260821,20260905,0
22E069,e726a512,f8944340,a802d328,20260821,20260905,0
22T014,f9073d79,cd4e4853,8e48b3f2,20260821,20260905,0
22V643,2be3b86d,ee964f73,ab08508f,20260821,20260905,0
22V646,03c7eb27,24c4b0a7,bb9d977a,20260821,20260905,0
22V647,0e8c23ed,15fc066a,11a66fe5,20260821,20260905,0
22V648,2c9483e7,4c96625a,1868a5ea,20260821,20260905,0
22V656,44833150,af7298fd,87ca93f7,20260821,20260905,0
22V012,d0630aaf,1a84627d,34f58ce1,20260821,20260905,0
22V014,4d3ad3e4,a4d38936,0354b324,20260821,20260905,0
22E002,493432eb,e605cebe,33ecde30,20260821,20260905,0
22E003,4784a0e1,10c73842,5e1db305,20260821,20260905,0
22V020,27ce4219,fc5dc741,c479ba45,20260821,20260905,0
22V025,3048ddeb,fca93aff,65478269,20260821,20260905,0
22V027,ffba277e,555c7d08,f723825c,20260821,20260905,0
22V028,1c9e4ca1,2e54b41f,d486476b,20260821,20260905,0
22E005,a474e79c,b0193e05,110e26ff,20260821,20260905,0
22V043,16c7e7d7,0d208805,3ef95cf0,20260821,20260905,0
22V052,94741b86,6b582795,209ed98f,20260821,20260905,0
22V054,755bdecd,cb3e0c5c,0961c679,20260821,20260905,0
22V055,78935987,2d5bd5e2,1998f84f,20260821,20260905,0
22E006,b4f1180f,ab1ae120,4a75ca8c,20260821,20260905,0
22V062,b7cb42a4,57bbf22b,ce74b2c8,20260821,20260905,0
22V066,c4c175ab,7ed7b161,77abbe02,20260821,20260905,0
22V449,720ec07f,b9a2531f,2809122c,20260821,20260905,0
22V450,5d7e2f33,d708cbbe,1f8a7f20,20260821,20260905,0
22V459,61d9e571,b3dd306c,510fc3f4,20260821,20260905,0
22V463,0e97dce1,18adb9de,61ff6cfd,20260821,20260905,0
22V471,f5140fc6,a9f2187f,91f90403,20260821,20260905,0
22V475,cb624771,46aecb48,8af4f9dd,20260821,20260905,0
22V472,c92bd061,289f8876,f4bf3f82,20260821,20260905,0
22V460,5d342097,7822b5c5,ecd81faf,20260821,20260905,0
22V480,f22f2e73,3d32bbcc,ec47b1ec,20260821,20260905,0
22V482,a0dd7805,b8dc2034,b6013bb3,20260821,20260905,0
22V487,a67578b2,9d82920c,d7322d00,20260821,20260905,0
22V862,791da66b,585a8d83,acd3bb2a,20260821,20260905,0
22V491,97f686c0,1ca0801d,69e4b250,20260821,20260905,0
22V492,0829b521,9d82920c,cf0f724d,20260821,20260905,0
22E063,ff9b0699,0d5b4243,4d40b7ae,20260821,20260905,0
22V494,de603dc0,44bfdd27,d9e97214,20260821,20260905,0
22V495,cfdfe958,9a482bd2,bf1c3126,20260821,20260905,0
22V503,5f37aff2,8b6d0ab5,85b76c10,20260821,20260905,0
22E058,e4dd6ecf,9d82920c,91f519b2,20260821,20260905,0
22V509,9978fb2e,f66988d2,6324a3cb,20260821,20260905,0
22V510,99e28ad1,57ed496a,60696b2f,20260821,20260905,0
22V512,3114fab9,74d53f6d,b8bd4435,20260821,20260905,0
22V513,05ed48b1,2c1e78b5,ebb9fa44,20260821,20260905,0
22V515,f334d342,bce1f9f2,517feffd,20260821,20260905,0
22V518,9480a37c,17c5d8ad,15d17d52,20260821,20260905,0
22V521,4380fec3,dcf56e91,b40a4661,20260821,20260905,0
22V523,b7b520f7,bce1f9f2,09a8cc6a,20260821,20260905,0
22V525,fd86ceb2,56749578,cb1941a6,20260821,20260905,0
22V527,762bfb71,8fcbe6a1,318726a5,20260821,20260905,0
22V529,9bf2820b,9fc7cc00,6885941b,20260821,20260905,0
22V530,47dd7ac1,826ae604,02f10774,20260821,20260905,0
22V542,4b30120a,c068d554,162f3b5b,20260821,20260905,0
22E062,d9a2ebd0,d61c06be,74ad4ceb,20260821,20260905,0
22T012,cf18376c,f13da77f,c6adf348,20260821,20260905,0
22V553,404d0e89,7b10eaed,afb82103,20260821,20260905,0
22V554,f7e43f8b,fe35f505,afb82103,20260821,20260905,0
22V560,fe5091c8,5965ac76,b44ac67d,20260821,20260905,0
22E064,4071ad41,3553de94,9166d024,20260821,20260905,0
22V563,28d95480,b9a2531f,f7ca2c1a,20260821,20260905,0
22V567,4715032b,66f9342e,53308fd7,20260821,20260905,0
22V575,0288d2c3,74d53f6d,33c4bee7,20260821,20260905,0
22V582,c6629181,63150a99,8d209af1,20260821,20260905,0
22V583,85ec1923,703dc06b,0c1ac0d7,20260821,20260905,0
22V650,68b7688e,fa3391f5,a52c1fa6,20260821,20260905,0
22V658,d65d953f,469b49c3,16e11d88,20260821,20260905,0
22V586,2553b7d6,b3b3a4d0,d701d175,20260821,20260905,0
22V589,51297505,0f01ac58,8b6acc4a,20260821,20260905,0
22V591,ff831f9c,74d53f6d,a51bac39,20260821,20260905,0
22V592,6dd16643,46aecb48,7f4006fd,20260821,20260905,0
22V613,7dfcab2c,371030db,d4e8854b,20260821,20260905,0
22V595,2ef5b1e5,9fc7cc00,ff2f6c9e,20260821,20260905,0
22V599,697b4d10,cc4933ec,20907ae5,20260821,20260905,0
22V623,d3f3cc2b,6b80077f,b1b4dad2,20260821,20260905,0
22V606,de401272,15fc066a,fbab5e4f,20260821,20260905,0
22V607,314464a0,46aecb48,ce0f9129,20260821,20260905,0
22V609,e481fb70,0d5b4243,9c0972f6,20260821,20260905,0
22V617,43a5924b,e6409ccf,a43d8213,20260821,20260905,0
22V620,1e2fbdb4,15fc066a,5688aae4,20260821,20260905,0
22V621,339bba07,29a4aefa,4a5bffb7,20260821,20260905,0
22T013,e6735aa0,c13ce64b,2a05ade1,20260821,20260905,0
22E067,b0d5ab87,d638da72,8864d4f0,20260821,20260905,0
22V625,207e3f6a,0d5b4243,14f87a3c,20260821,20260905,0
22V634,de3d22c7,61e9e921,f0d41b71,20260821,20260905,0
22V635,badecf7f,23eee4af,1fc8be5a,20260821,20260905,0
22V641,e9eac914,531bf915,04c227d4,20260821,20260905,0
22V652,27ff2a35,bd90f5c2,bca4c227,20260821,20260905,0
22V653,87213246,779a3b5a,24e18c70,20260821,20260905,0
22V670,bb0e3649,f239ce3a,f3e87529,20260821,20260905,0
22V671,957f0add,5a8532c0,da617c64,20260821,20260905,0
22V673,87c44b59,ab6afe1f,fcd46452,20260821,20260905,0
22V681,a7d80edb,13b3221d,9ae4dc02,20260821,20260905,0
22V682,726bffd3,38d59eda,e9d397ba,20260821,20260905,0
22V686,980be4a8,2b8735f9,86b0c767,20260821,20260905,0
22V688,7c5ac7e7,772c2dfa,9ff4bb81,20260821,20260905,0
22E074,bc6f7901,48df6db3,4625fa24,20260821,20260905,0
22V689,a4b2072f,33e90763,e1b4334e,20260821,20260905,0
22V691,da5b29f9,da4d04dd,f16003b8,20260821,20260905,0
22E076,75e475f5,ab1ae120,1446e553,20260821,20260905,0
22V707,76d00712,81b316ff,60455484,20260821,20260905,0
22E080,c27262ed,7a813488,299f36cc,20260821,20260905,0
22V718,2c76cb20,1af58ff2,996f8965,20260821,20260905,0
22V719,06167431,8f7a16bc,5db794c7,20260821,20260905,0
22V724,639ccda0,93a7baae,330debdb,20260821,20260905,0
22V725,c4cf7c5f,57eaa222,f00a3fce,20260821,20260905,0
22V727,77378716,dbc0d26b,c84a0399,20260821,20260905,0
22V729,eaf20194,cfe90c22,f5c344fc,20260821,20260905,0
22V741,c9e976bd,280ef3a6,bb736e86,20260821,20260905,0
22V743,b2d526c1,1722c1e9,49c095f0,20260821,20260905,0
22V747,dd8111b5,3f099a51,1319a7d4,20260821,20260905,0
22V754,b28504b3,7e4e3e78,1ed51513,20260821,20260905,0
22V755,d312e592,74d53f6d,e3eaa712,20260821,20260905,0
22V760,06d93683,8161d09a,dda0f29f,20260821,20260905,0
22V761,1e43add3,7c492485,63a5ee8f,20260821,20260905,0
22V766,b6c558f2,f812ba0c,ecf9d469,20260821,20260905,0
22V767,002d5d8d,b9a2531f,d1987a06,20260821,20260905,0
22V772,b9450baa,8fcbe6a1,88300324,20260821,20260905,0
22V773,eb335409,4908d840,a6999399,20260821,20260905,0
22V775,9b39c762,4908d840,c0cfab06,20260821,20260905,0
22V780,1e730651,6f2e4c9c,87d3cb12,20260821,20260905,0
22E089,9d4b08ea,ab1ae120,3c381907,20260821,20260905,0
22V782,03730ba8,3a5c1c3d,88493fda,20260821,20260905,0
22V786,77bbc514,0d5b4243,12f3c45a,20260821,20260905,0
22V803,4893d827,986a573d,a8f243dd,20260821,20260905,0
22V315,238d637a,ba430bff,d737814f,20260821,20260905,0
22V317,8b721ca9,55ebe67e,9491f648,20260821,20260905,0
22V318,2d359819,9fc7cc00,68d6e4d0,20260821,20260905,0
22V322,efc6ea9d,89155ac6,24561740,20260821,20260905,0
22V328,d5bc0cc1,019ecf4d,986f9b99,20260821,20260905,0
22V334,e2103696,37c1c3c7,f20b6e55,20260821,20260905,0
22V336,a5133ba6,fc3cb64a,be84de86,20260821,20260905,0
22V338,a3fc8234,2bc103cd,70f778b4,20260821,20260905,0
22V366,c35f218c,10c73842,8abe97be,20260821,20260905,0
22V339,f7722a08,bc9f22a3,d6fc504b,20260821,20260905,0
22V340,23847f24,033580d6,6a47b5f7,20260821,20260905,0
22V350,b5ef9ff2,9fc7cc00,9134b5d9,20260821,20260905,0
22E040,35ef6730,0236533f,0de84dbc,20260821,20260905,0
22V363,f4aba386,10c73842,210c1c96,20260821,20260905,0
22E042,19e86368,8e03303e,1c6ea024,20260821,20260905,0
22V368,5e4b9ec8,b9a2531f,e151fbfc,20260821,20260905,0
22V371,8971e63b,10c73842,a7ceb6fd,20260821,20260905,0
22V373,1d992a5c,b44950d2,2937ca3c,20260821,20260905,0
22V376,d56ee452,0e55fd74,a7cd7b66,20260821,20260905,0
22V380,9ce20a91,1ac99e12,52d12776,20260821,20260905,0
22V384,31cb59d5,f06fdce0,1482718c,20260821,20260905,0
22V391,4ffa930b,1d8e8659,e58c8c12,20260821,20260905,0
22V389,57b54036,9fc7cc00,f1df9f32,20260821,20260905,0
22V392,d5a8381e,b04e330f,f1e59413,20260821,20260905,0
22V396,a795d1de,969db16e,41465e82,20260821,20260905,0
22V397,7f2d4bca,55bb7867,ec7df199,20260821,20260905,0
22C002,79253011,00981664,f840d0de,20260821,20260905,0
22V402,91a2bee6,9fc7cc00,bf5f26e1,20260821,20260905,0
22V406,c8fdb0bb,0a512b70,31a0ecbb,20260821,20260905,0
22V407,30a7738b,38b9e969,7a9f6f21,20260821,20260905,0
22E049,9ed4470e,c24504fd,c6e78663,20260821,20260905,0
22V408,9c1decff,1e602d8e,83bb9f8a,20260821,20260905,0
22V411,2ffa549f,9131a96c,5201c8cd,20260821,20260905,0
22V412,8d42b33b,3d9d9d3d,538c947f,20260821,20260905,0
22V417,068135a4,83df0963,b15da750,20260821,20260905,0
22V419,5baacc51,ca3b19f6,fcb0b7d2,20260821,20260905,0
22V422,ef3559cd,165cc7bf,03b4382f,20260821,20260905,0
22V434,923b0381,9e860549,d9e33623,20260821,20260905,0
22E051,183f5464,acd50c7c,bcefbe56,20260821,20260905,0
22E053,dbf19a31,3cfb9aef,0c6f7377,20260821,20260905,0
22V442,9a97b3ba,ed6455a3,fb797ac3,20260821,20260905,0
22V007,9cbd26bf,fc3cb64a,9ac35e6f,20260821,20260905,0
22V011,4929cb1f,5f8a99b5,2138cb37,20260821,20260905,0
22V015,12d3d532,215af4ba,8fe27dc5,20260821,20260905,0
22V016,e3baf084,778bf41f,d5c97b45,20260821,20260905,0
22V018,9fa4bdff,e52d3ea8,32c5f749,20260821,20260905,0
22E001,67da0ff9,430f6595,8d694516,20260821,20260905,0
22V021,74a897fd,cf68f872,c3efe1ba,20260821,20260905,0
22V030,9785717d,75f5aaf9,ba8b702c,20260821,20260905,0
22V035,bf1bd6e4,905f2956,6fd1d3d2,20260821,20260905,0
22V040,29b2229b,9d5db9d0,86a2ad1f,20260821,20260905,0
22V049,0a9f37f7,6dcd5cdd,27cc5a13,20260821,20260905,0
22V050,c06668c4,80d82aff,de849f37,20260821,20260905,0
22V060,9ca643e6,9b56c854,5ebf9f79,20260821,20260905,0
22V064,7037b854,38b9e969,9d423a54,20260821,20260905,0
22V067,06c99181,fc3cb64a,4412d5ea,20260821,20260905,0
22V072,d72513d8,5072847b,d2c90c2b,20260821,20260905,0
22V683,b7d63653,dd94ee34,d034bcde,20260821,20260905,0
22V604,79de890c,74d53f6d,6ca1b5dd,20260821,20260905,0
22V616,f5fc38f4,f34668f6,6140f1ac,20260821,20260905,0
22V605,e8009513,0d5b4243,1833ce83,20260821,20260905,0
22E066,64365a1a,e19b32de,ecdc5e2d,20260821,20260905,0
22V610,c7608d90,0d5b4243,432cc53d,20260821,20260905,0
22V618,bbdbc459,d5727e7f,1f6d8006,20260821,20260905,0
22V622,08d6da17,46aecb48,2b537d2b,20260821,20260905,0
22V633,e0bcb889,44301f6e,d8b3af75,20260821,20260905,0
22E070,c44f6b96,e995248c,73c4d246,20260821,20260905,0
22V637,b2163ba2,46aecb48,07f2b0c3,20260821,20260905,0
22V639,ecdf0383,ba855c1c,bc3c31ec,20260821,20260905,0
22V640,beb8c830,975175b0,d00c09ca,20260821,20260905,0
22V642,b46683f9,145558cf,465c3117,20260821,20260905,0
22V644,12f1bd6e,eacd8676,2060a6ab,20260821,20260905,0
22V651,37ec7fd3,8be259e5,7bbc9cc0,20260821,20260905,0
22V654,c9543298,8833c714,ad2081c9,20260821,20260905,0
22E072,1f0a446b,6db9f726,d4e97e3c,20260821,20260905,0
22V659,4a60a229,4baf693b,ce56fdeb,20260821,20260905,0
22V663,dad720bd,92e5ad7b,44164679,20260821,20260905,0
22V696,c8d46068,36924765,42f929a2,20260821,20260905,0
22V667,c848476b,ca428e7a,9ea4f391,20260821,20260905,0
22V672,8519d344,cc91b724,9d5d1b5d,20260821,20260905,0
22V674,05934384,3a26c568,c9e93ac9,20260821,20260905,0
22V675,ee904742,77e412f4,cb621c8a,20260821,20260905,0
22V677,04c03156,6f2e4c9c,dcec2c50,20260821,20260905,0
22V679,65fa7dce,00bce9ba,bc6d51ec,20260821,20260905,0
22V684,abc2e969,bd8c4dd7,86ffdfa7,20260821,20260905,0
22V685,6e45bcae,0012dc4c,bf99525a,20260821,20260905,0
22V687,9f0741d5,0ea06fec,b719752e,20260821,20260905,0
22V690,a86faeac,6f2e4c9c,7831e80a,20260821,20260905,0
22V693,aa5d2603,9b2c733a,9945beec,20260821,20260905,0
22V697,c9a5d744,8f7a16bc,5d1bf764,20260821,20260905,0
22V698,7e4e4651,5236bbe0,b1be0151,20260821,20260905,0
22V699,18dee882,b30ed189,c2d8030c,20260821,20260905,0
22V703,a7b17618,44301f6e,2593c2ff,20260821,20260905,0
22V714,0fe6f28d,14ddc937,cc72db19,20260821,20260905,0
22V716,3b7304fe,2dd036bb,63e6c395,20260821,20260905,0
22V722,4e4170e9,3a5c1c3d,b130c5b7,20260821,20260905,0
22V706,c970de76,0bbff2b9,57e14111,20260821,20260905,0
22V708,3b871d5a,ae16f727,ffe54ce5,20260821,20260905,0
22E081,553ec341,380d0c03,9110ea26,20260821,20260905,0
22V733,4226ebbe,6fe3b6d6,3fe8cd0b,20260821,20260905,0
22V728,c7e0e155,3b29a058,7fc58d26,20260821,20260905,0
22V730,50847d5c,b587c6fe,a67ef842,20260821,20260905,0
22E085,142ba834,3a5c1c3d,b839e6ae,20260821,20260905,0
22V736,4e3fa594,2c1e78b5,2157883f,20260821,20260905,0
22V739,2c456a8d,2c1e78b5,21b06b90,20260821,20260905,0
22V752,888839fe,e4d1a26a,a6def500,20260821,20260905,0
22E086,0be03769,bc5b2691,ef68e195,20260821,20260905,0
22V810,59f307fd,88d9af80,74ff0887,20260821,20260905,0
22V811,afc13cbe,fd8eb612,6fbfe31d,20260821,20260905,0
22V812,6b275679,fd8eb612,ab2777a7,20260821,20260905,0
22T020,8d12e7c8,829ad0b5,acec9ef9,20260821,20260905,0
22E093,d3632e7f,097ad2dd,f9f5a702,20260821,20260905,0
22V824,89104a0e,10c73842,b6787270,20260821,20260905,0
22V828,39713192,14b6d771,e426eef0,20260821,20260905,0
22V829,6d074555,e27b73a0,2e20d80c,20260821,20260905,0
22E095,63bb88ba,20ade787,d45b9dcc,20260821,20260905,0
22V852,1dc46614,d4c52e41,89ddedf5,20260821,20260905,0
22V859,75c98e5a,a4813192,e8b5673f,20260821,20260905,0
22V870,16904f43,c337784f,c8c2fac8,20260821,20260905,0
22V860,6d6acbb7,37411663,07aacbe8,20260821,20260905,0
22V849,44c5d3c9,aafefd5a,3d5a7757,20260821,20260905,0
22V865,44d67888,0908353f,9d766ff5,20260821,20260905,0
22V869,6768ff6d,c337784f,aa75e7dc,20260821,20260905,0
22V892,dd9e5ab1,3a5c1c3d,e3d8af8e,20260821,20260905,0
22V873,8115f005,88009ee1,444f6195,20260821,20260905,0
22V877,1ed557ec,a215926e,f3165f00,20260821,20260905,0
22C007,1847a030,a2ac5b32,7dc9b059,20260821,20260905,0
22E097,1da1622b,d26c7a97,b749080a,20260821,20260905,0
22V893,00c4a338,881c7dd4,f501a48a,20260821,20260905,0
22V680,8b25ed58,b6815e94,b75ac3df,20260821,20260905,0
22V897,1e5fa6b5,1ad12935,3fc2845b,20260821,20260905,0
22V898,afd62597,ec44b5f8,7b9ae119,20260821,20260905,0
22V900,e4c5e6cc,b9a2531f,84367365,20260821,20260905,0
22V904,a812c82a,44daec38,abb089dd,20260821,20260905,0
22V906,ddf3ecc7,cbb1fbdc,fa971678,20260821,20260905,0
22V908,9857af82,aa69aeb8,8099e2d2,20260821,20260905,0
22V911,75721936,5ac192a6,82b19a95,20260821,20260905,0
22V917,5d06707d,ad29608f,283a0195,20260821,20260905,0
22V919,1487e3f6,9f9e78ab,deedf047,20260821,20260905,0
22V921,853b3fbf,d51364f4,48f319aa,20260821,20260905,0
22V922,f2bee511,242fc003,bf09fe78,20260821,20260905,0
22V923,f2672b37,80b817e1,288316ed,20260821,20260905,0
22V924,afeb8000,9246c2f3,2ea5b51c,20260821,20260905,0
22V927,337cb2f3,d51364f4,95b4fe1a,20260821,20260905,0
22V936,41337447,13b3221d,d81814fe,20260821,20260905,0
22V939,ff70400e,ed77b815,ea4607f0,20260821,20260905,0
22V942,ffadd1eb,8df83b9b,45516344,20260821,20260905,0
22V948,1545da45,9fc7cc00,eca12406,20260821,20260905,0
22V949,c09a7cde,9d82920c,fc6dfad4,20260821,20260905,0
22V953,a1fc536e,ec308e7e,6e343835,20260821,20260905,0
22V955,19ef6dca,62299e41,891a4b55,20260821,20260905,0
22V956,f956a4a4,60de66e8,2404a205,20260821,20260905,0
22E102,5aa83d93,eb0b2c87,56df6eb3,20260821,20260905,0
22V657,4d343178,2c752089,3a276f62,20260821,20260905,0
22V695,a33d31a1,952013de,90326e1e,20260821,20260905,0
22V660,21574f40,7b561d02,f2dda499,20260821,20260905,0
22V666,15a40173,97f7545d,645ae428,20260821,20260905,0
22V668,fa0143fc,7c478317,c0ae172a,20260821,20260905,0
22V669,bec620a7,c70eb412,bd8e3e36,20260821,20260905,0
22T017,04cf5804,b2687a3d,82920d60,20260821,20260905,0
22V692,eac4dd33,7230fe63,e16b2603,20260821,20260905,0
22V694,35f1a6e6,24185242,17213920,20260821,20260905,0
22V700,7f6cebd3,3cfb9aef,b2f64ce0,20260821,20260905,0
22V702,6a5ce93c,cfc47fe2,a610423a,20260821,20260905,0
22V704,ceb780c2,1a794b0b,92963c82,20260821,20260905,0
22E079,a8162dda,9fc7cc00,5cc297c4,20260821,20260905,0
22V709,61da7c93,7c6aacf2,bc7324de,20260821,20260905,0
22V710,3c4997af,4256ab2b,c4ffb8e3,20260821,20260905,0
22V715,6ff73f13,14ddc937,2ef0d6a2,20260821,20260905,0
22V720,f6c08d69,82a3067c,d44ba981,20260821,20260905,0
22E083,e9eba807,2075ed50,74668d12,20260821,20260905,0
22V732,ff5db328,28bf894b,03f31a81,20260821,20260905,0
22V744,4f755fed,e80dbca6,03b98a66,20260821,20260905,0
22V746,19a5e0c2,8161d09a,434b6e74,20260821,20260905,0
22V749,4d7e365e,acb7e807,998a47c5,20260821,20260905,0
22V750,76038980,69fb9cc5,8259ab96,20260821,20260905,0
22V751,9537fd8d,934d77ef,05f4b93e,20260821,20260905,0
22V759,ef87e4c2,bc5b2691,66050152,20260821,20260905,0
22V763,ad85d53d,ef708d2b,e775d1bb,20260821,20260905,0
22V776,f66f257b,734f3a61,fc739352,20260821,20260905,0
22V777,96da757b,081b78c5,76a73a87,20260821,20260905,0
22V778,a8b8336a,3a5c1c3d,00630917,20260821,20260905,0
22V148,e5648c8b,cbb1fbdc,c0bbe4a1,20260821,20260905,0
22V151,0c9b2f3a,f4f92911,3dbd5ce3,20260821,20260905,0
22V155,ad59cc5b,ee251d92,fc56e8c6,20260821,20260905,0
22V164,b0e7bdff,604023c0,6d7ca3bc,20260821,20260905,0
22V160,712f888a,50294294,8709edc0,20260821,20260905,0
22V166,d29f4a47,8bf85b3f,fa8a6162,20260821,20260905,0
22E022,be1dafbf,ab1ae120,1dcb96cf,20260821,20260905,0
22V169,1fd1b644,b674d8f6,620050be,20260821,20260905,0
22E024,1ea428a2,8de2cd27,48f9b77a,20260821,20260905,0
22V186,8fb03bee,a21c12da,e3676cf4,20260821,20260905,0
22V190,e4a205ee,9ab00a2b,c11decdd,20260821,20260905,0
22V191,661a6c44,0fa281a7,bd7d44cf,20260821,20260905,0
22V193,6a3c0523,1e2838b4,31d08954,20260821,20260905,0
22V197,0c37a2ba,0fa281a7,abfd15e5,20260821,20260905,0
22V198,68d36f04,1156157d,6988c8b3,20260821,20260905,0
22E028,d41eb469,a0967f83,8c547a03,20260821,20260905,0
22V213,86666afb,17ecdb33,225c3af4,20260821,20260905,0
22V206,b2211f85,245db01d,027ff9af,20260821,20260905,0
22V207,397e9d2c,ba5b850f,a5c6438b,20260821,20260905,0
22V219,b2c39a54,4b3609f1,c0b344a5,20260821,20260905,0
22V931,21e3b889,fae9943b,b0d60c02,20260821,20260905,0
22V024,b9aa91e1,25fcbf42,b16fdcf9,20260821,20260905,0
22V026,847ef93e,fc3cb64a,f0a87fe4,20260821,20260905,0
22V031,92a4293a,4aae4354,db0a526a,20260821,20260905,0
22V001,e3afb29c,9c0669f0,2916bd72,20260821,20260905,0
22V004,e380ccd3,e52d3ea8,e2d2901b,20260821,20260905,0
22V548,bd35492b,0bbff2b9,b18375fa,20260821,20260905,0
22V005,19125149,e52d3ea8,fd5d4211,20260821,20260905,0
22V008,07445d09,0653cdb2,fe6c3af4,20260821,20260905,0
22V013,8852614e,324849b7,2280fa9e,20260821,20260905,0
22T001,e6825aa2,f13da77f,0f1a2f85,20260821,20260905,0
22V505,fb3ff59a,eaad41b7,362f5368,20260821,20260905,0
22V768,859cdd52,134ba0d1,1637d4da,20260821,20260905,0
22E048,553dcb93,0a512b70,a705074c,20260821,20260905,0
22V453,2b443d7d,4971db9a,09fd331b,20260821,20260905,0
22V925,bb6e21c8,2c1e78b5,0c061cb1,20260821,20260905,0
22V926,b5bbc57f,d31e95e2,46b0588d,20260821,20260905,0
22E100,b1704475,eb0b2c87,89c2c79b,20260821,20260905,0
22V938,1528a89f,d09ed9b0,11b2cf79,20260821,20260905,0
22V952,40336962,5e3f6e34,98d24f6a,20260821,20260905,0
22V909,5716f2df,bdb4515d,9840f050,20260821,20260905,0
22T023,9e71a516,a5eda343,090788fa,20260821,20260905,0
22V912,b10ac32b,bfc9a831,11fd6c59,20260821,20260905,0
22V041,6acbf2ad,e1f1e7f7,2bd7b579,20260821,20260905,0
22V042,780546fd,e8e63a2c,a57e9cac,20260821,20260905,0
22V047,50360dbe,60289629,b8dac844,20260821,20260905,0
22V051,5654ed8e,88d9af80,9f217a35,20260821,20260905,0
22V053,9f0db303,0a3c34eb,3447d1c3,20260821,20260905,0
22V056,5fb6a00a,88d9af80,3fa2b117,20260821,20260905,0
22V069,4df6f2fb,3488e7fa,6e0b66a4,20260821,20260905,0
22V071,e853f06a,31453084,8ad1c4eb,20260821,20260905,0
22V091,04a67c93,acd50c7c,1d6099b7,20260821,20260905,0
22V073,7ecc2f49,dccd7718,688dd610,20260821,20260905,0
22V081,1da5f5b8,a8e47508,fa899cfe,20260821,20260905,0
22V082,b95887ea,94546836,15d2acf2,20260821,20260905,0
22V085,6efb7484,628c2479,efa4f036,20260821,20260905,0
22V088,6fa7250b,e183980e,0581c14e,20260821,20260905,0
22V090,b41f601d,961f6133,286bc275,20260821,20260905,0
22V097,ef61beb4,9af2c59b,0a5d0e94,20260821,20260905,0
22E013,37abbffe,ab1ae120,79f3558c,20260821,20260905,0
22V102,aaa85077,143709bf,a1c8ffa3,20260821,20260905,0
22V117,3bb8f758,955b68c3,3b8d5f4d,20260821,20260905,0
22V120,d9b94a02,fc5dc741,3f70d843,20260821,20260905,0
22V126,da46d53e,e5a2f268,5d68091c,20260821,20260905,0
22V134,54bf5dd2,703dc06b,b76e47fe,20260821,20260905,0
22V153,0da1bbd7,317af3d4,d1792324,20260821,20260905,0
22E019,50e05939,2be6cf03,26f783ae,20260821,20260905,0
22V157,59a0dc12,d6ff003b,5412f177,20260821,20260905,0
22V158,9f4c0a8d,7021df99,04e33109,20260821,20260905,0
22V163,c185f9ba,d78a92ff,c2ff3621,20260821,20260905,0
22E021,a4e13dda,9fc7cc00,80241e3f,20260821,20260905,0
22V168,cd82228e,12083c32,bfd049e6,20260821,20260905,0
22V286,cd02ecaa,e886b08a,1d1b0412,20260821,20260905,0
22V174,c9aeb161,2b584d7d,1b7401e4,20260821,20260905,0
22V231,7941a28a,cd50bfd1,a648070a,20260821,20260905,0
22V180,c072657f,748721b1,4e66ee71,20260821,20260905,0
22V182,0152afa8,940b2d26,406cea55,20260821,20260905,0
22V185,820a0fe2,cfeba2ea,c5de614b,20260821,20260905,0
22V188,d0d8fad4,6d692f33,101ef766,20260821,20260905,0
22V192,603179ea,c2465b94,3e90055a,20260821,20260905,0
22V199,05a294e3,2bc103cd,d7da60c1,20260821,20260905,0
22V200,c9d14082,9a72d3b0,0d87c647,20260821,20260905,0
22E027,34ba8fdb,f1aa8e2b,ca502a31,20260821,20260905,0
22V205,b087d2d9,f0f9af71,d5b7272e,20260821,20260905,0
22V240,846c3c64,21697e40,d03e2ccc,20260821,20260905,0
22V214,a6bef88e,d2436d7a,da636991,20260821,20260905,0
22V230,c17edeb2,fae9943b,810ccfc6,20260821,20260905,0
22V283,e7739b28,80d8a028,6fc812e0,20260821,20260905,0
22C001,5cefb295,3735197b,46f1192b,20260821,20260905,0
22V232,d623de4d,1f1400d5,1adb0618,20260821,20260905,0
22V236,7bdec24b,f12aad26,a266f569,20260821,20260905,0
22V243,a8b71adf,9fc7cc00,66f42cea,20260821,20260905,0
22V248,742b0621,691ee76f,57a48aca,20260821,20260905,0
22V264,c52382e2,1533414f,1e36e808,20260821,20260905,0
22V267,6ae8b2fb,d0763d85,19cfe1cb,20260821,20260905,0
22V278,4e5c3cf0,24339e17,9c5ffd02,20260821,20260905,0
22V280,9d42b8cc,9be5ecb7,f29bfe93,20260821,20260905,0
22E035,8a4cf9e7,9fc7cc00,7a41dcfb,20260821,20260905,0
22V289,6294bdde,9fc7cc00,264103c1,20260821,20260905,0
22T006,228a1733,6003ce8f,0f881cdc,20260821,20260905,0
22V306,6d78f0d2,647a6c99,1881cea1,20260821,20260905,0
22V436,b3b56d90,04101703,9366fd8f,20260821,20260905,0
22V876,79d269f0,a215926e,381a39b7,20260821,20260905,0
22V934,d31f180c,5d0fb307,526820ae,20260821,20260905,0
22V899,7cbc424c,5efbc987,57636092,20260821,20260905,0
22V224,3d8377f3,8ae451ec,5f7a2a94,20260821,20260905,0
22V225,f050a882,ad857fc2,b1f99bd0,20260821,20260905,0
22E031,34687ff1,6d51a114,3f28fccc,20260821,20260905,0
22V245,9d00a3d9,6c9b0d4f,2981bb6c,20260821,20260905,0
22V238,1de60d8b,46dd2d35,707ab6e8,20260821,20260905,0
22V241,0b7a27cd,8276981f,85591ecf,20260821,20260905,0
22V252,1c9bdde3,76792d2b,4c068cb5,20260821,20260905,0
22V255,2012ca82,70c6cf26,cbe035f5,20260821,20260905,0
22V260,cc9aedc1,10c73842,3cfe6321,20260821,20260905,0
22V265,67007960,f5c60399,562703f0,20260821,20260905,0
22V269,e191f40b,d8bcafc7,e0ae9807,20260821,20260905,0
22V282,b5f1dc38,80d8a028,e9b118ee,20260821,20260905,0
22V290,7e1727ab,fd8eb612,958b2f25,20260821,20260905,0
22V291,2b6d2fee,686d9f52,9ddfd483,20260821,20260905,0
22V294,be8c34bf,9fc7cc00,4bf727bc,20260821,20260905,0
22V295,ea764726,7495e51f,974a0f47,20260821,20260905,0
22V298,a8558c23,83b9cec5,ffbcce4a,20260821,20260905,0
22V300,84bcb773,9fc7cc00,9a3226e7,20260821,20260905,0
22V302,1a4ed7bf,9fc7cc00,25b9ad58,20260821,20260905,0
22E037,d982e9f0,b44950d2,52f53094,20260821,20260905,0
22V305,f3e53551,647a6c99,39ed3463,20260821,20260905,0
22V307,c03787ab,850a9f2b,2bc91466,20260821,20260905,0
22V309,4ad48be9,9fc7cc00,3a019a01,20260821,20260905,0
22V310,93a6ac1d,aa5ea2cd,c92e42e2,20260821,20260905,0
22V314,20f6472e,029d51e0,cba173bf,20260821,20260905,0
22V323,742f1892,2ac15400,88b60bbb,20260821,20260905,0
22V356,0f2b5d93,10c73842,5832e482,20260821,20260905,0
22V324,ad2fce8b,89155ac6,4a1e28cc,20260821,20260905,0
22V332,dc67680b,93a6832f,2736fffa,20260821,20260905,0
22V341,e0b35efd,b1eb4cc9,2b0dd648,20260821,20260905,0
22V361,b7c70468,9fc7cc00,54a25079,20260821,20260905,0
22V343,2ecd0c5b,881f0be6,fd7f4000,20260821,20260905,0
22V344,cf431a3b,90412b96,fc7cf387,20260821,20260905,0
22V346,9feddaaa,107f5372,66f3a930,20260821,20260905,0
22V347,576cb70c,564f63a0,38cbe4f7,20260821,20260905,0
22V349,1582786c,a6f02394,1c8e5f4e,20260821,20260905,0
22V354,62f54a56,859c50ec,9f859767,20260821,20260905,0
22V416,2b8e03d4,a80023f6,7c64c4b7,20260821,20260905,0
22V440,2941c411,3125562f,015a588a,20260821,20260905,0
22V355,2636de6e,8f5dd978,a334f4e5,20260821,20260905,0
22V362,c5d3a03d,6037a27c,dabe2b9d,20260821,20260905,0
22V359,a00240c9,a1498bbb,757b3a10,20260821,20260905,0
22E043,0128c5bf,2aad7c9f,18b9f114,20260821,20260905,0
22V374,62dcaa3e,517be3b7,e3459082,20260821,20260905,0
22V377,d7b1b75d,3d1911a2,900f8c46,20260821,20260905,0
22E045,6c5d6946,1e2838b4,3bf75936,20260821,20260905,0
22V382,d7a70041,538d0dc4,0b8c7182,20260821,20260905,0
22V383,ac1a3a23,1e6f6a5b,1e3ae72f,20260821,20260905,0
22E046,153803fb,571fea0e,adefae40,20260821,20260905,0
22V393,4ac249ef,9fc7cc00,23051159,20260821,20260905,0
22V399,5a689865,46aecb48,fd7b5a94,20260821,20260905,0
22V401,ff83ed28,46aecb48,9049cce4,20260821,20260905,0
22V410,5304e24d,d07b7d66,d636d6ea,20260821,20260905,0
22V413,4397c54f,9416a234,4e74f7e6,20260821,20260905,0
22V414,f81efd9c,4608abf2,c81ed3f5,20260821,20260905,0
22V421,7fcf6323,3363196e,e572ad41,20260821,20260905,0
22V428,c7abbcc8,46aecb48,64662647,20260821,20260905,0
22E050,0e0bdfc3,46aecb48,1b21d001,20260821,20260905,0
22V438,ee39919b,7b10eaed,a161e78e,20260821,20260905,0
22V447,c0cefc60,3488e7fa,36f215bb,20260821,20260905,0
22V455,87d5b068,230f4e88,77e75109,20260821,20260905,0
22V456,daad2a65,07675fd6,322eded9,20260821,20260905,0
22V458,868a3317,859c50ec,8840d6a8,20260821,20260905,0
22V461,433dfccf,304c1ba0,06ace41c,20260821,20260905,0
22V462,1c6c8490,ba5a13b1,f6a71ca8,20260821,20260905,0
22V464,f4b47c42,5f5cb029,32af90c3,20260821,20260905,0
22V465,0fb4bf13,c6d265ed,c388cb7d,20260821,20260905,0
22E055,91289083,74d53f6d,16ec0386,20260821,20260905,0
22V477,172deefc,5e959215,a29c9d12,20260821,20260905,0
22V483,9b2f8513,f898b737,7527c13b,20260821,20260905,0
22V490,be9c4637,9fc7cc00,4c04e6f2,20260821,20260905,0
22V497,0f4a2e1c,b2596923,fedc3745,20260821,20260905,0
22V500,b611181e,8bf0c458,42dddb6e,20260821,20260905,0
22V501,136858b4,4aae57bb,1ad43af7,20260821,20260905,0
22V507,c945d474,33df2ec2,6b84773d,20260821,20260905,0
22V506,51ee9700,eaad41b7,acdcc0d4,20260821,20260905,0
22V511,0502792d,9d82920c,146ae65c,20260821,20260905,0
22V520,7434ed48,678b2edc,88ec26af,20260821,20260905,0
22V522,aab94ddb,ec6afb10,50cb1f92,20260821,20260905,0
22V532,fe66cca5,2248dfc1,77e62945,20260821,20260905,0
23V536,f915ea76,d9465c2d,96011c5b,20260821,20260905,0
23E059,99cdbd6f,d6f3cc52,fb62674b,20260821,20260905,0
23V548,b6aab814,def81381,1dee491c,20260821,20260905,0
23V549,99b2ec9c,9829b63f,8f41d5f4,20260821,20260905,0
23V550,47309a2e,da0b66d1,f269e6c6,20260821,20260905,0
23V551,8ac97b6e,26508873,909ff3be,20260821,20260905,0
23V557,346b5787,279097eb,0ff17a30,20260821,20260905,0
23V559,7ddd9472,a9cbf888,de77c42c,20260821,20260905,0
23V561,8ef8904a,3ab96a1a,c313c2a7,20260821,20260905,0
23V567,065b7271,96c0a94c,d1feb191,20260821,20260905,0
23V569,d8ba7fb2,149e0c59,22a9ca9d,20260821,20260905,0
23V576,855795b7,09fa2854,55d5165b,20260821,20260905,0
23E061,bbe043ff,32e8ff68,62992bad,20260821,20260905,0
23V578,cd8b9466,db574a9d,830caf5f,20260821,20260905,0
23V579,be3cde35,ee7f4f17,a8450036,20260821,20260905,0
23V588,78fce733,44bfdd27,8a5d9aa7,20260821,20260905,0
23V589,2483b1d3,93251393,58e70d36,20260821,20260905,0
23E062,5276c0d2,9fc7cc00,6e3d753b,20260821,20260905,0
23V591,94d18d02,98eab136,4c8e5c17,20260821,20260905,0
23V634,7a447448,44bfdd27,759ee25f,20260821,20260905,0
23V774,9a200378,77617b0f,bf31d622,20260821,20260905,0
23V815,ce4c255c,cbb1fbdc,3ba44649,20260821,20260905,0
23V599,94acd2fa,233088a4,74452687,20260821,20260905,0
23V608,2e02fafb,66c3a575,b02d6fdf,20260821,20260905,0
23V613,6676a0a2,a31ea801,a4374a9d,20260821,20260905,0
23E066,657af676,bfeee387,f973bf43,20260821,20260905,0
23V625,48614f8c,df42e7d4,6f17a116,20260821,20260905,0
23V637,6dc20b88,b4a70fce,8484b467,20260821,20260905,0
23V633,92712d32,245db01d,eb568b00,20260821,20260905,0
23V638,5f153e0c,1bf027b3,21d7f049,20260821,20260905,0
23V643,688e1b49,7e15c55d,7ef78a74,20260821,20260905,0
23V648,45ee7c12,2b8c9ebf,f64cd099,20260821,20260905,0
23V650,ea785019,021f9bf4,70f7c32c,20260821,20260905,0
23V651,c6fe9760,88d9af80,3d8619d9,20260821,20260905,0
23V655,2125043b,64440833,1374e0c2,20260821,20260905,0
23V656,7010659b,aca9ad9f,d4aceb40,20260821,20260905,0
23V660,1d45d947,da613060,fed69af4,20260821,20260905,0
23V661,75841fa6,c14c798d,9153c9a3,20260821,20260905,0
23V708,bfbbdfb8,80d95649,bb341453,20260821,20260905,0
23V663,1e9993eb,efbe5dd2,00a55a81,20260821,20260905,0
23E072,1b37f591,5b4cb68b,8c9876b4,20260821,20260905,0
23V665,1673ced7,4ba6f5a7,08b4fb4a,20260821,20260905,0
23T006,31928e2b,90a6a560,3a46cbc4,20260821,20260905,0
23V667,840e500d,78cb1676,c081fab0,20260821,20260905,0
23V673,cf04ee56,e9cc2486,aec8a9e2,20260821,20260905,0
23V691,7358f629,90568174,e4136b38,20260821,20260905,0
23V696,da0bc35a,c5c5b676,ef8286ac,20260821,20260905,0
23V704,50ce1787,89ffd8cf,0462bc77,20260821,20260905,0
23V759,11c6327f,02e07e72,3041ced3,20260821,20260905,0
23V706,6a964063,4496c7fe,82d61a59,20260821,20260905,0
23V714,2259da28,a9c20aec,a21ee956,20260821,20260905,0
23V723,4aa62141,3cbf8c61,0d1fca28,20260821,20260905,0
23V726,86fe9517,14329011,02c69521,20260821,20260905,0
23E085,7fb2c770,57b69780,1106480b,20260821,20260905,0
23V741,5487aa54,f28a4790,033ddf3b,20260821,20260905,0
23V746,528a0b41,5cebc87f,05949e32,20260821,20260905,0
23V751,0c3826cc,f5093654,43981151,20260821,20260905,0
23T009,c5cd9315,36c89308,bdcb1fed,20260821,20260905,0
23V762,e64a2afe,e45ce262,0af50d61,20260821,20260905,0
23V767,30bcf04b,1cd8fea5,54a4fa62,20260821,20260905,0
23V768,a5a913ea,a52b5be0,95acccd9,20260821,20260905,0
23V778,b74a5aa8,5b8d4b78,7a6e2e6e,20260821,20260905,0
23V792,a347db02,03c4c598,65c3b63c,20260821,20260905,0
23V780,ab6c15bb,96c0a94c,637eda21,20260821,20260905,0
23V782,8953d26c,6f3db7b3,80303686,20260821,20260905,0
23V798,2ab9f8c9,f7e32c5e,2ebf4b1c,20260821,20260905,0
23V795,bc45bff2,753dd853,050878d5,20260821,20260905,0
23V802,c26ba1b5,2b8735f9,16dfb862,20260821,20260905,0
23V808,992aea29,1d105752,dbf92990,20260821,20260905,0
23V817,1daa736f,c6a74da8,29723054,20260821,20260905,0
23V829,9f79abab,b2ea6ffa,3862d316,20260821,20260905,0
23V873,b51943b1,1d105752,8af4b7a5,20260821,20260905,0
23V830,50b190fa,d2fc5058,c56ead60,20260821,20260905,0
23T010,0b7d64c1,9f7e3ae7,3da5a4f9,20260821,20260905,0
23V840,10e5073d,2595decb,dea23a3c,20260821,20260905,0
23V841,3bc959cd,ce391d7c,975fa7b1,20260821,20260905,0
23V849,b880255d,13b3221d,0b5e7590,20260821,20260905,0
23V852,959696c7,8a460366,c9d39f34,20260821,20260905,0
23E094,2dd2870e,cbb1fbdc,d10be4bf,20260821,20260905,0
23E045,b0e458e1,5a673eb5,c400d5b0,20260821,20260905,0
23V864,a2ae9971,a6b7ee2a,e20dbc38,20260821,20260905,0
23V866,89c943e9,026c05d4,2e8d8028,20260821,20260905,0
23V867,9bc2296b,0df5c9d5,5ca6bf61,20260821,20260905,0
23V876,52e2fd3a,64c9fab4,2f516aa2,20260821,20260905,0
23V877,52f2ece4,1bb9ab07,b35b15c5,20260821,20260905,0
23V887,ac8ec8e5,04e6d3ac,6bae6fef,20260821,20260905,0
23V896,2769ab47,205129c1,500e324d,20260821,20260905,0
23V898,b8435441,f2ad7d5d,6dd3f078,20260821,20260905,0
23V899,858e13ca,cbb1fbdc,e59b2d0d,20260821,20260905,0
23V299,8e0f3167,bfec8124,35cefa97,20260821,20260905,0
23V301,69003eb6,2cd2fe42,dab452e7,20260821,20260905,0
23V308,9d672f08,038cbeba,32650735,20260821,20260905,0
23V320,d63a47ce,9fc7cc00,a38f4927,20260821,20260905,0
23V309,625e0d94,b7fc2a93,0d6f0c1c,20260821,20260905,0
23V304,341bd61a,2f59f5b5,0fed24e4,20260821,20260905,0
23V313,0c24af96,4b75026c,57553c7c,20260821,20260905,0
23V324,0ac74535,4147e2b4,62f416c9,20260821,20260905,0
23V327,23215fbc,dd2c8781,b6543170,20260821,20260905,0
23V337,68692026,10ce3782,052d6df3,20260821,20260905,0
23V338,28510e56,44301f6e,fe51a356,20260821,20260905,0
23V405,209bda93,44bfdd27,a50e8b24,20260821,20260905,0
23V341,46362928,82b48eb7,0150a2bd,20260821,20260905,0
23V343,c18e2634,d9465c2d,111f7fe0,20260821,20260905,0
23V403,ea6687d6,d13203d7,673e609c,20260821,20260905,0
23V351,3feedd63,bb8671cb,3c2df766,20260821,20260905,0
23V385,a7c31c5c,29f0f18e,ce0ccbc5,20260821,20260905,0
23V388,58b6dedd,da38ac5c,80a62dff,20260821,20260905,0
23V357,0af07164,10ce3782,04231ef1,20260821,20260905,0
23V358,d254e575,bd1b4cb9,d8907763,20260821,20260905,0
23V360,4bed5fe1,ea24cd65,655ec54a,20260821,20260905,0
23E039,b2cdb3f0,9c4efdb1,a5e5fd72,20260821,20260905,0
23V363,0eaaefe1,7a7fda5a,66dd020a,20260821,20260905,0
23E040,5c765415,4202a305,71947dbd,20260821,20260905,0
23V365,e981b748,1b533a0e,7ca31688,20260821,20260905,0
23V366,475524a8,37ebb9ec,ce016623,20260821,20260905,0
23V369,4ddae8c0,d31e95e2,3f642512,20260821,20260905,0
23V390,395b8919,bf86c87f,a37a1a8f,20260821,20260905,0
23V371,c46d81a1,c9ad44c8,43b76142,20260821,20260905,0
23V374,4641c9b1,74712e06,ce393eb2,20260821,20260905,0
23V381,f0433dc6,d9465c2d,f1c81b85,20260821,20260905,0
23V400,d001b521,7224c487,7ce62e44,20260821,20260905,0
23V401,75b3e6d2,1a7750ef,b3ae92d7,20260821,20260905,0
23V409,38466f44,5bcf722d,6d03dc8c,20260821,20260905,0
23V413,d9f51a4f,b063a062,52850088,20260821,20260905,0
23V416,230792a2,0b6b93c2,1d2af1ae,20260821,20260905,0
23V420,b47871b2,ca198a3d,a4080cbd,20260821,20260905,0
23V002,36082095,10ce3782,51269c22,20260821,20260905,0
23V062,8a97e3ce,6290f805,182ec2c0,20260821,20260905,0
23E002,461292db,9fc7cc00,d1a20f72,20260821,20260905,0
23E003,07899271,43eb55a8,02921fc6,20260821,20260905,0
23V023,36c425a8,b34bb9ac,401a44b2,20260821,20260905,0
23V049,6e58c226,9fc7cc00,22e51df8,20260821,20260905,0
23V053,84cf94be,924338e4,1f0d93d8,20260821,20260905,0
23V054,ac952a7f,3309e988,2ae19616,20260821,20260905,0
23V008,7b4d1d3e,0b447301,8c851856,20260821,20260905,0
23V124,03c9ac99,cf3adbfb,da681a33,20260821,20260905,0
23V016,5cdbcabf,127bd3f1,6e202684,20260821,20260905,0
23V026,d6c15139,d7c6f92e,e451cdca,20260821,20260905,0
23V028,776c75ce,703dc06b,797dc728,20260821,20260905,0
23V029,63b1ae30,5c446bf0,4c3c7677,20260821,20260905,0
23V046,cd03a6ce,8001d244,056fa97a,20260821,20260905,0
23V047,14d294ec,15f9fb14,dc1e6e85,20260821,20260905,0
23V051,5c301ca3,522fe974,f108b24c,20260821,20260905,0
23V060,901ff17d,d0933de7,1b6b4a4e,20260821,20260905,0
23V067,3106265d,7f8b4683,18a66bec,20260821,20260905,0
23V880,53be4a4c,44bfdd27,66629646,20260821,20260905,0
23E096,23ec4145,952013de,e6fab6ec,20260821,20260905,0
23V882,52bc6bd0,bd1c6873,777e92fd,20260821,20260905,0
23E097,99420a6f,d344adf5,5d0bb74e,20260821,20260905,0
23V886,b685dd66,04e6d3ac,27503dac,20260821,20260905,0
23V879,29cd4179,44bfdd27,8bf834f6,20260821,20260905,0
23V890,3d19b6d0,a7fc055a,cd64d749,20260821,20260905,0
23V891,a57899cc,226201df,f56d51a1,20260821,20260905,0
23V892,ea3e760d,e380ca07,42c70fa6,20260821,20260905,0
23V893,dafda22d,8b90b958,82c9940e,20260821,20260905,0
23V895,8718dbfd,e1428945,429c9fc6,20260821,20260905,0
23V901,39119b62,31856d9d,fd5bec1b,20260821,20260905,0
23E098,6160d213,59308d8d,02cd6228,20260821,20260905,0
23V042,08e8a5b4,9a2f6bed,0778185c,20260821,20260905,0
23V048,718942dc,334a264c,50aec79b,20260821,20260905,0
23E006,479eedbb,4f0aa3f5,3c1aa50e,20260821,20260905,0
23E007,941d943e,20ade787,edca0bb0,20260821,20260905,0
23V056,90e27c2e,9fc7cc00,a7170616,20260821,20260905,0
23E008,aeb58ac1,bed8015c,2f3ff4f0,20260821,20260905,0
23V057,f6196998,eb0c9868,e9c5f2e8,20260821,20260905,0
23V065,ffb8054a,b7209281,941828b0,20260821,20260905,0
23T007,0de246fb,d69e696f,4ca9863c,20260821,20260905,0
23E015,db1ce58a,40d18292,4b73438d,20260821,20260905,0
23V085,466fb09b,d271ff77,fa22e674,20260821,20260905,0
23V009,d42bc59d,7b26d931,d1ff32cb,20260821,20260905,0
23V089,35380504,05f83682,06f3e380,20260821,20260905,0
23T001,77b2f70c,84a73a6a,e9a6835a,20260821,20260905,0
23V017,789de36a,63db1a14,590c1bb8,20260821,20260905,0
23V037,2819752d,89565f91,c40380fc,20260821,20260905,0
23V021,8282b89d,6080693c,6984ed0c,20260821,20260905,0
23V022,51d8d71f,449c7945,c0c2501d,20260821,20260905,0
23V031,a7c8d42a,ccdd7542,fc5f5408,20260821,20260905,0
23V036,a6c5e5c5,f099a14a,53239ec2,20260821,20260905,0
23V040,bfdcd33f,93532aad,2bd4b90a,20260821,20260905,0
23V097,74e1c3cd,54b214d6,bf5b65cc,20260821,20260905,0
23V106,6f50e111,bf716636,0d2ef482,20260821,20260905,0
23V102,aa9a3098,e4ae811d,76c86873,20260821,20260905,0
23V109,75b69c29,2bd4a3bf,524eca80,20260821,20260905,0
23V111,7441bcc4,150b9a80,19ad61e4,20260821,20260905,0
23V105,804b51a7,29424308,5326c3f7,20260821,20260905,0
23V115,7e2342cd,ac5bd597,4e6c38ba,20260821,20260905,0
23V117,5b63f77f,7a84df50,7fd63889,20260821,20260905,0
23V121,6c130255,5dac4df1,f47c42a7,20260821,20260905,0
23V441,4b9ab24a,7d45faf2,0568a0e4,20260821,20260905,0
23V145,dc3fecd7,9be9d434,41fbed81,20260821,20260905,0
23V125,551af727,55abcd7b,8959ee39,20260821,20260905,0
23V131,55bc4b48,5b8a4be0,8d635ee0,20260821,20260905,0
23V133,7bd05a9a,bed8015c,54a61b43,20260821,20260905,0
23V134,e4972f26,9fc7cc00,628011cd,20260821,20260905,0
23V137,a25faf45,f64c769c,c26de053,20260821,20260905,0
23C002,6dc975a2,fddd9546,bba45032,20260821,20260905,0
23V146,b8a65c03,30529d52,ed325949,20260821,20260905,0
23E018,f6111f74,14e36a71,edb67f74,20260821,20260905,0
23V152,8f1c3888,82e1dd41,5489f5c8,20260821,20260905,0
23V153,385b8ffe,cb26c704,d41eea78,20260821,20260905,0
23V159,e093d098,e34383e8,64e4fa7d,20260821,20260905,0
23V164,599d4cd3,8f9babba,e3222b62,20260821,20260905,0
23V171,f58e3bf9,40d18292,8657a07b,20260821,20260905,0
23V182,82999f69,d9465c2d,7a8af9c0,20260821,20260905,0
23V185,ac3deeff,40d18292,e40770f2,20260821,20260905,0
23V186,93121b4a,d9465c2d,db54fa5d,20260821,20260905,0
23V192,d5c2382d,b2a7ab7d,93e3c49b,20260821,20260905,0
23V198,0cfe02f0,6a4f8777,3e7d6a57,20260821,20260905,0
23V208,6377c056,9fd85652,4cd572ee,20260821,20260905,0
23V199,4446bc31,be67a48f,d85e28a6,20260821,20260905,0
23V209,8a71e7fa,84d2f259,aeb68eca,20260821,20260905,0
23V210,55359ade,859c50ec,989c181f,20260821,20260905,0
23V442,60d1b47c,c1958cb4,42b9ce59,20260821,20260905,0
23V211,fa675e4f,b15e8694,808d48d3,20260821,20260905,0
23V212,a5d17792,eaa0c374,31105dc4,20260821,20260905,0
23V215,09c6a2c1,fc7d45f3,877a9a06,20260821,20260905,0
23V219,bbc93777,b2a7ab7d,0d759011,20260821,20260905,0
23V218,3737b954,bc05dab7,e6d271e7,20260821,20260905,0
23V226,011e3be7,fd8b738c,bb95a09f,20260821,20260905,0
23V228,75ae3b18,b432f3f9,e5c7c0f1,20260821,20260905,0
23V236,a6d04665,925ac224,f7fd4214,20260821,20260905,0
23V230,2836a27a,aeed7a67,6678954e,20260821,20260905,0
23V232,8e0aca85,4384504b,f3a72206,20260821,20260905,0
23V260,3d50a697,1a092f62,4b1bfb61,20260821,20260905,0
23V266,782722bc,e70ed60d,f56ae04a,20260821,20260905,0
23V272,4de97b83,71dfdc38,5bd76d2b,20260821,20260905,0
23V290,953d5065,88e06bf8,dcd70a95,20260821,20260905,0
23V298,e914a58a,3b208b03,2fde2fd4,20260821,20260905,0
23V407,08eb4e17,8efe9724,305b9eef,20260821,20260905,0
23V291,87c3a8fe,63bd3427,da0d6415,20260821,20260905,0
23V321,f5a83060,387e837b,087baaab,20260821,20260905,0
23V328,4cfa168e,464a7c78,71fc2782,20260821,20260905,0
23V349,fd3332a8,842e261c,de034790,20260821,20260905,0
23V305,532d5db6,4c7c70cd,d36c2517,20260821,20260905,0
23V307,221136b0,24185242,365370e8,20260821,20260905,0
23V314,d63f9053,499aef4c,90db593e,20260821,20260905,0
23V315,4b46d0d6,a1e00b66,bcb92475,20260821,20260905,0
23V316,3a1d3d69,288ffb70,be9c8b7d,20260821,20260905,0
23V426,7408b76e,b10670ab,5e071d8b,20260821,20260905,0
23V317,449cef7a,d9465c2d,02a207f9,20260821,20260905,0
23V326,d44498ec,f39833a9,80643c0f,20260821,20260905,0
23V329,f11b0156,2c1e78b5,c64edfd9,20260821,20260905,0
23E038,ef690c24,41aaa70e,96000d43,20260821,20260905,0
23V336,59292231,b4a7b2c3,60933589,20260821,20260905,0
23V340,6a89d35d,c397b6c4,cda0243f,20260821,20260905,0
23V345,28af40a5,4c7c70cd,cff85b3f,20260821,20260905,0
23V352,c196b605,cbb1fbdc,194ec866,20260821,20260905,0
23V354,35411e9c,46aecb48,55472c31,20260821,20260905,0
23V355,aeac066f,7b855387,18844e58,20260821,20260905,0
23V361,b5bbc57f,d31e95e2,ebdf98d7,20260821,20260905,0
23V362,fb950f4b,404b3778,1b6c3b6c,20260821,20260905,0
23V367,49b755bb,44bfdd27,e4e88a8e,20260821,20260905,0
23V370,7e616e47,c9ad44c8,dbb29d0b,20260821,20260905,0
23V376,54400af5,ab928108,fe4c9f86,20260821,20260905,0
23V387,05551dd1,24185242,b06b3355,20260821,20260905,0
23V393,4151953b,564f49d3,5e5e93b9,20260821,20260905,0
23V397,cb63e4e8,e70ed60d,19d92e55,20260821,20260905,0
23V406,08533f00,419ac209,c614c557,20260821,20260905,0
23V398,fe4b5745,e70ed60d,32facd78,20260821,20260905,0
23V410,3cfe41ce,061544bd,460a7cd2,20260821,20260905,0
23E044,64ba14be,8a7d1178,8d3d8e66,20260821,20260905,0
23V424,6bc3b5f8,dc2e0e41,00b1b5d4,20260821,20260905,0
23V428,c6c5c95a,db9c8ea8,90d8ddf0,20260821,20260905,0
23V438,77b4b837,e4ca9955,60bc495d,20260821,20260905,0
23V439,3e7abeca,b35d1adb,2a233c1e,20260821,20260905,0
23V445,e4937819,44bfdd27,6b758a2a,20260821,20260905,0
23E012,741dbefb,7f8b4683,2c2ce76e,20260821,20260905,0
23V069,6f4c2750,41a3c575,646ce540,20260821,20260905,0
23V080,8b57bcc0,083a27ca,a583ce60,20260821,20260905,0
23V084,f82a4fd2,f9f0d3e6,b1b19283,20260821,20260905,0
23V107,bc802a5d,9fc7cc00,daef06c4,20260821,20260905,0
23V110,e1b93ac4,4ebb4d2d,282861f2,20260821,20260905,0
23V112,6be21a73,9fc7cc00,bc661872,20260821,20260905,0
23V120,33f9c3d2,02798838,7e025938,20260821,20260905,0
23V123,05237bf9,afafefee,e65f34a3,20260821,20260905,0
23V126,48d9a052,d3960a13,f9e4d5f4,20260821,20260905,0
23V132,b67cfde8,1745ecfe,d43cb65b,20260821,20260905,0
23V129,08892721,1e2cbe5a,e4cc7867,20260821,20260905,0
23V257,3140a28a,a564e839,fee34478,20260821,20260905,0
23V136,250c6c99,549d819d,fe2c05bf,20260821,20260905,0
23V140,c9e1ded0,fba6158a,d2a893d1,20260821,20260905,0
23V141,1171e028,31f54ef5,4454fb62,20260821,20260905,0
23V142,eaf0d8c5,d05a99e0,422a2325,20260821,20260905,0
23V144,ab4cb1f9,5c131f99,c28e74f4,20260821,20260905,0
23E016,d8732231,51127567,5e0ac8b7,20260821,20260905,0
23V148,2474915b,b2a7ab7d,04fe973d,20260821,20260905,0
23V160,11e5a642,1aa0032a,597e27cf,20260821,20260905,0
23V404,94dd5e40,56fb15bd,67154043,20260821,20260905,0
23V161,dfd3e88f,bed8015c,651dfa55,20260821,20260905,0
23V165,4c9e79e0,58d80ba0,eb6c7ef9,20260821,20260905,0
23V166,bfacd75b,bed8015c,29651d00,20260821,20260905,0
23C003,1c5c392c,5b90be46,e928baaa,20260821,20260905,0
23V167,c0935609,7f44df6d,ae9e19b0,20260821,20260905,0
23V187,ac08af9c,aef01b50,f65d6f98,20260821,20260905,0
23E021,c3aeadc4,14c9cccf,144aefde,20260821,20260905,0
23V170,469bef07,6798957e,e57ba572,20260821,20260905,0
23V174,5f2d3314,180ce252,667cf522,20260821,20260905,0
23V024,6a6a14ae,20f845a6,0bc590e4,20260821,20260905,0
23V191,afe9a7fe,2c1e78b5,e0c014fd,20260821,20260905,0
23V180,7fa90cba,12d95b2a,7f593a79,20260821,20260905,0
23E022,2cb7ddc4,b2a7ab7d,b83c458d,20260821,20260905,0
23V184,30a41127,02733b58,f918dcae,20260821,20260905,0
23V188,f7ea27ed,28544eed,9cc68cf1,20260821,20260905,0
23V258,f0441bba,69fcd430,5f0408b2,20260821,20260905,0
23V196,668197af,12a24be9,1708a2b0,20260821,20260905,0
23V204,54dee9de,bf86c87f,4b563e36,20260821,20260905,0
23V206,05e17b96,0cef29f2,d16ecf50,20260821,20260905,0
23E026,82b7404e,18448c7d,fcedd8b9,20260821,20260905,0
23V222,581306c6,0fa281a7,d8d03605,20260821,20260905,0
23V223,0db97d19,d9465c2d,93043e3e,20260821,20260905,0
23V760,4257d72b,4cd398d9,3fffae44,20260821,20260905,0
23V012,a360fc11,54ebee68,b436f24a,20260821,20260905,0
23V225,05540a8d,92c15736,92f5ca7f,20260821,20260905,0
23V229,6f93f43c,178f2690,13279001,20260821,20260905,0
23E028,655e5cc0,d9465c2d,d7e627f3,20260821,20260905,0
23V233,9d495509,32f8d7ab,dda23aac,20260821,20260905,0
23E030,6b73732d,24185242,9cba032d,20260821,20260905,0
23V239,bb9005a0,b48a6468,a34a32d1,20260821,20260905,0
23V241,1743beab,31b93fae,35affd6e,20260821,20260905,0
23V242,8acfda1e,854c7b38,6ec64ba5,20260821,20260905,0
23V246,5f2956ca,6aafd3f6,54ed1098,20260821,20260905,0
23V248,fbcf27e4,ab6ba8f7,4fbf93bc,20260821,20260905,0
23V295,9f3939e9,15f9fb14,4b617c0a,20260821,20260905,0
23V278,4b5374e3,cf472e02,57d80229,20260821,20260905,0
23V251,1417d268,6106e078,57f2807c,20260821,20260905,0
23V254,008b905b,b159e2dd,00cbdfbd,20260821,20260905,0
23V259,14fee7bc,d2a4166f,4a7cf95e,20260821,20260905,0
23T002,191cd6fb,55bd1680,9cecc257,20260821,20260905,0
23V276,4876775b,79d5e3c1,8cea9208,20260821,20260905,0
23V279,69080c0d,fc5d3901,44819822,20260821,20260905,0
23V283,00fecacc,bb4affef,c7dae605,20260821,20260905,0
23V630,4940c6be,44bfdd27,210dc8d9,20260821,20260905,0
23V846,fd622bd2,44bfdd27,53f5bfe4,20260821,20260905,0
23V657,fc87d06f,acd50c7c,6663e739,20260821,20260905,0
23V205,d5ee392f,6a4d047e,c93b535b,20260821,20260905,0
23V476,4c16d3b4,6e0f4d27,2f424128,20260821,20260905,0
23V512,45230c24,1745ecfe,932f020c,20260821,20260905,0
23V467,cf483e47,5bb68364,78c1bcf3,20260821,20260905,0
23V453,568082db,35c1e942,6b149f65,20260821,20260905,0
23V114,1d6ce0c3,44bfdd27,b29b4fbb,20260821,20260905,0
23V001,563248db,da505d11,1a4c0d79,20260821,20260905,0
23V858,91ee8ec9,ea553ad8,750c891e,20260821,20260905,0
23E001,fc00ac69,9d82920c,9f01f519,20260821,20260905,0
23V003,4c126d61,b1f6bdb6,3dc7563b,20260821,20260905,0
23V006,c9e7ba37,39f5c245,f364b7fd,20260821,20260905,0
23V007,bef1c4a9,83468b40,265d640e,20260821,20260905,0
23E004,fb690ae6,43eb55a8,52dd2599,20260821,20260905,0
23V013,fc219ce2,15f9fb14,dd6a347b,20260821,20260905,0
23V018,898b575d,1ac99e12,e5afa705,20260821,20260905,0
23V020,8a18bb41,bb9ec970,99448e27,20260821,20260905,0
23V025,fa99c54e,20f845a6,3c3ed3e4,20260821,20260905,0
23V030,791bc78d,ccdd7542,84cbcf15,20260821,20260905,0
23V032,d685dd25,0e5c23a9,8e2cf367,20260821,20260905,0
23V034,6fbbc9c2,d7c3ebae,5669df57,20260821,20260905,0
23E005,2ee4fa15,efbe5dd2,add4db33,20260821,20260905,0
23V077,e6fcf421,a785cda2,d27a3b88,20260821,20260905,0
23V045,a3f1468f,84435e52,af55adc7,20260821,20260905,0
23V050,4d90513e,ab584bce,00dabecd,20260821,20260905,0
23V055,d24f00f1,a329990e,2194cd8d,20260821,20260905,0
23V061,0e934ed7,9fc7cc00,23283895,20260821,20260905,0
23V059,5e5eb706,32e8ff68,4558602c,20260821,20260905,0
23E010,26598f87,d0933de7,f78e518d,20260821,20260905,0
23V064,74b07e18,d1be6fc3,8cd53c29,20260821,20260905,0
23E011,1b80b50a,0949ad87,ca80a993,20260821,20260905,0
23C001,2eac6eff,fa060225,0183d92b,20260821,20260905,0
23V072,dc7508b7,92c15736,92e8a8a2,20260821,20260905,0
23V074,4f7340b3,e371a3cd,acc5ac0e,20260821,20260905,0
23V075,ea08a47d,25e2a3aa,38989f77,20260821,20260905,0
23E013,b5e10c37,128f5dc5,6211be2a,20260821,20260905,0
23V076,aae35a6c,55abcd7b,c266ca62,20260821,20260905,0
23V078,db7702f8,fae9943b,5da28662,20260821,20260905,0
23V079,10e392e8,9c979e40,d4d84ee5,20260821,20260905,0
23V086,d05b7e5e,2bc103cd,c86ead84,20260821,20260905,0
23V088,e8972660,ccaa5b81,ef1df10f,20260821,20260905,0
23V091,c1d833d3,bc1fe643,e23624f5,20260821,20260905,0
23V092,eca5b4b2,0c8bc30e,5becabb5,20260821,20260905,0
23V093,18c561de,0a169287,48394ede,20260821,20260905,0
23V096,cbefa0bf,65201657,92e8045d,20260821,20260905,0
23V098,81f83945,d8136fb3,0ce5f1a5,20260821,20260905,0
23V100,97e1cc04,c452d175,7f907df3,20260821,20260905,0
23V113,faa49543,70fc1adb,024ba65c,20260821,20260905,0
23V118,c1843904,b82d0efa,f9e25ef4,20260821,20260905,0
23V119,5688ab86,f0201602,ddb20c22,20260821,20260905,0
23V127,e4820a8e,2bc103cd,db24ea41,20260821,20260905,0
23V128,e2a7a034,b6406f53,aa1be6ff,20260821,20260905,0
23V130,21062b18,ed1458b4,cc0c2d74,20260821,20260905,0
23V135,977871ae,7ae56a9b,d25ff73d,20260821,20260905,0
23V143,4301c36b,b2a7ab7d,ca2892ed,20260821,20260905,0
23V150,7a24dff6,13b3221d,7ec4cd1f,20260821,20260905,0
23V151,e7383c9a,3c82cb1c,0bf1d9fc,20260821,20260905,0
23V197,af9459f2,9fc7cc00,fd77c6cb,20260821,20260905,0
23V156,51f3ba11,34dc9730,8282a478,20260821,20260905,0
23E020,4bfcb8c8,a0b41a91,00e43bdc,20260821,20260905,0
23V163,f8582353,c2da3dac,80109a40,20260821,20260905,0
23V172,6e10d029,67fd54dd,d8c5aba1,20260821,20260905,0
23V177,af45b190,f348d288,21e98ffc,20260821,20260905,0
23V178,3ea51de5,b6815e94,a272ac73,20260821,20260905,0
23V181,93df621f,44301f6e,42855777,20260821,20260905,0
23V202,7fb99812,54b9dfee,22fe2ee6,20260821,20260905,0
23V189,32521b2b,a02af75c,fcd966f1,20260821,20260905,0
23V190,7e620526,d9465c2d,aae8d081,20260821,20260905,0
23E024,0c2b2dae,9fc7cc00,a14fea68,20260821,20260905,0
23E025,e1241e3d,9a019306,971d2674,20260821,20260905,0
23V214,62ec068d,f2c5b910,bc5b4111,20260821,20260905,0
23V207,5d937901,54b8acb0,863e6d0a,20260821,20260905,0
23V224,cc568ce3,6290f805,1e918df1,20260821,20260905,0
23V227,3115adf2,a0ca58c9,f0e7fdc6,20260821,20260905,0
23V234,d70d26b0,67245dd4,72459dbe,20260821,20260905,0
23V238,3ddf046e,d2a4166f,4a7cf95e,20260821,20260905,0
23V240,614a61b2,195b173c,fee89e10,20260821,20260905,0
23V244,1be48689,4a1d02db,6f693dce,20260821,20260905,0
23V245,187fee7a,6aafd3f6,d4239698,20260821,20260905,0
23V247,fd650e92,0cbd678c,5f207ce9,20260821,20260905,0
23V252,74b8db9e,68072942,a52d492a,20260821,20260905,0
23V256,151db2ac,3f0b4838,120d21da,20260821,20260905,0
23V261,8e0bfd9f,1a5c90ab,246164f8,20260821,20260905,0
23V265,6e8766e1,b9a2531f,882e2b5c,20260821,20260905,0
23V270,b9cf7e36,226201df,c5b05438,20260821,20260905,0
23V271,773a37ac,a02491be,49f62367,20260821,20260905,0
23V275,3a9e56c8,a9cbf888,2e55b566,20260821,20260905,0
23V277,cc630c71,911ee62c,425c0283,20260821,20260905,0
23V282,d4fe9200,e70ed60d,7fd8047f,20260821,20260905,0
23V285,153fe46e,24185242,10daf460,20260821,20260905,0
23E035,021afa48,f3b30979,beb01db9,20260821,20260905,0
23V372,cc083663,531e404f,8a1c6725,20260821,20260905,0
23V288,7ba6ad9e,1e2cbe5a,4fa4b6d1,20260821,20260905,0
23V292,ba26f461,d1d7c25e,d202f8c2,20260821,20260905,0
23V296,39e846fb,334a264c,17562da6,20260821,20260905,0
23V302,f0a73fdd,222a58b8,fadc2907,20260821,20260905,0
23V303,845dd64e,134ba0d1,99590176,20260821,20260905,0
23V310,0933afa4,d3338070,210b953f,20260821,20260905,0
23C004,1d9dd748,f20e7797,50cb4a13,20260821,20260905,0
23V322,040d2471,96b6bb8c,f9dbab9f,20260821,20260905,0
23V323,34e38956,2c1e78b5,9f03585b,20260821,20260905,0
23V325,a5d8e990,73157854,7c8624bc,20260821,20260905,0
23E037,dcd073b5,756057f0,0a412b1f,20260821,20260905,0
23V330,df61150d,138465ca,2a2d0c04,20260821,20260905,0
23V331,08e6f5f5,aac6fb03,5d350776,20260821,20260905,0
23V332,d59ef2b4,1a98515e,c7573c8d,20260821,20260905,0
23V333,9642ed1e,138465ca,e1a8d5dc,20260821,20260905,0
23V339,b7fe9dd5,5d417e1d,24b66125,20260821,20260905,0
23V335,252e78dc,0cbd678c,d57998b5,20260821,20260905,0
23V344,42ee96d7,589db79d,c821e74f,20260821,20260905,0
23V347,33b61761,5307de29,4eb413b6,20260821,20260905,0
23V350,2982d305,55123f53,0ce0f71d,20260821,20260905,0
23V353,10422781,e1f0a700,784521e5,20260821,20260905,0
23V364,c98f2f88,2f2b14e2,226e0cae,20260821,20260905,0
23V854,5c80caa8,054a8fef,901a4e1f,20260821,20260905,0
23V856,34d0275e,924338e4,e737e0b0,20260821,20260905,0
23V857,b1791fa4,23bf1819,d10a44b6,20260821,20260905,0
23E095,4d6aef91,d6b26120,95501377,20260821,20260905,0
23V859,0bbc788e,8e1a8a45,bd72edbd,20260821,20260905,0
23V861,ad7ef838,994664eb,53188560,20260821,20260905,0
23V862,33473769,aef01b50,9b0e642f,20260821,20260905,0
23V865,ddbde8f4,f84fa115,ed6ff7ff,20260821,20260905,0
23V835,9d42a4de,bd63bb36,40461e22,20260821,20260905,0
23V903,754fa9ee,83aea1ac,dd5dabf6,20260821,20260905,0
23V513,9a14addf,bb8957f0,5f074c53,20260821,20260905,0
23V243,c105c426,4b963fa4,7eb2e641,20260821,20260905,0
23V872,8c8f558c,e86f1915,c97850e4,20260821,20260905,0
23V878,f09f0f44,198ac273,0a57bae0,20260821,20260905,0
23V884,ff990430,bcf8f189,bdcb899b,20260821,20260905,0
23V897,da4fe0f5,f2ad7d5d,9688771c,20260821,20260905,0
23V900,89094e26,cbb1fbdc,6050604f,20260821,20260905,0
23V486,4d61b671,c452d175,d639701c,20260821,20260905,0
23V905,a6e76517,d6cb0587,acb6ac4d,20260821,20260905,0
23E054,1137adb0,7f0af17b,693277b3,20260821,20260905,0
23V498,347b3832,73157854,f6eb65b7,20260821,20260905,0
23V507,a8623fca,33d529b8,eaf0ea5b,20260821,20260905,0
23V504,c84a2c87,6390ceb3,c5463d88,20260821,20260905,0
23V506,327338fb,46aa6974,a9305ceb,20260821,20260905,0
23V509,37980cda,31188930,0cc0588c,20260821,20260905,0
23V519,2971085e,4200b35d,b210baaa,20260821,20260905,0
23V520,37274975,a3cff2ef,6ab272ee,20260821,20260905,0
23V522,35247b13,24185242,ce006ae0,20260821,20260905,0
23V530,aa11ede3,24185242,18192feb,20260821,20260905,0
23V537,15be86ab,958991b0,37a47ebf,20260821,20260905,0
23V539,aa960dd4,24185242,80b66c83,20260821,20260905,0
23V543,631ed8cd,7a813488,59e37e8e,20260821,20260905,0
23V556,026b95f6,f5f37388,574c1ca0,20260821,20260905,0
23V560,32497b29,1ac99e12,c38395a4,20260821,20260905,0
23V904,af16a743,d43a3a0e,8d84553b,20260821,20260905,0
23V687,e4785760,af7ce833,ef54f26c,20260821,20260905,0
23V083,cb47f5c9,f0164877,bebdabef,20260821,20260905,0
23V095,fd6353cf,b0193e05,81fde9cb,20260821,20260905,0
23V300,ad01b3f8,1daa818d,27ebd164,20260821,20260905,0
23V514,de86f1ec,1745ecfe,43d6b5aa,20260821,20260905,0
23V451,6d2aff14,85b68a75,968689b4,20260821,20260905,0
23V418,8ed213a2,ae517eb7,0d829558,20260821,20260905,0
23V626,19cd7d20,54b8acb0,44a0c0c4,20260821,20260905,0
23V623,841f2111,44301f6e,f1296a73,20260821,20260905,0
23V041,6980b3c7,15f9fb14,7f9cb510,20260821,20260905,0
23V440,c8b5098b,c517d710,c7dfb085,20260821,20260905,0
23V432,9f8188e1,d56beb40,b87031b9,20260821,20260905,0
23V732,cb9fe0b5,a062d306,62a2c002,20260821,20260905,0
23V735,33975efe,bd1c6873,72eb8b21,20260821,20260905,0
23V737,a273a286,10f98ffd,19eaf321,20260821,20260905,0
23V742,d666365f,0d657e62,1f5a1229,20260821,20260905,0
23V743,cd70b10b,398172c3,de481580,20260821,20260905,0
23E087,bd015057,1745ecfe,ad7e1ed0,20260821,20260905,0
23V745,23a482c2,c3b5183a,eb92c10b,20260821,20260905,0
23V752,c22b14b3,ca35edb7,2c398eca,20260821,20260905,0
23V755,c03a4d36,9221b0b7,3de79d32,20260821,20260905,0
23V761,67622206,1776952b,c5c09cf0,20260821,20260905,0
23V763,20b6d048,2bee94a8,55a45286,20260821,20260905,0
23V764,1bab8441,ed638cdc,f4cf739e,20260821,20260905,0
23V766,aa5161e8,5cf18284,bb24a812,20260821,20260905,0
23V769,9eb4c241,72ddefdd,1d910fd4,20260821,20260905,0
23V771,4e9532f0,50caa405,e081415d,20260821,20260905,0
23V772,8dfe4594,2c64a846,f9da2bff,20260821,20260905,0
23V776,1de2662b,bfff060a,ac1d9c2b,20260821,20260905,0
23V784,c4d62de4,23bf1819,4225f8b2,20260821,20260905,0
23V797,77e48cbf,0236533f,fef776fe,20260821,20260905,0
23V793,20ac5318,03c4c598,09c2a4b1,20260821,20260905,0
23V800,909684c5,32ea1831,942e788a,20260821,20260905,0
23V804,ff459aa9,2c1e78b5,e6dc21e6,20260821,20260905,0
23V812,c8ed1c32,c12e8cb2,6327a901,20260821,20260905,0
23V818,0a75854f,1d105752,434b2584,20260821,20260905,0
23V819,4fcba61e,1d105752,1bcd727a,20260821,20260905,0
23V821,c58b3172,7ad51654,ad1c2a97,20260821,20260905,0
23V822,8ebd13a1,01edbdfa,ec5d8de7,20260821,20260905,0
23V860,e0f1c86b,5a27197f,7f05aa0e,20260821,20260905,0
23V863,de6b75a2,1b94376d,c40cbbe9,20260821,20260905,0
23V868,0e128a09,154f42a3,44a2f044,20260821,20260905,0
23V871,69cf67d4,8b83c5ac,ad81aae4,20260821,20260905,0
23V875,3be145b2,b0db9ffd,58ac06b6,20260821,20260905,0
23V494,ef8cf110,30ff28db,8f926622,20260821,20260905,0
23V803,5fb9cadb,b2fb2407,a0298b86,20260821,20260905,0
23V885,5a30bd7e,d7c6f92e,d680abbf,20260821,20260905,0
23V825,b8f1083b,91c16314,52f78cbf,20260821,20260905,0
23V452,47f31849,85b68a75,afd43d86,20260821,20260905,0
23V249,d7dc9b32,6a4d047e,c81aec99,20260821,20260905,0
23V719,66601633,44bfdd27,6f1b7410,20260821,20260905,0
23V722,c7ec68a3,96b6bb8c,7316f272,20260821,20260905,0
23V082,5061ac58,d5d80d5a,238f0b15,20260821,20260905,0
23V087,16280f14,bcdb65f1,5b111875,20260821,20260905,0
23V090,20873950,821c9337,0f933d17,20260821,20260905,0
23V094,be711f39,859c50ec,acf1620f,20260821,20260905,0
23V099,6452f3b1,f5881760,cbd6d5eb,20260821,20260905,0
23V101,4649ff4e,92c15736,cbe015b4,20260821,20260905,0
23V103,86ba65c0,9fc7cc00,26fe2885,20260821,20260905,0
23V104,ce78476a,b68c954b,c6fc63d4,20260821,20260905,0
23V108,07ed6af9,5256fe54,ebeb5840,20260821,20260905,0
23V116,79bbfd27,4adcc908,d16dae29,20260821,20260905,0
23V138,e5efae51,bed8015c,6098ee42,20260821,20260905,0
23V122,55e1f9e1,975edd4c,ddf03ac2,20260821,20260905,0
23V139,daa14278,9fc7cc00,66980c18,20260821,20260905,0
23V147,bfac2721,b1d54feb,f9dc379a,20260821,20260905,0
23V149,22535855,4aae4354,d0e3ff36,20260821,20260905,0
23V154,854bb7a5,b8197a99,b993e248,20260821,20260905,0
23V155,88a070cb,c21e7445,4210e347,20260821,20260905,0
23V157,53d5b966,9fc7cc00,68fd645f,20260821,20260905,0
23E019,ad13e4d8,59f88df6,b1c0ba45,20260821,20260905,0
23V158,87644d0a,5b529f94,f850eb41,20260821,20260905,0
23V162,d177ba4b,9db797c7,ef4af68c,20260821,20260905,0
23V168,bfe0ba7c,8017d518,7755f32f,20260821,20260905,0
23V169,06b87961,00a72981,d7daf8c0,20260821,20260905,0
23V175,6f7242e5,805e5160,4e79958f,20260821,20260905,0
23V176,f9641457,798199a0,dd0af328,20260821,20260905,0
23E042,da45f8c0,2f0fbf99,3c27a1e3,20260821,20260905,0
23V179,f4527047,44301f6e,669c206d,20260821,20260905,0
23V183,9101fbb3,f86568b4,93669c66,20260821,20260905,0
23E023,2bfb0ada,703dc06b,54caf62e,20260821,20260905,0
23V193,9177b1a3,9a9a7f83,032a2315,20260821,20260905,0
23V194,304e2963,9fc7cc00,9d56dc39,20260821,20260905,0
23V195,3a0f2246,d3a8c277,827c453a,20260821,20260905,0
23V200,8417a62e,798d71a9,9e59ef2d,20260821,20260905,0
23V201,c19671a9,257e55cf,2a0c5cfa,20260821,20260905,0
23V724,12c98532,0dd4cce3,9ebc6474,20260821,20260905,0
23V725,996f9053,b6a89691,e91f24d6,20260821,20260905,0
23V004,fab9282c,0056542d,5fd77435,20260821,20260905,0
23V005,c7effe2c,283c59d3,f213e9a5,20260821,20260905,0
23V011,111e2ad5,19485130,9481c0f2,20260821,20260905,0
23V014,bd807320,952013de,3fbb67aa,20260821,20260905,0
23V019,2049b5c8,91490982,7b631abe,20260821,20260905,0
23V033,7d1e452a,d7c3ebae,03f95646,20260821,20260905,0
23V039,db57ca41,42932964,3b9b5b40,20260821,20260905,0
23V043,16ae56c9,525f3e3b,01bf2aed,20260821,20260905,0
23V044,1bff942a,84435e52,443bbd2c,20260821,20260905,0
23V035,e469db31,4aae4354,2ac35014,20260821,20260905,0
23V052,7430237c,74d53f6d,4ffb5670,20260821,20260905,0
23V063,b7b6bf64,1cfc19fc,fbb90ee5,20260821,20260905,0
23V058,a109784b,a903328e,e66fa1cd,20260821,20260905,0
23E009,e004b208,32e8ff68,afbbc3fc,20260821,20260905,0
23V071,dcfcad85,2c1e78b5,b66050cc,20260821,20260905,0
23V066,950e24cb,b7209281,85b044b8,20260821,20260905,0
23V068,74b2d820,952013de,51890421,20260821,20260905,0
23V070,b168c0d9,6037d4a9,ea5c9937,20260821,20260905,0
23V073,caf858fe,4f7cd228,5c0ede3c,20260821,20260905,0
23E017,10bc5ec7,cf3adbfb,81c1c156,20260821,20260905,0
23E014,2ee4640b,d3d1b3ca,f326aa62,20260821,20260905,0
23V081,038ee347,7822b5c5,88a7f06a,20260821,20260905,0
23V488,44583496,31633c55,55503f2f,20260821,20260905,0
23E032,c3672f04,f4af1d3c,dd22cd9a,20260821,20260905,0
23V465,97aa65ca,f806b12c,1fd8b33b,20260821,20260905,0
23V010,52388e55,2b630d07,c9a9872f,20260821,20260905,0
23V433,3c44bd37,40397008,810d6b87,20260821,20260905,0
23V471,130f64f1,fd2e467d,c0ef38e0,20260821,20260905,0
23E052,d86b33f3,958991b0,3579a80b,20260821,20260905,0
23V499,e340d5ca,71ca9e75,311aaec4,20260821,20260905,0
23V503,d1aa90b3,4ba6f5a7,9056e5ff,20260821,20260905,0
23V511,173ab40d,f806b12c,0f0e8049,20260821,20260905,0
23V435,b1dbdeba,3d32bbcc,3cfbc966,20260821,20260905,0
23V437,11f8d46d,50f5fc96,3e08ae98,20260821,20260905,0
23V448,44751929,d419a7e1,02f121b9,20260821,20260905,0
23V460,cbca8b0e,8c5386fa,8512130c,20260821,20260905,0
23V464,68915fd5,c7e0410e,add46746,20260821,20260905,0
23V490,f6c2b398,83633b60,2c337431,20260821,20260905,0
23V523,520ccf35,da2ee6d2,3f744598,20260821,20260905,0
23V525,a57769f0,cd1b6ce9,794373d8,20260821,20260905,0
23V528,9bb1ae78,71ca9e75,57d5a0de,20260821,20260905,0
23V529,2689cb17,f18c74d4,bb8431a7,20260821,20260905,0
23V491,1469fb41,71ca9e75,a2fa7b16,20260821,20260905,0
23E055,75eb6990,3092fdb4,3c97889b,20260821,20260905,0
23V421,a3310b3f,cf3aeb20,2f4a22c1,20260821,20260905,0
23V423,9cd68a28,a5e1787f,e47e28be,20260821,20260905,0
23V431,e2d926be,4c7c70cd,080bf532,20260821,20260905,0
23E049,cf91f1ac,92ad1c1b,7a30f427,20260821,20260905,0
23V446,38d074c7,70d6bd15,c7b40fcf,20260821,20260905,0
23V474,6e2dafa0,0e7356a9,72dc476b,20260821,20260905,0
23V479,0e458378,52eccdbd,a9c5bd04,20260821,20260905,0
23V524,1230e493,972fe480,30b7a011,20260821,20260905,0
23V531,32f67c79,63e66e3c,0c57efbe,20260821,20260905,0
23V533,2b2a1721,71ca9e75,30018c44,20260821,20260905,0
23V359,46a0c8c8,a2ce3e68,b48abd86,20260821,20260905,0
23V368,e3870f34,6a391a74,5c96b0af,20260821,20260905,0
23V373,8fae2f07,65fa7027,1b504253,20260821,20260905,0
23V375,cbac0e99,24185242,0c57ce48,20260821,20260905,0
23V377,19aefc59,6d4252e2,e96fb55b,20260821,20260905,0
23V378,59eb8a00,88d9af80,bf26b984,20260821,20260905,0
23V379,7ec382b9,245db01d,0ea63919,20260821,20260905,0
23V380,91b87165,d52a0061,7af6ad68,20260821,20260905,0
23V382,b1cbd199,672822d2,7f53d0bd,20260821,20260905,0
23V383,5ab337b5,e005c971,65720126,20260821,20260905,0
23V384,16edb164,a6b7ee2a,9ecec882,20260821,20260905,0
23V399,6774f33e,c59e773e,33e866c8,20260821,20260905,0
23V394,53ac9b4c,8b83c5ac,b529dd79,20260821,20260905,0
23V408,b50fb305,9fc7cc00,28b364ab,20260821,20260905,0
23V411,005986f5,b9a2531f,6366df31,20260821,20260905,0
23V415,3dcda439,061544bd,ee1cea1b,20260821,20260905,0
23V427,a4877b4c,5a673eb5,9b8f9cc9,20260821,20260905,0
23V436,ac6800d0,d7534243,e0f191e0,20260821,20260905,0
23V447,5638f5d5,410abb72,ed7d4b20,20260821,20260905,0
23E048,8a80967b,f50cda8b,d676d352,20260821,20260905,0
23V497,630b9862,10dd52a0,44f7d80f,20260821,20260905,0
23V457,f8a2bce8,04c10b9f,a04f02d6,20260821,20260905,0
23V461,a0c7b53c,0f1f410e,02b04075,20260821,20260905,0
23V466,030acd39,24c66173,77cd2b31,20260821,20260905,0
23V449,78a9c614,eba043f2,af99d135,20260821,20260905,0
23V469,1196d51e,c14d0047,a72da7c7,20260821,20260905,0
23E051,a046f395,8bf85b3f,9c6d5166,20260821,20260905,0
23V480,4a6b76f1,e6fe1b16,1586164e,20260821,20260905,0
23V481,97ed43ce,3309e988,c8c14f91,20260821,20260905,0
23V484,da2227cf,dbae559f,914c28e3,20260821,20260905,0
23V485,9517331d,b749885d,2c569c6e,20260821,20260905,0
23V487,6dec1a3c,949ea2e1,9e7ca50b,20260821,20260905,0
23V545,6fbf6e8f,828454cb,1fd4dbf2,20260821,20260905,0
23V502,acf77228,b46a0343,73b6cc13,20260821,20260905,0
23V510,c7a8ccd9,50caa405,506aeb37,20260821,20260905,0
23E056,1c71cd19,8589d8d9,cc934498,20260821,20260905,0
23E058,c2a0f5a9,5b400eea,a26422d8,20260821,20260905,0
23V526,7236c274,63e66e3c,8c779342,20260821,20260905,0
23V527,fb13ea7f,0bf74817,726b1ae4,20260821,20260905,0
23V534,5ec89887,1bb9ab07,05696ef9,20260821,20260905,0
23V535,9594b5ef,3092fdb4,052a6bc6,20260821,20260905,0
23V541,ef31fc8c,b3654d0c,543cc47c,20260821,20260905,0
23V542,8f50f1f9,70a7bdae,b68b36df,20260821,20260905,0
23V547,eea12654,def81381,7a9b2fbc,20260821,20260905,0
23V553,e278a0b1,388439fc,749dddc8,20260821,20260905,0
23V554,83a45481,cddcf863,6ab913ac,20260821,20260905,0
23V574,6a885e30,ba33a214,6c6f8344,20260821,20260905,0
23V558,252de016,8fe2bd3a,b23a5839,20260821,20260905,0
23V572,2a0a8f6b,08026cce,0283c301,20260821,20260905,0
23V583,5541ea0d,872b279d,31f34ffd,20260821,20260905,0
23V585,3fae8621,019ecf4d,bee706e7,20260821,20260905,0
23V593,c8077057,cf55f064,4d6a1058,20260821,20260905,0
23V598,d1de0434,449c7945,09360595,20260821,20260905,0
23V610,7a8bf259,0776e8ed,8db165ae,20260821,20260905,0
23V615,86038557,a31ea801,e2d85da3,20260821,20260905,0
23V617,61f215bd,afb9c9d8,05a3d1eb,20260821,20260905,0
23V618,a09a48d9,5a673eb5,167ceb75,20260821,20260905,0
23V627,6432d8da,a0b81133,d67a6eda,20260821,20260905,0
23V628,40e2af6d,0776e8ed,79f3ae68,20260821,20260905,0
23V629,87b1f56a,7e763606,426baffe,20260821,20260905,0
23V632,5382e06c,18448c7d,4d7488b2,20260821,20260905,0
23V639,737054ef,1ef50963,4eeaf841,20260821,20260905,0
23V640,31b085dd,96b6bb8c,677f77de,20260821,20260905,0
23V642,641faed3,608725e1,3e7dcdcc,20260821,20260905,0
23V645,d1c4cf11,215e2168,fce89c50,20260821,20260905,0
23E071,f49d36da,1745ecfe,72415c4a,20260821,20260905,0
23V659,1a040881,263d65ed,71c799c0,20260821,20260905,0
23V662,5edc5612,7b5f49dd,9323d59f,20260821,20260905,0
23V664,2955aab8,5b4cb68b,e4b0eb5b,20260821,20260905,0
23E073,81a27a12,88d9af80,cfdb55dd,20260821,20260905,0
23V669,c12972a8,84235d7f,470fff65,20260821,20260905,0
23V173,d045cc38,5f58d1d4,b45f1b2c,20260821,20260905,0
23V635,1735b247,bd40a909,ecc79160,20260821,20260905,0
23V670,f6bb39b2,84235d7f,470fff65,20260821,20260905,0
23E078,17de6287,ed817612,f530c67b,20260821,20260905,0
23V672,a1675685,fa0ed626,6564f924,20260821,20260905,0
23V675,059b0f20,b786ed75,da80e32c,20260821,20260905,0
23V676,b17e8194,83926ca6,c8447ca4,20260821,20260905,0
23E076,87a295a3,82d7fb9c,9c5c057e,20260821,20260905,0
23V680,03acf04e,245db01d,72192ec1,20260821,20260905,0
23V682,24ba3ed4,82a760ee,16c82998,20260821,20260905,0
23V684,6b285d37,1447b1ab,7d7aafba,20260821,20260905,0
23V685,3b2fbfc2,259ae6e7,1952d007,20260821,20260905,0
23V690,2bba2276,cbb1fbdc,e6233e6d,20260821,20260905,0
23V692,b60b2b46,e346621c,055bc40e,20260821,20260905,0
23V694,5f14dfcb,952013de,99b5aa1b,20260821,20260905,0
23V703,03010204,378553df,5cfa71ab,20260821,20260905,0
23V695,f00e0629,2c3b552f,d81f3412,20260821,20260905,0
23V699,e619e2d8,7224c487,e042fb2c,20260821,20260905,0
23V702,5c9b2bd4,a92e30e2,48f53ca0,20260821,20260905,0
23V701,6435e7fd,998af9a7,820187ae,20260821,20260905,0
23V705,daa5f5c9,66d88373,7aec4cde,20260821,20260905,0
23V707,5aeda475,a6ce4dcf,28a8d002,20260821,20260905,0
23V710,e3bea74a,95926b20,b3027eb8,20260821,20260905,0
23E084,0e1aef13,1d105752,5c196513,20260821,20260905,0
23V727,8dfd7a0f,2ac96944,1b6e97c4,20260821,20260905,0
23V729,3b5a43b2,449c7945,7982167a,20260821,20260905,0
23V770,d6731385,321bccc8,f9040d39,20260821,20260905,0
23V739,8223ecf1,ea3b9014,ffcd4b48,20260821,20260905,0
23V730,d0df8500,afe98066,7e8db682,20260821,20260905,0
23V733,fa546fc0,ab7742f4,21a42e2f,20260821,20260905,0
23V734,e8cedba1,0bbff2b9,2517c5e5,20260821,20260905,0
23V781,05d2e00f,27b36024,0e5e9bfe,20260821,20260905,0
23E086,2543bf64,774b23d9,d72f1ddd,20260821,20260905,0
23V736,6a9a46c8,b10670ab,829e33dd,20260821,20260905,0
23V744,341292a0,4256ab2b,8211c307,20260821,20260905,0
23C005,cc1802ae,d00e6205,8ae22e4a,20260821,20260905,0
23V748,aaa24019,f7e32c5e,042211e4,20260821,20260905,0
23V749,fb4330e0,10f98ffd,e5b422bb,20260821,20260905,0
23V754,dd8ea6b0,0818f6c5,1cdf1c6a,20260821,20260905,0
23V756,10d51b6c,ee84e8db,e6eed0e3,20260821,20260905,0
23V765,6b9e2906,2e56c312,f683bffa,20260821,20260905,0
23V753,84509388,44301f6e,3adbbd34,20260821,20260905,0
23V775,74b983b5,b1d47176,f45f16e0,20260821,20260905,0
23V833,57bcc1eb,09b2b260,c702f1f3,20260821,20260905,0
23V777,e821a7fa,5b8d4b78,746ec0aa,20260821,20260905,0
23V779,f4882ad5,a939625e,3bee6753,20260821,20260905,0
23V789,c9a41518,efbb4962,8500efba,20260821,20260905,0
23V790,a701e991,0912d813,955c4ec5,20260821,20260905,0
23V791,80ae04b8,a44d4a97,f2386f4d,20260821,20260905,0
23E091,ae106758,a7fc055a,dbc8995d,20260821,20260905,0
23V796,0a53fd17,7a5e79de,3587512a,20260821,20260905,0
23V799,b2379f3e,e69d40f0,e2091dd4,20260821,20260905,0
23V805,d40c9a60,703cb06d,09883bf0,20260821,20260905,0
23E092,5e27baa7,e69d40f0,eb7d05e1,20260821,20260905,0
23V787,c6ba095a,f4f5d532,36211f36,20260821,20260905,0
23V809,a7861933,f1e2993d,056c358f,20260821,20260905,0
23V811,c0081b40,8aacc69d,b582023e,20260821,20260905,0
23V814,6c405d2e,01145087,a2ec9cd8,20260821,20260905,0
23V816,bfc0d34a,2bc103cd,116224da,20260821,20260905,0
23V820,91ba7868,74f8d224,cfb4f8ae,20260821,20260905,0
23V823,e6ac16e6,98242463,4355188d,20260821,20260905,0
23V824,a6cec612,035a3ebb,c7c6f16d,20260821,20260905,0
23V826,1a33da7d,7b5f49dd,24f14d26,20260821,20260905,0
23V827,d4be87a6,9274c3ad,097a3360,20260821,20260905,0
23V839,a63cc4e1,008f3914,ebe6e85e,20260821,20260905,0
23V831,92486c79,a8e26a8a,7b2e0656,20260821,20260905,0
23V832,e0900430,9307e531,10ed5fbd,20260821,20260905,0
23V837,f3ccf40d,55abcd7b,a02c9741,20260821,20260905,0
23V842,3bef18c1,ce391d7c,87fe2285,20260821,20260905,0
23V843,da301bf1,138465ca,3befb130,20260821,20260905,0
23E093,071d2a1b,7dcb4b3f,667eb8b3,20260821,20260905,0
23V845,9eff1c74,1bb9ab07,ccf96ec1,20260821,20260905,0
23V848,1131e7a4,e14d5e29,838e3b9f,20260821,20260905,0
23V850,e7ae2c1a,20fefca4,22b23326,20260821,20260905,0
23V855,05099b1c,16e8532c,ae23c92a,20260821,20260905,0
23V869,314b2720,f554d5b9,a0555189,20260821,20260905,0
23V870,5a764012,563d718a,0c61dcff,20260821,20260905,0
23V874,b6cfe002,f281c80a,f82c2837,20260821,20260905,0
23V881,1de2fc6e,44bfdd27,2391dca7,20260821,20260905,0
23V883,1db05a2f,c7e54589,fa585b06,20260821,20260905,0
23V888,ea161e26,1046d203,d018c2ed,20260821,20260905,0
23V889,900794ec,a7fc055a,2d861092,20260821,20260905,0
23V894,a3bff3cb,1d105752,67a25e79,20260821,20260905,0
23V902,e9935dc3,87f17d03,fac26128,20260821,20260905,0
23V801,7fc321cc,0a08a2d7,c76ceb18,20260821,20260905,0
23V402,4972ae66,1a7750ef,0f997e25,20260821,20260905,0
23V540,d642f068,1745ecfe,14cb9e86,20260821,20260905,0
23V555,fd68c8e6,dd4f0a63,4216d1e8,20260821,20260905,0
23V786,e48003e1,6c09d695,09daf243,20260821,20260905,0
23V280,4d82a5ed,0bbff2b9,481288ab,20260821,20260905,0
23V281,1a5f9787,0bbff2b9,f8a08f71,20260821,20260905,0
23V027,91f4d8dc,703dc06b,86626563,20260821,20260905,0
23V601,f4cfc08d,4279bc2c,82e89edb,20260821,20260905,0
23V564,1f5173fc,2d132a38,2f352fb8,20260821,20260905,0
23V565,b0e51772,1a517dfd,0705e66f,20260821,20260905,0
23V570,2e3788da,a0e19933,476a9def,20260821,20260905,0
23V573,bd38873b,40935366,a94bba9b,20260821,20260905,0
23E060,ddbf833a,09fa2854,fdf099fe,20260821,20260905,0
23E064,1021f3e2,15ca41e6,c26633df,20260821,20260905,0
23V596,ad2c6599,685e2ea6,0eeb7c14,20260821,20260905,0
23V597,ffd73e37,bcd60672,617c0c2e,20260821,20260905,0
23V602,75da2c4c,5a673eb5,0213be4b,20260821,20260905,0
23V603,8f39724f,c37c66e0,1c9cd2d5,20260821,20260905,0
23V604,10187dff,1f32d4d3,052221bc,20260821,20260905,0
23V607,84cc1d41,0eed13e6,7c87c95b,20260821,20260905,0
23V616,2a3b9b8c,958991b0,d5560816,20260821,20260905,0
23V614,ea1d7350,a37b220d,841f926e,20260821,20260905,0
23V619,bd9b090a,5170e1cf,6548bf88,20260821,20260905,0
23V621,79c0bc88,42a7faa9,8726fb48,20260821,20260905,0
23V622,544e3f85,9cb07565,935c204b,20260821,20260905,0
23V624,0060f9a5,96b6bb8c,d6969ef2,20260821,20260905,0
23V636,c1e8d4db,345ef0af,9684c9d0,20260821,20260905,0
23E068,563bb929,b7d6dbcf,6f2d8d87,20260821,20260905,0
23E069,ed650bb7,2445da86,2a99459c,20260821,20260905,0
23E070,15e083f7,23bf1819,cbe9ebf6,20260821,20260905,0
23V666,48a64e07,703dc06b,0832cea6,20260821,20260905,0
23E075,d91fe2a8,3b7d6925,9e088934,20260821,20260905,0
23V674,79c3d7c7,563d718a,c393b395,20260821,20260905,0
23V677,1b83cba0,15598db9,5b0a3e52,20260821,20260905,0
23V678,3f1a7647,caebaf39,c87040ee,20260821,20260905,0
23E079,0a4c58ec,8aacc69d,83530b7a,20260821,20260905,0
23V681,45b17f31,81619b68,d8758301,20260821,20260905,0
23V686,18d34bec,0776e8ed,84ab44e7,20260821,20260905,0
23V688,377ef32d,de009976,6707e420,20260821,20260905,0
23V689,3f65ad4a,90568174,4e3ce1d1,20260821,20260905,0
23V697,91aadc8f,8777c2d1,e407bbd2,20260821,20260905,0
23V590,84d5dada,944d1876,f2ed3bcb,20260821,20260905,0
23E080,839f6f86,10f98ffd,3e1e1bf8,20260821,20260905,0
23V693,6c739a68,14846f6b,485dbcc1,20260821,20260905,0
23V712,2771804b,4223f4a6,d9e2aed5,20260821,20260905,0
23E082,9c542f35,14329011,55bc83d9,20260821,20260905,0
23V715,bf68f264,07fa6f1b,c3a30b29,20260821,20260905,0
23V716,a029d5b3,d84b8611,2dc68eaf,20260821,20260905,0
23V738,c76b9628,9bf0cb78,c80d10cb,20260821,20260905,0
23V728,f89a88a2,26b81015,cb537b01,20260821,20260905,0
23V731,85069108,10f98ffd,6579c822,20260821,20260905,0
23V740,3fcace83,8aacc69d,f965fcb0,20260821,20260905,0
23V747,50473030,f7e32c5e,74a3e3c2,20260821,20260905,0
23V750,0f03bb08,26dfb33e,758fdd12,20260821,20260905,0
23V757,6e962f91,245db01d,90808230,20260821,20260905,0
23V783,1b392675,b0123fe2,c23c8970,20260821,20260905,0
23V758,b9e5053b,ff5772b8,39306293,20260821,20260905,0
23E088,1fd2ffff,171978c6,9f82f90e,20260821,20260905,0
23V773,0782ef59,7dcb4b3f,9c31e1b9,20260821,20260905,0
23E089,95e0c832,0d74f09f,9c1c8e8a,20260821,20260905,0
23V785,aed76cb8,eedc62ca,1f5445ad,20260821,20260905,0
23E090,f442739f,f4f5d532,5005dd9f,20260821,20260905,0
23V788,5485de6e,7dcb4b3f,a8ea8628,20260821,20260905,0
23V794,86a96973,12017088,8cc69980,20260821,20260905,0
23V806,ae3dcb07,2ffc9dd6,1ee58ec9,20260821,20260905,0
23V807,f964a0eb,e5fa611e,4d9548f3,20260821,20260905,0
23V813,6c4c9bc1,8ee4100b,7b3dc35d,20260821,20260905,0
23V828,54515f6c,6d8e2c5b,a7fa34e5,20260821,20260905,0
23V834,a77de020,246961ee,cd5a3af7,20260821,20260905,0
23V836,d17904f2,deee3ccb,406c05a0,20260821,20260905,0
23V838,91730405,ef3c4825,2b32e26b,20260821,20260905,0
23V844,fca1622f,10d14c9f,ec409f0f,20260821,20260905,0
23V847,26151fe7,e0b7991d,c351f9b9,20260821,20260905,0
23V851,e6db6ab8,fe938c65,a67825bf,20260821,20260905,0
23V853,7eb8f3bb,e83bc436,8e853a67,20260821,20260905,0
23V515,c46fb691,b9a2531f,90452211,20260821,20260905,0
23V450,2ac722c0,18448c7d,59d2e092,20260821,20260905,0
23V454,d894dfdf,dd2c8781,527c35a1,20260821,20260905,0
23V455,c1d63cbd,777fb167,4f221b03,20260821,20260905,0
23V456,261444c2,19245235,0543276b,20260821,20260905,0
23V459,d117ba06,8468cc2d,c2d56960,20260821,20260905,0
23V463,6208176f,7ef03cb8,84f87cd1,20260821,20260905,0
23E050,b87b9eaf,83633b60,32c09054,20260821,20260905,0
23V473,a05f60ee,9fc7cc00,64a9f398,20260821,20260905,0
23E053,78b6bd89,4f8d0e9a,dbae01cc,20260821,20260905,0
23V477,f2547986,6c0ee1fc,7dea6048,20260821,20260905,0
23V478,5c0b589a,e5ea96e7,391f3b38,20260821,20260905,0
23V489,fed8c34d,178a946e,bc90a8ad,20260821,20260905,0
23V482,d5d65aa1,8aacc69d,07b97a43,20260821,20260905,0
23V495,ce5a3018,392de66c,1710e638,20260821,20260905,0
23V492,c3fe50fc,5a673eb5,070ec239,20260821,20260905,0
23V493,b0ff9f07,24185242,1d7b4f39,20260821,20260905,0
23T005,f2bf3320,c26f175c,107acd72,20260821,20260905,0
23V496,aa5d2603,9b2c733a,1f7ac915,20260821,20260905,0
23V501,a304976a,1ef50963,1b1cab47,20260821,20260905,0
23V500,0a24eb7a,2c1e78b5,67f4072d,20260821,20260905,0
23E057,390e5704,49df9194,19f5beae,20260821,20260905,0
23V575,f8801b39,4200b35d,37b624de,20260821,20260905,0
23V516,bc919603,0236533f,95efc841,20260821,20260905,0
23V517,dc1f5fdc,24185242,de2fa01b,20260821,20260905,0
23V518,723b1051,806dd75b,0d7475ee,20260821,20260905,0
23V521,ac6126be,f806b12c,a728a823,20260821,20260905,0
23V532,f48e17c3,3092fdb4,c6593489,20260821,20260905,0
23V546,d06c2d50,d43af9bc,16a8bd54,20260821,20260905,0
23V552,e565e445,3e3794f0,8a3f93e6,20260821,20260905,0
23V566,9dd971f3,703dc06b,4247d000,20260821,20260905,0
23V571,f6c20d2c,12a24be9,5ea73ca8,20260821,20260905,0
23V568,43db0e2f,50942675,a0279937,20260821,20260905,0
23V577,dd389989,32e8ff68,0d041111,20260821,20260905,0
23V582,fc1aa072,b2ea6ffa,9e881ca1,20260821,20260905,0
23V580,6c58eca9,643e8bc6,db9b41e7,20260821,20260905,0
23V581,85610854,88f9eaaa,e5ca645c,20260821,20260905,0
23V584,408e72b2,0da5cdcd,863ee395,20260821,20260905,0
23V586,7f750aad,39dab05c,05bb0269,20260821,20260905,0
23V587,e5bf52da,958991b0,a3399eba,20260821,20260905,0
23V592,5fa857fb,2c1e78b5,1363b957,20260821,20260905,0
23V600,ce7a89c8,9230490c,ae5ecfe8,20260821,20260905,0
23E063,208b3221,98eab136,fc1f1b18,20260821,20260905,0
23V594,330af65a,e4acaab1,9fa2ad5a,20260821,20260905,0
23V612,b714ede1,e0cc3032,a9f80f55,20260821,20260905,0
23V644,3ceb3a49,12d95b2a,d9a54543,20260821,20260905,0
23V015,79ab10d2,703e3a29,534a0cde,20260821,20260905,0
23V631,652f293e,f7e32c5e,bf86edae,20260821,20260905,0
23V595,97c149ad,d831aa2c,b9cec53b,20260821,20260905,0
23V605,cf8aba71,7d45faf2,3d9b6897,20260821,20260905,0
23V606,d3634c80,e4a395e3,5370b56d,20260821,20260905,0
23E065,22bf5b40,82f987ae,473654ee,20260821,20260905,0
23V609,ff724417,dbbe6478,f577b6f2,20260821,20260905,0
23V611,581cd1eb,b4a70fce,84a83a87,20260821,20260905,0
23V620,06ccb19d,ed36eb3b,67152a0d,20260821,20260905,0
23V641,56e1ba90,2445da86,9201123b,20260821,20260905,0
23V646,9fae9e6c,8ca26d2e,9fee19fe,20260821,20260905,0
23V647,38d33d37,6b5db775,fb24d992,20260821,20260905,0
23V649,784f37a8,266cd9d8,cacb3555,20260821,20260905,0
23V717,a7ebf401,4ebb6646,8e65e2e7,20260821,20260905,0
23V652,901a4e3c,88d9af80,b3365ffc,20260821,20260905,0
23V038,c720b8af,8c6defe5,93bbcf9e,20260821,20260905,0
23V668,d573585b,128108b8,fccbeea2,20260821,20260905,0
23V653,a9222d58,908af19f,7eca8c9a,20260821,20260905,0
23V654,808464cb,38b9e969,6fcde0a6,20260821,20260905,0
23V658,75624a73,2f2b14e2,1ffbb203,20260821,20260905,0
23E074,16ed6935,b4fcd1e0,5c93957d,20260821,20260905,0
23V671,c1772895,48e35ec7,82731773,20260821,20260905,0
23E077,3369479c,6290f805,fe1f37cc,20260821,20260905,0
23V679,e202405b,e8743959,9ce26956,20260821,20260905,0
23V698,a2976e5e,2c944f33,4830ce9a,20260821,20260905,0
23V683,8b777861,bdf1a7f7,3e3b5f80,20260821,20260905,0
23V700,e55a5952,15c296a9,81fea6bd,20260821,20260905,0
23E081,09bd9acf,b04696f0,82c07030,20260821,20260905,0
23V709,f261e018,d31e95e2,3211a37b,20260821,20260905,0
23V711,a1ac8154,2bc103cd,0c7de61d,20260821,20260905,0
23V713,e7bad4d6,7904580b,618f1a09,20260821,20260905,0
23V718,39cf3634,a9566f44,68038019,20260821,20260905,0
23V720,72fe7ca4,3104daf5,0df057a7,20260821,20260905,0
23V203,8a05694c,83633b60,03db13d4,20260821,20260905,0
23V213,8118b700,98a87839,b200e6f4,20260821,20260905,0
23V216,0c86da87,587aae3e,57e905a5,20260821,20260905,0
23V217,1d1e4972,f00b05db,436c2584,20260821,20260905,0
23V220,113cf1cc,ab53ad7a,2321ab92,20260821,20260905,0
23V221,e40f5a04,6bc569d3,287abd8f,20260821,20260905,0
23E027,441bc775,38e1eac3,4ad27b9f,20260821,20260905,0
23V231,cd4da248,bed8015c,8fb4bcd0,20260821,20260905,0
23V287,e5dba118,68b565bc,e1e45d64,20260821,20260905,0
23V235,22653004,20d63735,d850870d,20260821,20260905,0
23E029,617130f4,fd215053,96204716,20260821,20260905,0
23V237,5944b431,fae9943b,ad831276,20260821,20260905,0
23V250,868f2a5e,749483e0,d8a96878,20260821,20260905,0
23V253,1cc62861,31085060,2879a14f,20260821,20260905,0
23V255,39c1c581,af78397e,e7efbef6,20260821,20260905,0
23E031,59d05eab,b2a7ab7d,047e67cf,20260821,20260905,0
23V262,e5befc62,38e1eac3,6596f06a,20260821,20260905,0
23V263,221457af,f4af1d3c,ef5a6f9a,20260821,20260905,0
23V289,7f5f79b3,4d54cae1,9a7d39fb,20260821,20260905,0
23V264,9e0d5590,3e373732,03558f27,20260821,20260905,0
23V267,7f63ceff,d9465c2d,3a1eee00,20260821,20260905,0
23V268,bb356b0c,15561bd4,7837223c,20260821,20260905,0
23V273,55ee922d,3e559c74,480cbb88,20260821,20260905,0
23E033,650c0ca9,fb900380,a69886cd,20260821,20260905,0
23V274,15a854e6,24185242,d73583d0,20260821,20260905,0
23E034,2f3cf906,95a97d8a,8491dfec,20260821,20260905,0
23V284,4a611807,d9465c2d,9e665bba,20260821,20260905,0
23V286,dddb15eb,24185242,fef0eafc,20260821,20260905,0
23V293,a6a8f250,79043923,ce1da614,20260821,20260905,0
23V294,cef2f716,c064c2ec,f635aac6,20260821,20260905,0
23V297,a7091b48,617dcf8c,6dd151f1,20260821,20260905,0
23E036,a24e45cc,134ba0d1,3f050229,20260821,20260905,0
23V306,077947b2,55abcd7b,666b899f,20260821,20260905,0
23V311,d5b1f0db,42b58e84,f4917768,20260821,20260905,0
23V312,90efbc4a,98a87839,12e36465,20260821,20260905,0
23V319,b303bdfe,ffe227fd,7ae48b2c,20260821,20260905,0
23V318,801608c2,8f9babba,6566b076,20260821,20260905,0
23V334,1af288eb,0236533f,87333c4d,20260821,20260905,0
23V342,51d8d71f,449c7945,800ead1c,20260821,20260905,0
23V346,f001ea49,f62c5929,9a928982,20260821,20260905,0
23V348,3f1207c2,3663580f,63cc68e7,20260821,20260905,0
23V356,f41ead1b,10ce3782,a1777bcf,20260821,20260905,0
23V386,b1f1434f,6b6e6189,0e29dc73,20260821,20260905,0
23V389,a3c26ccd,c6193b88,9aa2cad0,20260821,20260905,0
23V391,f24d4086,eb1b9cf9,fc5b2f66,20260821,20260905,0
23V392,f1c5f11c,51ea2cc0,e449cd29,20260821,20260905,0
23V395,82d1737e,220e70f6,7d00803c,20260821,20260905,0
23V396,ba0fd2c8,378553df,fa82aa27,20260821,20260905,0
23E043,4455c2ac,b5a23a63,05b63ee3,20260821,20260905,0
23V414,b5d2b03a,90594588,917d7e07,20260821,20260905,0
23V417,45152942,56f9d759,85d6f5cb,20260821,20260905,0
23V412,ac79dd8c,ea8cebd7,9fca7834,20260821,20260905,0
23V422,3efee73b,f1cb2b61,bd7c1f99,20260821,20260905,0
23V425,17eb0084,14773fed,91dcc364,20260821,20260905,0
23V434,8db8f159,6e3540b4,0c8a47b3,20260821,20260905,0
23V429,1c32a9d4,8b738ff7,04e3bf72,20260821,20260905,0
23V430,89930423,352de80d,e143b413,20260821,20260905,0
23E046,0f115d8e,777fb167,c3497787,20260821,20260905,0
23V443,d8212747,986a573d,4d105418,20260821,20260905,0
23V444,0a93d139,44bfdd27,9da6894f,20260821,20260905,0
23V458,fe8d1e73,4202a305,03054846,20260821,20260905,0
23V462,5b062748,44bfdd27,667d8966,20260821,20260905,0
23V468,8a590698,e87d268a,8e9fda87,20260821,20260905,0
23V472,1d9fb61e,4afd5b39,ca5b5dc2,20260821,20260905,0
23V475,dcc85214,f6935d5c,2399b667,20260821,20260905,0
23V483,deb98a6e,21a9f26d,4e09ed37,20260821,20260905,0
24V744,1406811c,775dc344,fd668420,20260821,20260905,0
24V470,2b3a9880,220c2800,42bdd05e,20260821,20260905,0
24V471,c5c85c73,4aae4354,2345e5af,20260821,20260905,0
24V001,a2010f73,1d105752,b3da091a,20260821,20260905,0
24V009,49ffe99e,1d105752,4be29424,20260821,20260905,0
24V017,93effc02,2a52a226,bfaa4160,20260821,20260905,0
24V029,5c717c59,1804770d,6858602a,20260821,20260905,0
24V033,625394fc,0c33c7b3,3d803c78,20260821,20260905,0
24V049,d2210f63,42b58e84,55f31c42,20260821,20260905,0
24V042,ba9d276b,585ddbb6,2798f123,20260821,20260905,0
24V043,4fafecf1,04e6d3ac,86e7b864,20260821,20260905,0
24V046,74ef3d6c,149e0c59,fe629772,20260821,20260905,0
24V050,a75401cc,08bc5770,54994d63,20260821,20260905,0
24V059,454baaf1,9ea4c5a3,c657aa2a,20260821,20260905,0
24V065,ea68ca5e,1daa818d,2c2fbc69,20260821,20260905,0
24V118,386b14a3,15f9fb14,5300a788,20260821,20260905,0
24V068,3a6a2466,a8581398,19c74a83,20260821,20260905,0
24V071,8a71ad64,0776e8ed,fde2aa89,20260821,20260905,0
24V079,e157d0d8,e94cc3c6,452bb093,20260821,20260905,0
24V083,4d466381,294dea53,b1f83e80,20260821,20260905,0
24V086,218a9e69,8df39696,2232dc31,20260821,20260905,0
24V087,c6c92ce9,6da0541b,4b16885a,20260821,20260905,0
24E010,37d4e265,04e50ce4,f3bb198b,20260821,20260905,0
24V091,84fdc596,555e4d2e,0154420c,20260821,20260905,0
24V093,62475198,cbb1fbdc,2bbfc534,20260821,20260905,0
24V095,d15886b9,8b738ff7,68ad4a69,20260821,20260905,0
24V097,e7738dda,fd8eb612,881806c5,20260821,20260905,0
24V100,cfa2bcaa,5e5dad4a,7a829803,20260821,20260905,0
24V101,248e98fa,89d1f281,acd2fcf2,20260821,20260905,0
24E017,f5c0e7d7,2a4c585e,96d9beaa,20260821,20260905,0
24V120,ab5ba81e,bc19b345,64a64ef6,20260821,20260905,0
24V126,d6c04748,1d105752,317a30ff,20260821,20260905,0
24V133,a051f673,0d04f7d2,97282914,20260821,20260905,0
24V136,29f1bc4e,cd428fb0,8fed0dcf,20260821,20260905,0
24V144,3ac3673e,4bf0ba21,5023b272,20260821,20260905,0
24V148,857bb163,ca90a077,dd63c9af,20260821,20260905,0
24V153,f531375d,8a37202b,90984264,20260821,20260905,0
24V155,94afd405,bc2a34b7,6d42c5bc,20260821,20260905,0
24V160,6c13f3b2,2ffcf110,fed5750c,20260821,20260905,0
24E037,d98e239c,9e7da26c,752ff7a1,20260821,20260905,0
24V655,ff7a2710,ec43f6de,190179ce,20260821,20260905,0
24V158,cb71b468,b89a7677,ad94d9eb,20260821,20260905,0
24V163,0eecb89f,91f3b352,bb4ed5a6,20260821,20260905,0
24V168,753a15eb,2bc103cd,abacd6af,20260821,20260905,0
24V169,8167750f,2da71ab4,53e3c10f,20260821,20260905,0
24V172,0c66f1c6,847340ab,13e39a66,20260821,20260905,0
24V174,13335afd,1fa3c7aa,9371d065,20260821,20260905,0
24V178,c916e6f7,cbb1fbdc,b25e8cbf,20260821,20260905,0
24V179,9a194604,6aafd3f6,e261f5a9,20260821,20260905,0
24E023,2b441f3c,3bcae15b,8e63fdbd,20260821,20260905,0
24V207,e64cc3b9,bd63bb36,a6fee74a,20260821,20260905,0
24V199,02d89973,646fd391,76a2107d,20260821,20260905,0
24V234,f868d5bf,7e707003,c8cbb443,20260821,20260905,0
24V235,a301bf95,7e707003,086e6c74,20260821,20260905,0
24V261,2414d461,17f0831d,3ef251b5,20260821,20260905,0
24V258,ce8d6f52,1d105752,11bea084,20260821,20260905,0
24E025,9699a1ed,646fd391,24b9391f,20260821,20260905,0
24V209,bf87e31d,13b72e87,e29ba939,20260821,20260905,0
24V211,9a206f12,517816c4,f7e7a507,20260821,20260905,0
24V212,796ade39,449c7945,776c212d,20260821,20260905,0
24V232,efcee47b,a12359f4,536c7d2f,20260821,20260905,0
24V220,63c3dcda,ce8acc7a,9b578f56,20260821,20260905,0
24T001,9699ced4,f94469d8,775df208,20260821,20260905,0
24V228,4a03f7ca,0ad7a7cf,ed5cd4ac,20260821,20260905,0
24E028,dcf34f63,7e707003,1d71c9f9,20260821,20260905,0
24V236,89a9e38b,7e707003,62161769,20260821,20260905,0
24V238,655f9c73,d64df0ca,c177a9e5,20260821,20260905,0
24V242,a4617350,83dbd4a7,8688af80,20260821,20260905,0
24V243,f174eb2c,4dd6f240,2a9fa5ed,20260821,20260905,0
24V244,784f37a8,266cd9d8,a1ddb152,20260821,20260905,0
24V246,bc851f77,bcf00294,3151990c,20260821,20260905,0
24V248,f46ad629,8c5e3f18,7aa18f38,20260821,20260905,0
24E031,fb46e5ce,727c063a,28732190,20260821,20260905,0
24V265,455ccbdb,a6de3b9c,43fa6713,20260821,20260905,0
24E032,222487fa,295fac9b,c60001bf,20260821,20260905,0
24V268,eff97467,7e707003,68c95b9e,20260821,20260905,0
24V270,cc6c2bbc,9935463a,b13d20f2,20260821,20260905,0
24V274,ca92917b,7f0a3243,f849a724,20260821,20260905,0
24V276,a290ff2b,c32abc27,d735e636,20260821,20260905,0
24V278,f88198b9,e442c37d,4dcafa12,20260821,20260905,0
24V279,a090cfc7,80b59a1d,9c4d9677,20260821,20260905,0
24V286,beb62ebe,7c342708,ff5743a9,20260821,20260905,0
24T004,1bb86bbb,0404ce9a,c818ba29,20260821,20260905,0
24V289,0f65e2c4,4ceb863f,832e8327,20260821,20260905,0
24V294,e5702115,cd078fb2,f389d4e3,20260821,20260905,0
24V299,cf3df7ff,7e707003,5b1b042a,20260821,20260905,0
24V307,b549adff,1d105752,ba9e05f3,20260821,20260905,0
24V312,6576ffcc,bbe97429,39028aba,20260821,20260905,0
24V726,e563f068,0ad7a7cf,07ec2234,20260821,20260905,0
24V729,b323eb44,75dbefa6,a4d7bac0,20260821,20260905,0
24V727,3c164b3a,1daa818d,26f3266f,20260821,20260905,0
24V742,31335cc0,13984825,10e80d83,20260821,20260905,0
24V743,781a6134,867662c4,9309636e,20260821,20260905,0
24V264,be37d34a,b119f946,c3f2d27b,20260821,20260905,0
24T014,a67e7fba,f94469d8,8654937b,20260821,20260905,0
24V125,f4925732,ccf91b6e,330dc774,20260821,20260905,0
24V061,a34e9049,59308d8d,e8cf0960,20260821,20260905,0
24V404,5fc9f1da,1daa818d,85334969,20260821,20260905,0
24V782,27cb265d,6fdb2079,7bfec104,20260821,20260905,0
24V584,2d81b996,6bcc0276,b83ec10b,20260821,20260905,0
24V781,7d669875,6fdb2079,7bfec104,20260821,20260905,0
24V603,3ec278cf,1daa818d,319cb5ab,20260821,20260905,0
24V657,43333820,bfa23ee2,c9b1a99b,20260821,20260905,0
24V662,276620c6,aa681325,ac3bdf0d,20260821,20260905,0
24V665,33e5c4e7,b10670ab,0902b5f4,20260821,20260905,0
24V668,c7ad5b36,4143ef58,a04b0f7c,20260821,20260905,0
24V670,e115bf92,79186042,ca694516,20260821,20260905,0
24V682,c26ba1b5,2b8735f9,fdbcb5b6,20260821,20260905,0
24V683,50fe281f,e010947a,9110fc14,20260821,20260905,0
24V703,a3226089,d7a7c086,24d12f07,20260821,20260905,0
24V859,95079bc1,0314b737,2e54772f,20260821,20260905,0
24V443,f08ef338,9e97a5b7,ceb1d0fe,20260821,20260905,0
24V917,d824171e,d97dbe33,74fdc25c,20260821,20260905,0
24V963,25a2043c,06335c59,5a63e811,20260821,20260905,0
24V860,28b3c108,a8cba68b,df50810f,20260821,20260905,0
24V865,3648f547,744954b1,b846d80b,20260821,20260905,0
24V866,4cca8e8f,4f972378,e6a8cc0e,20260821,20260905,0
24V871,10e0ef10,464a064f,1cf5de6d,20260821,20260905,0
24C001,e4b05785,f167becf,87616515,20260821,20260905,0
24V874,fda18ac1,05e8defe,01c357ff,20260821,20260905,0
24V927,0713010f,0df5c9d5,0965936f,20260821,20260905,0
24V840,030d5529,7ef65bf9,a033086d,20260821,20260905,0
24V875,b075ba14,3c322e07,1b6224d8,20260821,20260905,0
24E098,8429be73,d40fe5a2,f819dd1b,20260821,20260905,0
24E099,a334ea74,03f1e01c,88a25d58,20260821,20260905,0
24V888,6e96eb1a,c9b09888,c2786e42,20260821,20260905,0
24V889,28e0e0e8,4f7fa87d,ef3b1791,20260821,20260905,0
24V890,fb537971,addd009a,06cbe752,20260821,20260905,0
24V905,b0b0429f,921fb9e3,c04a243c,20260821,20260905,0
24V910,2420e849,cf7dfcae,b02855bf,20260821,20260905,0
24V916,0c8ca043,19fa22b0,e1a8958d,20260821,20260905,0
24V918,57fba3ef,7d2d5340,5c82bc5a,20260821,20260905,0
24V968,9022308e,2198f1f8,104d6c52,20260821,20260905,0
24V928,f98455f4,3c322e07,de64f41c,20260821,20260905,0
24V929,4b1fa1f4,0907f576,e91d762b,20260821,20260905,0
24V933,9a24a9d0,c335eb44,e05e6394,20260821,20260905,0
24V934,4b87070b,4b1aed28,6dd24b02,20260821,20260905,0
24V935,88ac8765,fb468e77,e803d56b,20260821,20260905,0
24V942,51282b0e,bdafc91f,12a5ac00,20260821,20260905,0
24V943,de906d1c,e4da3252,3e0edf7f,20260821,20260905,0
24V957,a2ba90b5,01e82223,91e24d8a,20260821,20260905,0
24V555,2cd70f87,772ef269,b4c722bd,20260821,20260905,0
24V563,753cab98,04dd4bb4,c70cc673,20260821,20260905,0
24V568,ac54d464,824f4a3a,6b328a4e,20260821,20260905,0
24V569,cf8d2e91,2957e355,c310a78f,20260821,20260905,0
24V579,4fe5b110,8457bf6d,a14da8e3,20260821,20260905,0
24V585,707b4caf,363f93ad,8fcb75f1,20260821,20260905,0
24V587,06593d21,44bfdd27,a1539a4b,20260821,20260905,0
24V590,cfa183e2,e010947a,bb407daa,20260821,20260905,0
24E067,80637bc1,08fe33c3,c78b89d3,20260821,20260905,0
24V597,6007db2b,cfc47fe2,ef32e984,20260821,20260905,0
24V005,803dbec2,ff4e5ede,94c1ecdb,20260821,20260905,0
24V600,15d2c529,2c1e78b5,2de03bab,20260821,20260905,0
24E068,0b1c91ff,4c956faa,a099f652,20260821,20260905,0
24V609,488c8026,15f9fb14,badaf7ce,20260821,20260905,0
24V611,f6eecaca,1a00a6e0,ecc0c182,20260821,20260905,0
24V613,2751830a,bcbd5eab,01084a41,20260821,20260905,0
24V617,b1310819,ace1e0e8,f59fd8cf,20260821,20260905,0
24V618,9e4dc331,29ea4d0f,06060f82,20260821,20260905,0
24V622,b0c00449,7e707003,4d842224,20260821,20260905,0
24V626,5d6a43b9,e312a2ad,461fd628,20260821,20260905,0
24V629,27d38957,ba4e93bf,c6c129c3,20260821,20260905,0
24V631,91321f0d,772ef269,3561e6be,20260821,20260905,0
24V636,ca0a1496,924dc523,b5c07dc9,20260821,20260905,0
24V638,c830bdfe,703dc06b,3b4313ea,20260821,20260905,0
24V642,b3a9b82a,80ffce0a,71c89468,20260821,20260905,0
24V644,ab8ede4a,782ea984,bdf89ca2,20260821,20260905,0
24V645,50268eb9,95a90302,8d1a647e,20260821,20260905,0
24E074,6e1e011d,d34fa5fd,996eaee8,20260821,20260905,0
24V640,964f4d9f,b45c7039,b1ec820e,20260821,20260905,0
24V633,ab0f566e,0df5c9d5,d8a349b1,20260821,20260905,0
24V652,3082677d,b8287438,8414ca9d,20260821,20260905,0
24V687,51d8b5a7,70900657,151da4b2,20260821,20260905,0
24V695,9329f6e4,f19a02bb,c5f0ad74,20260821,20260905,0
24V676,46a1c58c,579638e9,c1f66098,20260821,20260905,0
24V699,ddab1df8,1daa818d,e47c1b15,20260821,20260905,0
24V679,58df6eb4,994b01cf,a730a8c3,20260821,20260905,0
24V705,735f0173,3d32bbcc,1b31a701,20260821,20260905,0
24V707,b9957f29,983422f2,456cc876,20260821,20260905,0
24E078,0c1b7605,15f9fb14,921eeabf,20260821,20260905,0
24V713,e51c630c,240e6417,422dd10d,20260821,20260905,0
24V717,c8bc61d2,cc1594d8,45815547,20260821,20260905,0
24V715,4f9770bb,44bfdd27,0cbecb43,20260821,20260905,0
24V732,6eb203e4,41ce82a8,1bdeee6e,20260821,20260905,0
24V737,1a491d5d,37b14a7c,6d1b6b9e,20260821,20260905,0
24V738,73b79e0d,d1d50ec4,fb04d16a,20260821,20260905,0
24V739,58eaecf0,72dd5dfa,011809bd,20260821,20260905,0
24V740,472c6f94,ccbb67ce,326bb1e0,20260821,20260905,0
24V741,82d52d41,f545c9e4,6ce1a895,20260821,20260905,0
24V760,14358be3,3ce0e1b1,c5130d56,20260821,20260905,0
24V749,86a334b0,9ad711ce,8953e580,20260821,20260905,0
24E083,5cab69ae,180ce252,bd9de412,20260821,20260905,0
24V756,471642b8,634e8d76,c549fd86,20260821,20260905,0
24E086,4739ed18,e0b1a5b2,f46b2aef,20260821,20260905,0
24E087,2c6d06bf,d97dbe33,5efc88a9,20260821,20260905,0
24V765,5ae29ad8,f806b12c,4204bd62,20260821,20260905,0
24V774,6d7bf097,d93b60a7,97b9bd0d,20260821,20260905,0
24V780,6e7bc262,e6bbc34d,2b5569a8,20260821,20260905,0
24V783,d67ec82c,b7bd5fff,aad5d659,20260821,20260905,0
24V798,3ca95601,b7a4552c,ae8e73d2,20260821,20260905,0
24V806,bc560553,3577a77b,982237a8,20260821,20260905,0
24V825,2ae2ae45,88983a61,9fff86ce,20260821,20260905,0
24E093,d3c31eb1,a8243ad6,fa4a0ac0,20260821,20260905,0
24V832,6af36e90,44bfdd27,6bfd3205,20260821,20260905,0
24V834,f38b1b12,e19b32de,703e0f56,20260821,20260905,0
24V835,82329a07,e4da3252,a63a498b,20260821,20260905,0
24V848,c91f1d10,c814d780,9f47efa6,20260821,20260905,0
24E095,2cd9892a,6c0d9919,9c5ef956,20260821,20260905,0
24V858,2262bf1e,cb21e914,a1bc288f,20260821,20260905,0
24V746,36555e23,9081d9d9,865be909,20260821,20260905,0
24T011,98f511af,68e4c289,25324012,20260821,20260905,0
24V751,e86f6565,2bc103cd,fbf4b9cf,20260821,20260905,0
24V753,9d15d0e0,012012b9,73f16765,20260821,20260905,0
24V754,f22316cd,180ce252,6afa2e13,20260821,20260905,0
24V759,aa1ca607,427c3b39,54a6ed00,20260821,20260905,0
24V761,7dbe4bd7,107f5372,3cbca82d,20260821,20260905,0
24V762,b64c4e72,163b73b0,0ac9fce4,20260821,20260905,0
24V779,11e2dc64,5692c1b5,bab923ec,20260821,20260905,0
24V771,dda902cf,aa681325,dece1764,20260821,20260905,0
24E088,67ef53d9,1fd83560,821ec5b5,20260821,20260905,0
24V802,e978fd8c,92d6e777,9abc5c26,20260821,20260905,0
24E089,821c8ae4,4451ba19,a81c0480,20260821,20260905,0
24V789,b321a768,15f9fb14,5e25b5c1,20260821,20260905,0
24V827,428a7cf7,1e52550b,e073658f,20260821,20260905,0
24V790,e4b92dab,e0b1a5b2,c8ec66b6,20260821,20260905,0
24V799,898a78bc,40efa1a6,95a12e98,20260821,20260905,0
24V793,6b4cb9d8,f84fa115,5b5d5a06,20260821,20260905,0
24V795,120689d3,97fbca30,93d08af5,20260821,20260905,0
24V801,6a1d62cc,24c66173,f152bca9,20260821,20260905,0
24V810,7225b8e8,6257a56d,1ce3e98b,20260821,20260905,0
24E091,7f241d9f,c47fee0d,9c67e836,20260821,20260905,0
24V812,5656bc4c,86c7f84d,0c64b6e9,20260821,20260905,0
24V815,b3a5d349,8161d09a,c546f168,20260821,20260905,0
24V820,3951a021,9409c4c8,fe4def21,20260821,20260905,0
24V828,0aa60375,c4458d21,21c361b7,20260821,20260905,0
24T013,849af946,841f0d88,461bc777,20260821,20260905,0
24V843,d7df1033,9b7a0a94,eaf25ecf,20260821,20260905,0
24V846,4ec34fd3,633187fb,cbd90a71,20260821,20260905,0
24V850,3837c48a,53405c37,d855f3ec,20260821,20260905,0
24V852,477c6086,b4a7b2c3,0d1949d8,20260821,20260905,0
24V854,66832df6,2ad1c2f4,498567b1,20260821,20260905,0
24V867,78611578,1daa818d,0150afa4,20260821,20260905,0
24V869,f44dd481,e1390f45,a52505a8,20260821,20260905,0
24V872,37e24375,10c6730c,7e1d9ac5,20260821,20260905,0
24V873,2fde4d3a,77be13ee,726609fb,20260821,20260905,0
24V877,f5aeeb51,b1086c1b,cd7a0e0f,20260821,20260905,0
24V882,d51a584a,6a7557fc,5d95694d,20260821,20260905,0
24V883,4de6d477,d47d3992,d2c19c0f,20260821,20260905,0
24V884,046c72fe,55c7ce90,6c566e2e,20260821,20260905,0
24V887,04db4d99,607b85a9,6244d011,20260821,20260905,0
24V893,de1a9708,5ebc4d1d,0d7ac783,20260821,20260905,0
24V895,cd2dddff,6ef6ae14,f300d929,20260821,20260905,0
24E100,7631d293,159ca003,942efddb,20260821,20260905,0
24V908,11d57675,cbb1fbdc,8a770a4a,20260821,20260905,0
24V912,5ece39c3,42a9d159,421b0fb0,20260821,20260905,0
24E101,46d82367,c8f2b618,0e0bdecd,20260821,20260905,0
24V913,9590d1fd,5048be1c,f2694df2,20260821,20260905,0
24V919,329fda91,b7790b62,aa9bf3ac,20260821,20260905,0
24V920,0a7a45ab,703dc06b,fcb7ac95,20260821,20260905,0
24V958,7b0dd976,25dd19f4,c4c89345,20260821,20260905,0
24V924,04be277b,b1944493,3c758cf5,20260821,20260905,0
24V925,251e2efa,40cfe71d,7f13297c,20260821,20260905,0
24V939,2fe4051d,292741c0,6c7b419f,20260821,20260905,0
24V941,cf8a030e,f8d25bf6,a2a13ff7,20260821,20260905,0
24V944,47417ef3,6bcc0276,3b3228e8,20260821,20260905,0
24V947,c1e591d3,3577a77b,9f9f2958,20260821,20260905,0
24V952,ed801275,b4d29484,eea2c92e,20260821,20260905,0
24V970,94bdff35,e2605382,df2dff46,20260821,20260905,0
24E110,75903c3f,d693bd81,56513544,20260821,20260905,0
24V697,4344613f,45d4654e,68513663,20260821,20260905,0
24V477,012c3f66,6bcc0276,6c6692ff,20260821,20260905,0
24V903,a090a6ec,db289af0,90caefcb,20260821,20260905,0
24V767,27334f7b,e6bbc34d,199ac9dd,20260821,20260905,0
24V625,0ff68372,170a5354,98d2a614,20260821,20260905,0
24V612,9f1488fa,efbe5dd2,8255d77c,20260821,20260905,0
24V547,79413b36,1daa818d,8daad05f,20260821,20260905,0
24V302,eeb2e0ac,8610132d,9c18792a,20260821,20260905,0
24V039,946958f5,fd0cbdd0,16ff6752,20260821,20260905,0
24V099,c1d567e8,3ea09b75,066f2a81,20260821,20260905,0
24V192,bd53cab5,1bdcfeb0,94d5001b,20260821,20260905,0
24V680,49140116,f50da1b1,76fa0cd5,20260821,20260905,0
24V826,3a20bb28,f3a75f77,abf1e3dd,20260821,20260905,0
24V733,e7cd7517,fff1900a,5521c369,20260821,20260905,0
24V330,02a61f27,1daa818d,5b3f98a7,20260821,20260905,0
24V173,fc516a1b,03f2c8c3,9be31fdc,20260821,20260905,0
24V647,90eacec5,55123f53,c65d4e24,20260821,20260905,0
24V791,a84bc714,83cd5b9d,980f965d,20260821,20260905,0
24V792,91757ee7,e0b1a5b2,4c370d07,20260821,20260905,0
24V145,edc3760f,7495e51f,eb389d79,20260821,20260905,0
24V964,e170738b,5c3bf338,7dccf6e5,20260821,20260905,0
24V712,8893064d,8877dac9,31d73f3e,20260821,20260905,0
24V700,1f9424a6,523f2003,3d330f26,20260821,20260905,0
24V459,84dc0c81,4b7c4871,8d1ee8f2,20260821,20260905,0
24V131,835914bf,8b738ff7,de61cc4a,20260821,20260905,0
24V190,873342ce,6da959fa,7dc72377,20260821,20260905,0
24V451,7f18ad65,0fa281a7,4a9a203e,20260821,20260905,0
24V124,1de0685d,f8852cfd,7575cb9b,20260821,20260905,0
24V129,70c70cd8,bbe97429,e89f7d63,20260821,20260905,0
24V134,8e75d4de,dbbe6478,078ae292,20260821,20260905,0
24V140,590d7f5e,7bc09c30,dc26b73a,20260821,20260905,0
24V142,384a45e8,66d99f32,4f40991a,20260821,20260905,0
24E024,89bb5ee9,86d91bd4,a71dd600,20260821,20260905,0
24V201,89c5c304,a062d306,231a2128,20260821,20260905,0
24V202,c2a41219,650631bf,76a527bf,20260821,20260905,0
24V210,5ab0f03d,65b691a3,dd95d106,20260821,20260905,0
24V224,46e224b7,44bfdd27,c002ca58,20260821,20260905,0
24V239,ddcefd40,75dbefa6,c668e0c1,20260821,20260905,0
24V241,fe756d90,83dbd4a7,db44fc6c,20260821,20260905,0
24V252,987e1506,64292da8,9b9a17b2,20260821,20260905,0
24V256,001ed08a,4d561fdb,10ee6d9f,20260821,20260905,0
24V262,1b141c54,f7251261,0a6b184f,20260821,20260905,0
24V269,4f080d3e,1051de53,37681e56,20260821,20260905,0
24V388,ad2f2d20,653e681f,29b2d4e2,20260821,20260905,0
24V275,279c6159,3e324438,30ed80ad,20260821,20260905,0
24V305,19100e0d,cb4d12ce,1d48457a,20260821,20260905,0
24V277,4580fae8,a7fc055a,f733b4a6,20260821,20260905,0
24V283,d2f24333,0ce4b5cb,2bebde8c,20260821,20260905,0
24V288,84a30a31,fd9b2f25,d46f9937,20260821,20260905,0
24V310,523647e2,3ea11ecc,c34c59e7,20260821,20260905,0
24V290,883243bb,90568174,4eed359b,20260821,20260905,0
24V293,54ca9961,6cb95593,0c3b7c2c,20260821,20260905,0
24V298,aa49f9c5,ba430bff,8070cdea,20260821,20260905,0
24E035,32f2e35d,fd9b2f25,9bde3766,20260821,20260905,0
24E036,1437da6a,b04696f0,d42b5aac,20260821,20260905,0
24V332,3a130bbf,5b9b7def,78dab0dd,20260821,20260905,0
24V345,17aeca9c,b5128517,640fdb60,20260821,20260905,0
24V351,18141691,a66de638,03a76f68,20260821,20260905,0
24V346,5a89a290,16107ad6,0c1ed1e2,20260821,20260905,0
24V347,7a095072,1d105752,e3e62028,20260821,20260905,0
24V349,708652b9,5c296bcc,d716e287,20260821,20260905,0
24V357,3572e511,1db26d56,c1fb6e39,20260821,20260905,0
24V359,9dab9ce4,a26d6e02,3e4a30ba,20260821,20260905,0
24T006,39b1cab1,ed046c6a,8fc177de,20260821,20260905,0
24V362,8d8ccb33,a6a4accc,1401f189,20260821,20260905,0
24V375,e725f43f,f1085d52,8114b7f3,20260821,20260905,0
24E040,d9efa302,171978c6,d97e29a7,20260821,20260905,0
24V380,f251ce6a,44bfdd27,3bb017d3,20260821,20260905,0
24V381,a72dd4e3,1daa818d,cf6ad5bc,20260821,20260905,0
24E042,4ee0d3ad,0f7079e0,80136766,20260821,20260905,0
24V389,65c528d8,7e707003,30a915ca,20260821,20260905,0
24V855,44ccf291,79266405,df995d19,20260821,20260905,0
24V878,e623bffa,4947bd99,3a8ddd89,20260821,20260905,0
24V879,f3d452f2,21e95431,1906d013,20260821,20260905,0
24V885,50dc4c1e,d40fe5a2,77a24ee2,20260821,20260905,0
24V900,f0e80424,2c1e78b5,05a57cd9,20260821,20260905,0
24V896,9d825196,159ca003,9de222bb,20260821,20260905,0
24V897,c5e96291,f84fa115,728538be,20260821,20260905,0
24V902,b6942036,aa681325,e09fd36a,20260821,20260905,0
24V904,7961aa7f,97ee793d,0326ea4a,20260821,20260905,0
24V906,469005f6,83dbd4a7,8471efba,20260821,20260905,0
24V907,7b72845b,fa4b5939,65266273,20260821,20260905,0
24V909,2df51572,b1166819,d8188aa5,20260821,20260905,0
24V911,acb665c3,4e7b89e6,89f0600d,20260821,20260905,0
24E102,7cf31670,ef501caa,ca973779,20260821,20260905,0
24V002,0e6ee6ff,5d8f990e,f6c6ffb8,20260821,20260905,0
24V914,71928496,03f1e01c,c676b362,20260821,20260905,0
24V115,f425396d,65922d9e,7b9d0a86,20260821,20260905,0
24V117,14fd423b,6f3f6f2a,c614e95b,20260821,20260905,0
24V123,b29deff3,772d186b,00b107c4,20260821,20260905,0
24V548,d73be3af,aa9403d0,671ce4dc,20260821,20260905,0
24V541,f28c2f56,cc32deeb,48560223,20260821,20260905,0
24V544,9d2f4d3f,2247f881,7c8c4aef,20260821,20260905,0
24V545,b21da8f5,cbb1fbdc,0df65356,20260821,20260905,0
24V915,9cc7038e,34eb4ab6,304e9659,20260821,20260905,0
24V322,950e9900,c7e266ac,6be5d753,20260821,20260905,0
24V930,a88a80ec,b9d28a99,53155fe1,20260821,20260905,0
24V183,dffe6e16,0df5c9d5,f4f437e0,20260821,20260905,0
24V926,6bc117da,3c408b1a,8174ff60,20260821,20260905,0
24V184,f8dbe890,cbb1fbdc,de726cf5,20260821,20260905,0
24V326,3a48167e,a4f69bc3,f7d0c58e,20260821,20260905,0
24V187,9a6e0914,a4813192,9854a11a,20260821,20260905,0
24V329,6cc4d6dd,cbb1fbdc,de1d6a4a,20260821,20260905,0
24E026,6492fce5,14839744,4f70a19b,20260821,20260905,0
24E104,7165a8c1,3046a7d4,37e964be,20260821,20260905,0
24V923,0df9b991,82d7fb9c,d936f55a,20260821,20260905,0
24E105,d93b31ec,9fc7cc00,247c606c,20260821,20260905,0
24V937,bfd598c5,40cfe71d,56bab88e,20260821,20260905,0
24V938,20dd2d82,292741c0,3dc2490e,20260821,20260905,0
24E107,204ebad0,fc2c6c75,b72bd9f7,20260821,20260905,0
24E108,ab639cfb,e4da3252,c684d72d,20260821,20260905,0
24V945,5f658d3d,84435e52,fce0a05d,20260821,20260905,0
24V949,fdb1b5f9,d88c58b8,7a11b880,20260821,20260905,0
24V954,3ea4444a,54b8acb0,22c27d4b,20260821,20260905,0
24V959,1a79892b,56bc800e,eec6d556,20260821,20260905,0
24V960,d438f0fa,cf7dfcae,dc2b967d,20260821,20260905,0
24V962,3e95a151,d135ec5e,29794abf,20260821,20260905,0
24V969,ed4356b8,85b95677,aa834277,20260821,20260905,0
24V534,cf68638b,1c294326,ee104905,20260821,20260905,0
24V433,89959ed2,b29e7b07,47104d7f,20260821,20260905,0
24V441,ee0e481b,66b7876d,f1263a56,20260821,20260905,0
24V446,4677f865,978cfd95,55b2ace8,20260821,20260905,0
24V450,984b6807,0fa281a7,5b1bc7dd,20260821,20260905,0
24V452,f77aca58,06db99f2,5de8bf70,20260821,20260905,0
24V453,80946e2e,c8d07eb6,0cc27424,20260821,20260905,0
24V462,54a42e22,502835d0,5a387d7e,20260821,20260905,0
24V460,ab0ce7b0,0b897b93,4ec7c2ff,20260821,20260905,0
24V466,7e3b34f0,afcd35f0,ed54cfd4,20260821,20260905,0
24V468,34da7cf2,ae01e89c,5627bc30,20260821,20260905,0
24E051,776c1107,f93e65a7,da6f7db0,20260821,20260905,0
24V475,6e35e2a8,1daa818d,66fc2ebe,20260821,20260905,0
24V478,4ab80d14,290da1bb,2cbe09bd,20260821,20260905,0
24V479,798cb026,cfe93fcc,2dc8b0f5,20260821,20260905,0
24V480,c52446ab,e9c8952d,92420b72,20260821,20260905,0
24V483,1e5cf0d6,8e1265c1,ef1c81be,20260821,20260905,0
24V487,8851e53f,c972f349,b269aa9a,20260821,20260905,0
24V491,893eddfd,2c1e78b5,ab7539b7,20260821,20260905,0
24V492,8999e027,ae059b96,101ceb75,20260821,20260905,0
24V500,d9c7c6d5,9ad711ce,cba82c77,20260821,20260905,0
24V503,64482b16,f93e65a7,eddc2814,20260821,20260905,0
24V508,ded590d4,97aa30ac,f8abca0d,20260821,20260905,0
24V512,11299d4b,2c64a846,531eb81f,20260821,20260905,0
24V518,ec399656,3e07a003,f34c9fb5,20260821,20260905,0
24V521,1c791579,3bf0f9fe,0255b545,20260821,20260905,0
24V516,84554629,9cb07565,ce249eed,20260821,20260905,0
24V522,d2b71158,11ae5cc0,e5a99259,20260821,20260905,0
24V526,737c58e7,097326a7,086300ac,20260821,20260905,0
24V528,a3d3a833,44bfdd27,e7524380,20260821,20260905,0
24V530,3495c584,dabca213,01b03d3f,20260821,20260905,0
24E103,80c45f96,d3274bf2,f43a4e82,20260821,20260905,0
24V015,9e57de62,efbe5dd2,2cf51233,20260821,20260905,0
24V007,75d599e4,f7e32c5e,079b808d,20260821,20260905,0
24V010,fd64d77b,3663580f,92dc7c06,20260821,20260905,0
24V011,65241927,806dd75b,92c54884,20260821,20260905,0
24V012,5a224e70,1d105752,a1f97adb,20260821,20260905,0
24E003,15eea989,1d105752,1fd288cb,20260821,20260905,0
24V032,a0d16c4b,1d105752,4fe753cb,20260821,20260905,0
24V023,8b588cab,a3cff2ef,b099a6af,20260821,20260905,0
24V024,1440ab08,685907b9,0c44731c,20260821,20260905,0
24V026,b3aa09f7,014252e0,79d84581,20260821,20260905,0
24V038,68135f35,2929ec6b,867a6adc,20260821,20260905,0
24V051,d9bb1b64,c9023bd2,5275502d,20260821,20260905,0
24V054,352b5f14,7e707003,189f192c,20260821,20260905,0
24V055,e2b9a466,952013de,11cb5abc,20260821,20260905,0
24V080,e73323e8,cbb1fbdc,83c693db,20260821,20260905,0
24V063,6b7a2e86,1d105752,4cdd28a9,20260821,20260905,0
24V067,6c4d9bff,466c0e49,2603ffff,20260821,20260905,0
24V069,f50a046b,68e1a1a7,9c66ebc9,20260821,20260905,0
24E007,acde6c2b,2c1e78b5,4c2c9eba,20260821,20260905,0
24E008,63247637,cbb1fbdc,a6d398d8,20260821,20260905,0
24V073,ab67f3c2,a7fc055a,72a780df,20260821,20260905,0
24V074,fdc115d0,a7fc055a,65514085,20260821,20260905,0
24V085,4b2d2edf,0df5c9d5,7ee5c243,20260821,20260905,0
24V098,77e5df3f,5c326739,757b8832,20260821,20260905,0
24V092,9ea696ca,9ea4c5a3,a6ce57b8,20260821,20260905,0
24V103,00df1d11,95ec09a2,2f7848cc,20260821,20260905,0
24V106,d85340b4,4de8cc17,7bd0cda1,20260821,20260905,0
24E014,297f59a1,65e75897,e3ba927f,20260821,20260905,0
24V110,7d0d9613,2c1e78b5,3bf6cebe,20260821,20260905,0
24V971,b90a63ec,cfe93fcc,d22517e5,20260821,20260905,0
24V965,447f702b,afeffb4f,3dbd371b,20260821,20260905,0
24V851,9e330dd5,15784610,fe61dfc2,20260821,20260905,0
24V044,162e4d50,cbb1fbdc,6552d65a,20260821,20260905,0
24V932,417fa743,44bfdd27,0019683a,20260821,20260905,0
24V898,72a05418,0df5c9d5,e61bc496,20260821,20260905,0
24V685,fa98ac18,efbe5dd2,a3f17877,20260821,20260905,0
24V546,02eb684d,151f3d95,3eb1862d,20260821,20260905,0
24V499,dc1f6405,b0193e05,627301bd,20260821,20260905,0
24V004,cbf70197,a5fc2819,bdb0a4c3,20260821,20260905,0
24V006,20243f39,1d105752,ade53eb4,20260821,20260905,0
24V013,9ca71266,f7e32c5e,e01b0162,20260821,20260905,0
24E002,f9014138,59308d8d,1750f7ab,20260821,20260905,0
24V014,418727c7,1bb9ab07,f0d988e2,20260821,20260905,0
24V018,95200c82,e57dc3f3,a4b0d86c,20260821,20260905,0
24V021,01a5f78f,0db4a80e,4cba5ac8,20260821,20260905,0
24V022,50a394b7,f83eff84,622d63e2,20260821,20260905,0
24V031,a56136d0,37f95515,21dad877,20260821,20260905,0
24V035,2a5cef21,3b55ef1e,133c72c1,20260821,20260905,0
24V036,a0a58435,59308d8d,994927da,20260821,20260905,0
24V040,d800a809,952013de,bd581bdb,20260821,20260905,0
24V081,ba5e3f02,1daa818d,db274e7e,20260821,20260905,0
24V075,4d36a4d7,bd63bb36,76fdc6c3,20260821,20260905,0
24E004,a9caa3c8,2a52a226,a92e8979,20260821,20260905,0
24E005,2790d38b,2ffcf110,f348361b,20260821,20260905,0
24V047,aaf76ab9,08bc5770,4cfc9be0,20260821,20260905,0
24E006,b99007fe,1d105752,5fbeb456,20260821,20260905,0
24V053,aeea3157,5002f9d8,c6ada4dc,20260821,20260905,0
24V070,244828d6,066e4f2a,d398bcea,20260821,20260905,0
24V090,6d163c62,82d7fb9c,e1228f67,20260821,20260905,0
24V094,410f2bc9,3f10f0ea,b69ce568,20260821,20260905,0
24V076,84b6b435,b0193e05,b3b159d1,20260821,20260905,0
24E011,de2208db,d344adf5,44b445ad,20260821,20260905,0
24V104,e7eda115,72dd5dfa,eed90fca,20260821,20260905,0
24V116,69b23eb5,38af470b,9dd27f04,20260821,20260905,0
24V119,8db58e4e,09edc4a4,b94e22fb,20260821,20260905,0
24V121,1aa1ccfd,04e50ce4,677eb10e,20260821,20260905,0
24E013,f72c94d4,730d01fe,13767bee,20260821,20260905,0
24V108,cdbb4862,cbb1fbdc,8ec9a51a,20260821,20260905,0
24V109,b5bff779,76457884,2827f157,20260821,20260905,0
24E015,95c1df22,21ac73af,f09dbf42,20260821,20260905,0
24V127,c4490733,29d7bfdf,d0667cbb,20260821,20260905,0
24V128,ae353b55,c9fc7a14,8346f1c7,20260821,20260905,0
24V132,f5ca927c,8b738ff7,acb42f93,20260821,20260905,0
24V137,2ff6ce01,f761fefb,775e74b4,20260821,20260905,0
24V138,5d6f9300,11078e02,b073a124,20260821,20260905,0
24V141,d09f8baf,2a4c585e,7e3df355,20260821,20260905,0
24V147,f151815d,1d105752,455baeb7,20260821,20260905,0
24V150,b398f0c0,1b0b226d,6ab956ad,20260821,20260905,0
24V151,4f05093e,4199241d,e1f1e5a4,20260821,20260905,0
24V154,972c5c20,292741c0,788e4a5e,20260821,20260905,0
24V369,3292db35,dbfd9823,33ef5a2e,20260821,20260905,0
24V223,be8f0452,b1166819,101f1c70,20260821,20260905,0
24V833,f5f2a6de,aa34cc9d,012e9678,20260821,20260905,0
24E097,015f8322,33097f82,2c84e1d8,20260821,20260905,0
24V735,892621e2,d4143b41,a807f1d9,20260821,20260905,0
24V156,444b7d68,bce1f9f2,a94fdcd2,20260821,20260905,0
24V157,6c17d504,158502c4,8a9aa1ad,20260821,20260905,0
24V164,e0508ba9,20441db5,e45d897e,20260821,20260905,0
24V165,fc9bad7f,b0b08e82,5e54498e,20260821,20260905,0
24V176,42b4514b,69fc97a9,6715068c,20260821,20260905,0
24V177,bc0ba6a0,3fbbab3f,846cdec4,20260821,20260905,0
24V185,78928339,10ef3822,1b87f542,20260821,20260905,0
24V186,9c6a0130,b36b6d61,0b0cf466,20260821,20260905,0
24V188,44bc98d1,76792d2b,38dc95a7,20260821,20260905,0
24V189,722b1c2a,630df682,a878e3fe,20260821,20260905,0
24V191,a4deac08,712781ea,15533f3f,20260821,20260905,0
24V193,71ce6d3a,83633b60,1ec3557d,20260821,20260905,0
24V195,57dc2bc6,b840d5ba,b022dd50,20260821,20260905,0
24V198,8cc992d6,13b37c52,0895b201,20260821,20260905,0
24V222,850115c2,f5715622,a11d8313,20260821,20260905,0
24V666,99367e4a,4687f8fb,bcb431a9,20260821,20260905,0
24V200,4c126946,1daa818d,b8276713,20260821,20260905,0
24V206,f5f7a870,3d32bbcc,bbd1256c,20260821,20260905,0
24V213,afeca5bc,d564e248,e4417244,20260821,20260905,0
24V219,ba64bb7b,e03338d0,8fdb1709,20260821,20260905,0
24V227,36d3ac3b,1ee67a49,34863c8b,20260821,20260905,0
24V230,8f6156a3,8e1a8a45,09a7a0d7,20260821,20260905,0
24V233,791aa248,20441db5,4eb9d780,20260821,20260905,0
24V237,e610717f,0c92f356,26a5a98e,20260821,20260905,0
24V247,86188905,f22f309a,af4bd315,20260821,20260905,0
24V249,4a4f6498,5f945db2,df7eea85,20260821,20260905,0
24V253,7e342d41,2b9c367f,7d4a6210,20260821,20260905,0
24V257,92c3bab9,bb136466,08264807,20260821,20260905,0
24V255,5d302de2,c3a0e27e,e4f4026d,20260821,20260905,0
24V260,02cae789,7e707003,6a90ca1b,20260821,20260905,0
24V267,0b9a676c,e010947a,2d1035f2,20260821,20260905,0
24V271,7919d0e8,0ce4b5cb,f3e7fecd,20260821,20260905,0
24V272,7ca094e8,7e707003,fcd4977f,20260821,20260905,0
24V282,67d9f9c7,44bfdd27,17a23004,20260821,20260905,0
24V295,a8786c8d,7e707003,c51d5a7b,20260821,20260905,0
24V280,36ea0bd8,3d728c9d,b5031dd4,20260821,20260905,0
24T003,3249d756,84a73a6a,2d08a3b6,20260821,20260905,0
24V287,d6934de5,678800a4,565d5459,20260821,20260905,0
24V291,7637b683,4ceb863f,2614fd0c,20260821,20260905,0
24V297,d1518855,fd8eb612,15085634,20260821,20260905,0
24V301,d65f7a5d,7e707003,54e89d99,20260821,20260905,0
24V339,36582858,0907f576,7ac1c959,20260821,20260905,0
24V308,066bbac9,1daa818d,ac95b2af,20260821,20260905,0
24V309,027ac67e,287f9a85,7929a294,20260821,20260905,0
24V311,b0b36571,a6b7ee2a,fc2d8024,20260821,20260905,0
24V314,928f0e63,4060a8e0,09c597e1,20260821,20260905,0
24V318,23fd2ab1,6642389a,cf39d37a,20260821,20260905,0
24V319,ee515f86,6f1397c2,ce7c3d08,20260821,20260905,0
24V320,ae8d8829,1daa818d,278bb6ac,20260821,20260905,0
24V374,a5599e8a,c12e8cb2,52d520b8,20260821,20260905,0
24V325,bef7d28d,f52b035d,b4c05ad1,20260821,20260905,0
24V331,7028e0c1,55743c4c,aa854294,20260821,20260905,0
24V334,741637da,2a4c585e,11775e9d,20260821,20260905,0
24V335,23cf5d59,9e2a3a00,6f6575ac,20260821,20260905,0
24V348,c2400bb4,e6b9b30a,11e6204b,20260821,20260905,0
24V353,f28f56e9,9ad711ce,901d0c97,20260821,20260905,0
24V355,e87da077,9ad711ce,c42e7695,20260821,20260905,0
24V363,37065eec,0f7367b8,0f4636bb,20260821,20260905,0
24V356,6552f49a,9ad711ce,95f1f991,20260821,20260905,0
24V365,3cdf0336,1f49a89d,abfcfeaf,20260821,20260905,0
24V366,d209f8a3,825aee4d,6b891362,20260821,20260905,0
24V367,ffc37a7e,d70a1488,e848ba94,20260821,20260905,0
24V426,08c93093,f4ffb379,4cd0a7d6,20260821,20260905,0
24V379,5373dd38,75dbefa6,9e3b4af7,20260821,20260905,0
24V384,86a5c37f,8001d244,f2325177,20260821,20260905,0
24V387,4f942ae0,2175a250,fe7897d2,20260821,20260905,0
24V390,1a654413,3c71b2f4,d9249442,20260821,20260905,0
24V391,f3c48e75,acd50c7c,f8cfb097,20260821,20260905,0
24V393,05d5d412,8b738ff7,5f4128ee,20260821,20260905,0
24V386,76e32d90,2a7502b9,4a199e8f,20260821,20260905,0
24V394,ca59db6d,12e5b44e,da9302cd,20260821,20260905,0
24V395,2fe82a60,f27bc6e6,a5901613,20260821,20260905,0
24V405,4083dfb3,1b66b7a9,eec72bdc,20260821,20260905,0
24E046,d2fd2131,678800a4,a1a0785c,20260821,20260905,0
24V412,26c70522,0134f608,ed3794eb,20260821,20260905,0
24V416,8945a452,7a011844,79622018,20260821,20260905,0
24V418,af3ac45f,e872857d,fac7b406,20260821,20260905,0
24V420,fcecc93a,3c71b2f4,c4528c90,20260821,20260905,0
24V423,48500cab,300abef9,1351fac4,20260821,20260905,0
24V428,0f972102,a49a2441,db001391,20260821,20260905,0
24V436,9546a9c1,6bcc0276,7b7f6e1c,20260821,20260905,0
24V469,8a25c8f9,7e707003,6f688189,20260821,20260905,0
24V444,10ffce92,ec178222,de764e9c,20260821,20260905,0
24V445,73797e48,c433a597,aeb8c8ca,20260821,20260905,0
24V447,99b385c8,54fafa99,fab2bfa5,20260821,20260905,0
24V461,84f34e2c,bdeeb694,547565d6,20260821,20260905,0
24V474,ede6b7b3,0e9051d8,ce140a0d,20260821,20260905,0
24V464,b4b006dc,fc7d45f3,3a931164,20260821,20260905,0
24V467,d290dbbc,502835d0,6ff446aa,20260821,20260905,0
24E052,c667e568,1daa818d,66fc2ebe,20260821,20260905,0
24V488,cc55f53a,0e0787bd,d86c7f3b,20260821,20260905,0
24V489,f19e2f6b,0e0787bd,8cfb6198,20260821,20260905,0
24E055,871caeec,658ab6e7,745fa604,20260821,20260905,0
24V494,c651fcb3,502835d0,7e7670dc,20260821,20260905,0
24V496,55bfa4ff,dda2d559,fd4550c6,20260821,20260905,0
24E056,d1fab7f2,3dfcb3cb,054e5d58,20260821,20260905,0
24V510,eeaa777a,2d3c9089,94042284,20260821,20260905,0
24V517,edd59b22,0be39247,4ea51578,20260821,20260905,0
24V523,b53d5d0a,fed8c36a,a1f54e4e,20260821,20260905,0
24V529,0b293193,744954b1,a4fecb01,20260821,20260905,0
24V531,3965696a,871891c2,246c5204,20260821,20260905,0
24V533,95b69ec3,300abef9,814fc032,20260821,20260905,0
24V537,d8734d3c,aa9403d0,38eb15ff,20260821,20260905,0
24V539,b4e59f9b,cbb1fbdc,4e304b82,20260821,20260905,0
24V540,4ccc7d1e,9c31bd90,dbf88f0c,20260821,20260905,0
24V536,b13c27df,107f5372,8f7452ca,20260821,20260905,0
24E062,62fa5aa0,502835d0,c072a238,20260821,20260905,0
24E063,d7a9473b,c8d1923e,57599bea,20260821,20260905,0
24V576,a31ea13b,b325adf8,d38b6351,20260821,20260905,0
24E066,db9cf990,ea64e553,9d2bb020,20260821,20260905,0
24V589,cc55a477,1bb42c8c,a5c2849e,20260821,20260905,0
24V594,5c77019a,c2da3dac,73cbc832,20260821,20260905,0
24V606,9769daeb,26745979,3c02cea0,20260821,20260905,0
24V608,64dca76a,a80023f6,91f1a027,20260821,20260905,0
24V610,bb42507c,f78b4b01,d5ea47ef,20260821,20260905,0
24E070,56d11c53,7e707003,0468a20b,20260821,20260905,0
24V624,eebfaa7e,7e707003,6141631b,20260821,20260905,0
24E071,56182782,aa681325,066e60c0,20260821,20260905,0
24V637,dcda1b6c,73c98082,836ebbe4,20260821,20260905,0
24V639,e26ec9d8,64f4eb13,0664f745,20260821,20260905,0
24V641,43b8b496,6bcc0276,6145fe0b,20260821,20260905,0
24V656,c5ec7216,aa681325,2e3dd1b9,20260821,20260905,0
24V651,f767dbc0,a6753a13,7f3591ed,20260821,20260905,0
24V653,9225b31a,b0fb37ab,b78c2aaf,20260821,20260905,0
24V654,906a4ba3,12e80da1,49f58336,20260821,20260905,0
24E076,64fe841e,2c1e78b5,6085087e,20260821,20260905,0
24V658,ec21a6a9,8b738ff7,1cb651d3,20260821,20260905,0
24V661,094b5e98,01b8e4a5,6e839033,20260821,20260905,0
24V667,403320e0,80480e7c,4faf6c19,20260821,20260905,0
24V671,5e2c2a47,f66c103d,239863b6,20260821,20260905,0
24V673,c080cfc4,cd0a46ad,53894d78,20260821,20260905,0
24V675,c609ec7b,2e99eb20,90a43a85,20260821,20260905,0
24V686,5dd75cac,2254bfcb,dc698f78,20260821,20260905,0
24V689,35b05102,2f249c06,d40db107,20260821,20260905,0
24V693,8fb426a6,c7543998,dfab2243,20260821,20260905,0
24V704,7d9e69bc,fd9dbc90,80021efd,20260821,20260905,0
24V710,d411202f,d6d833e4,31e2358e,20260821,20260905,0
24E080,3f66cc12,f4f5d532,ee105a6c,20260821,20260905,0
24V723,c75f7385,378b40fe,ede2c359,20260821,20260905,0
24V730,b944183b,b674d8f6,229c7990,20260821,20260905,0
24V731,04c7154c,41ce82a8,8d78a69b,20260821,20260905,0
24V748,cbb084e8,24c66173,50318a0b,20260821,20260905,0
24V750,99277f02,638f6ab7,fbb5373b,20260821,20260905,0
24V755,369a9105,2bd7b5bb,cd138cbb,20260821,20260905,0
24E084,76b511c2,19d7b8a3,7197113c,20260821,20260905,0
24E085,a86fc807,19d7b8a3,faadbd26,20260821,20260905,0
24V757,f6e19f55,ef0ba31b,efeaa0df,20260821,20260905,0
24V764,cc7698d1,c85b519b,6461f130,20260821,20260905,0
24V766,55b161e5,75cae600,926c9ff1,20260821,20260905,0
24V770,f74c3f2b,d88c58b8,567e7eb0,20260821,20260905,0
24V784,cea1a422,a0c4c0f1,d1df08f2,20260821,20260905,0
24V775,ccc668a5,083eb953,f69fbdd8,20260821,20260905,0
24V776,913ebef3,fc02b20c,13e1bc5f,20260821,20260905,0
24T012,31ce7098,a5eda343,2ab27c5f,20260821,20260905,0
24V787,7d17146e,220d36d3,52ffe524,20260821,20260905,0
24E090,1a785f09,c1958cb4,73d94bd1,20260821,20260905,0
24V796,09ecd811,7e707003,0889be83,20260821,20260905,0
24V803,98f141af,a6bd1d04,a41b4274,20260821,20260905,0
24V813,172e6992,4908d840,1626a9bc,20260821,20260905,0
24V821,18367198,c128a2fb,82350e4e,20260821,20260905,0
24V822,4c42d4c3,3543d017,ff92086b,20260821,20260905,0
24V817,dc7e111d,8161d09a,c625ea4f,20260821,20260905,0
24V814,ed8dd992,f969437d,5a910c50,20260821,20260905,0
24V830,0ba663a6,d3274bf2,47fe2185,20260821,20260905,0
24V831,dedc89d8,aa681325,3219c526,20260821,20260905,0
24V841,f1ef71a1,3b7d308f,d1a2c43d,20260821,20260905,0
24V842,0431d37e,3b7d308f,e2e29a0e,20260821,20260905,0
24V844,93e24732,6f2faf07,dc97891c,20260821,20260905,0
24V845,b4ee0cc2,02e07e72,f82c0651,20260821,20260905,0
24V849,c0daf1c3,352d720f,fbafcee6,20260821,20260905,0
24V853,4830c135,93a7e225,307c7525,20260821,20260905,0
24V857,0f67db9a,5a3eb62f,9d45fd8a,20260821,20260905,0
24E096,fce1f6e4,694162be,c23661a2,20260821,20260905,0
24V861,6a4ce938,9fc7cc00,cccffca1,20260821,20260905,0
24V864,c102b93b,555c7d08,a3ea4604,20260821,20260905,0
24V880,4522f5bd,84c15a16,0d79dacb,20260821,20260905,0
24V876,1a5fe288,a8c68ce8,c4be18e1,20260821,20260905,0
24V931,9dab6d37,dd733789,fb2011fe,20260821,20260905,0
24V868,923a9d0c,1daa818d,a1dd650b,20260821,20260905,0
24V870,39ab2a51,28e77224,15f7591e,20260821,20260905,0
24V899,e3b91b8f,92f30f3a,ef0d4dce,20260821,20260905,0
24V881,9e0c5768,bb0cee04,a1f61ced,20260821,20260905,0
24V886,d7ca42d2,36fdc3a7,c72f6a2a,20260821,20260905,0
24V891,4c9243de,5b284f7f,cf624744,20260821,20260905,0
24V892,ab00033e,68ddfd91,f3e2b471,20260821,20260905,0
24V894,b95fe68f,4f47b4a6,567d5d34,20260821,20260905,0
24C002,c35a1845,1113d427,6d9300bb,20260821,20260905,0
24V901,f5be27f2,1567d7f3,e6625b61,20260821,20260905,0
24V922,5005c2cb,7678ffc5,d94576bd,20260821,20260905,0
24V921,bada089b,148aff3b,fc01d76a,20260821,20260905,0
24E106,af92ec29,81ee83c3,c9037cae,20260821,20260905,0
24V940,dd324d87,5dc1ad98,615febcd,20260821,20260905,0
24E109,86336b38,6bcc0276,ecad4804,20260821,20260905,0
24V950,9ad65b6e,2c1e78b5,75af4ac1,20260821,20260905,0
24V951,6e2c7208,76792d2b,a536f251,20260821,20260905,0
24V953,383ab5ad,cfc47fe2,291dc944,20260821,20260905,0
24V966,2908257d,dfa89c4d,4d0ac5b4,20260821,20260905,0
24V967,e0419896,82e1dd41,222cd6d5,20260821,20260905,0
24V392,ae9bb487,8b738ff7,5f4128ee,20260821,20260905,0
24V028,aea0d3df,1d105752,c43de362,20260821,20260905,0
24E044,58de3c6b,675c73cc,29e4539b,20260821,20260905,0
24V399,cc338796,b7d14dd3,08a6b5a1,20260821,20260905,0
24E045,eaeabb5b,d87ff462,4b7448fd,20260821,20260905,0
24V400,a4b3374b,963d5e32,b83a993a,20260821,20260905,0
24V407,61fd2e89,1bb9ab07,ef747d4a,20260821,20260905,0
24V417,c77099aa,e5a2f268,28c1452b,20260821,20260905,0
24V419,1eefcdcb,284cff89,b2e7773f,20260821,20260905,0
24V424,75915025,300abef9,059f395e,20260821,20260905,0
24V421,4c726a4d,ed128e6d,4ffbd388,20260821,20260905,0
24E049,1ecb5084,77db7ff3,d758fde2,20260821,20260905,0
24V431,88af8db4,8350cd8d,d0eacc34,20260821,20260905,0
24V030,9096a409,9bf0cb78,67727a0f,20260821,20260905,0
24V034,f53a253a,2c1e78b5,86bd3df3,20260821,20260905,0
24V037,f2795fd0,dff8ccf2,f8c4665a,20260821,20260905,0
24V045,a5ffc269,ba78fc11,d463ba3f,20260821,20260905,0
24V052,1ebf3733,89d1f281,0d5c891b,20260821,20260905,0
24V048,2498ef15,ab09dc3d,41d8fd7b,20260821,20260905,0
24V056,35c20703,f0164877,597ade34,20260821,20260905,0
24V057,c141b4a4,1daa818d,e39129cf,20260821,20260905,0
24V058,f98a5f59,8cb8a377,a6306fa6,20260821,20260905,0
24V060,2337b247,8fd39719,f89ab3f1,20260821,20260905,0
24V066,31c90e36,63be8e58,24cf5be6,20260821,20260905,0
24V161,f878f0e9,89d1f281,cdcd4867,20260821,20260905,0
24V062,0fb2dd8d,8e07dc69,eefa788f,20260821,20260905,0
24V064,e9fe0dfb,c9e4b0e4,00d28493,20260821,20260905,0
24V077,c7659537,4de8cc17,664e9411,20260821,20260905,0
24V078,c91fad5f,e94cc3c6,b83db895,20260821,20260905,0
24V082,bfda5481,c20f83f9,e8fb2701,20260821,20260905,0
24V084,8f455d65,7fb75c9b,972c4a83,20260821,20260905,0
24E009,d1fcac74,96c0a94c,fe6300ea,20260821,20260905,0
24V088,979e5622,cbb1fbdc,990f7035,20260821,20260905,0
24V089,83649923,cbb1fbdc,c89fc7be,20260821,20260905,0
24V096,8de7a1bd,8a51aac7,8cdd9ae0,20260821,20260905,0
24V102,52b6918f,b89a7677,495509c5,20260821,20260905,0
24E012,0d61b51e,d61d98a6,76e65479,20260821,20260905,0
24V105,bffa5a92,de9e6b1a,d9dcdbba,20260821,20260905,0
24V107,c0fec7a2,88d9af80,c00ddd43,20260821,20260905,0
24V111,dbb97e62,de009976,6c6494f7,20260821,20260905,0
24V112,2ab19c2f,744954b1,eb1f8a8a,20260821,20260905,0
24V113,cabe4c9a,ea553ad8,621fecc8,20260821,20260905,0
24V114,3d201633,03cc23e3,3ad08433,20260821,20260905,0
24E016,8c88af4e,45823e44,552cc1b3,20260821,20260905,0
24V122,2e570fb4,7495e51f,7d369d7b,20260821,20260905,0
24V130,e6e0999a,e03338d0,abc61a53,20260821,20260905,0
24V143,3f1306d3,a58b3f4f,d228b748,20260821,20260905,0
24E018,c372e51b,5b400eea,dc655af5,20260821,20260905,0
24V135,0a6c9d0a,f756d067,1e037015,20260821,20260905,0
24V139,628caa05,8ddef41a,a6fa1a0d,20260821,20260905,0
24V146,76308b03,e4acaab1,ac6ec79e,20260821,20260905,0
24E019,d7debcf3,55e7e39b,280032c9,20260821,20260905,0
24V162,ef01696e,56d7016d,144a46f8,20260821,20260905,0
24E020,bec3b430,aca79f11,93ccf8ad,20260821,20260905,0
24E021,457cbfc1,4dd6f240,b3e5d5e0,20260821,20260905,0
24V180,3ef27264,5856fd22,246211e5,20260821,20260905,0
24V181,228095c5,1d105752,32a6a330,20260821,20260905,0
24E022,f3e6f46f,a58b3f4f,07077292,20260821,20260905,0
24V194,ba7f35e4,1d105752,cec9aca2,20260821,20260905,0
24V196,f26a2086,646fd391,b2ddcfb9,20260821,20260905,0
24V197,01c5a958,6690bbae,9afe298a,20260821,20260905,0
24V203,b8ae0b5b,9a0be8b7,0a100cdd,20260821,20260905,0
24V204,d38b41b8,1daa818d,fe6d44fa,20260821,20260905,0
24V214,04a4f0d2,744954b1,9e68381f,20260821,20260905,0
24V205,28df4018,df21365c,bdcc951d,20260821,20260905,0
24E027,21b6128d,c0964bd0,c1546a12,20260821,20260905,0
24V215,ad8edd1e,2595decb,91b1c2f8,20260821,20260905,0
24E029,4b0fb9cd,dc2fbabf,ed189875,20260821,20260905,0
24V218,fe867d0a,2c1e78b5,183938b7,20260821,20260905,0
24V221,fb6c1672,15f9fb14,7ecece79,20260821,20260905,0
24V225,b8df5793,6a88f4bc,8e22c5de,20260821,20260905,0
24V226,54fcfe20,a82f25cd,e20591b2,20260821,20260905,0
24V245,e5ba5aa5,fd8eb612,c0d912b4,20260821,20260905,0
24V229,23539e21,0ad7a7cf,0d1fa3b2,20260821,20260905,0
24V240,058415fc,61a86d19,7b5caf18,20260821,20260905,0
24E030,8359b114,5b9b7def,1dc95438,20260821,20260905,0
24V263,53803a8d,a9099511,8c35abd6,20260821,20260905,0
24V266,0e4ae142,17caff40,6883948c,20260821,20260905,0
24V216,23fd2da7,3001768f,c05438ef,20260821,20260905,0
24V217,000ac8c8,2595decb,84ac1f65,20260821,20260905,0
24V273,744ff1db,1d105752,6085e19f,20260821,20260905,0
24V383,ecbd15f7,a51e2058,e4dea8c9,20260821,20260905,0
24V008,63ae07c0,1d105752,cba9fe33,20260821,20260905,0
24V016,00ff87af,eef46ef6,7b1a7928,20260821,20260905,0
24V019,f71ce88e,59308d8d,8afc154b,20260821,20260905,0
24V020,3a7712cb,9a1cb1ba,819c1874,20260821,20260905,0
24V025,9c62ea5f,06646263,b7457bdf,20260821,20260905,0
24V231,5dd6b046,44c87db9,1062cb30,20260821,20260905,0
24V281,3202b8e7,1d105752,879e0456,20260821,20260905,0
24V251,70cedcbb,00384d27,d0613772,20260821,20260905,0
24V254,8bae9b45,563d4f78,717e1fdd,20260821,20260905,0
24V284,8b87d817,55f6f1e0,e3275f5b,20260821,20260905,0
24V285,d7825370,7e707003,9b9a9241,20260821,20260905,0
24E033,0f68b708,92e5b60b,30cef25d,20260821,20260905,0
24V296,2a8b0baa,36b58e9e,04fab41b,20260821,20260905,0
24V300,b6c9e1a5,7e707003,1916697b,20260821,20260905,0
24V304,7e51ef88,0e79817c,2adb22a9,20260821,20260905,0
24V306,10679faa,e2927de2,db6dd393,20260821,20260905,0
24E034,c6be30dd,9e2a3a00,da56c634,20260821,20260905,0
24V316,8a652d11,e5fa611e,7fb436b7,20260821,20260905,0
24V317,0e4e707f,14839744,0bed447b,20260821,20260905,0
24V324,e4a1fd6d,14839744,3e104c56,20260821,20260905,0
24V336,d0bfc487,9e2a3a00,6f6575ac,20260821,20260905,0
24V337,af36858b,2f2b14e2,2f6c9b53,20260821,20260905,0
24V338,74a566b9,e4e9f9db,0d4592aa,20260821,20260905,0
24V340,da2d3ba8,bb25212a,afa97445,20260821,20260905,0
24V341,7648fae8,9e2a3a00,9ffaff4b,20260821,20260905,0
24V342,0f76e1db,dd15f61c,b9dbab98,20260821,20260905,0
24V343,0e77f020,6714c5bc,65cf1462,20260821,20260905,0
24V350,4003a7e0,ffb3e2e2,6558d9f1,20260821,20260905,0
24V354,a65aadb7,7e707003,11b33869,20260821,20260905,0
24V358,9fd70749,9dec9d46,b8807be4,20260821,20260905,0
24V360,e77bea86,9ad711ce,43fdbc2a,20260821,20260905,0
24E039,9b710593,ab1ae120,42b9834c,20260821,20260905,0
24V368,2701f94c,456da731,e1be8cda,20260821,20260905,0
24V370,67ae1355,09d7f966,e5dbe27a,20260821,20260905,0
24V371,0856c8d7,5ef8c8dd,bfb056ee,20260821,20260905,0
24V378,8fc17a43,9d82920c,5d9effb2,20260821,20260905,0
24E041,607a32e4,04e50ce4,64d14c27,20260821,20260905,0
24V385,7e2837ed,bc6d183e,7e972247,20260821,20260905,0
24V614,8ea369c7,1bb42c8c,55af7644,20260821,20260905,0
24V615,45ebb140,5313af35,c65e37a3,20260821,20260905,0
24V616,4a711c57,4ba6f5a7,66e6c4d7,20260821,20260905,0
24V619,b140af8e,3ada7273,d2588fd3,20260821,20260905,0
24V623,8a90ea50,902568bc,83c17f05,20260821,20260905,0
24T009,20dd271b,db18a1c1,dab31f82,20260821,20260905,0
24V627,e0d0658f,a5fc2819,8d9f2b92,20260821,20260905,0
24V630,5c53371f,562a4341,43516c16,20260821,20260905,0
24E072,e3f5b8fa,891df8e0,6d1bfefd,20260821,20260905,0
24V634,f6745063,2c1e78b5,0b31afb4,20260821,20260905,0
24E073,4ae21e56,798e7f8b,24a22b5f,20260821,20260905,0
24V648,1eb3cefc,caef1e7b,f9e2a6ec,20260821,20260905,0
24V649,d1ca3e48,7bea59ac,a7534086,20260821,20260905,0
24V650,652ef21a,97a1d227,9ce98021,20260821,20260905,0
24V659,6ebc14ce,5acc79a9,13a9a99a,20260821,20260905,0
24V669,3ee3c870,8df39696,d38ee4b5,20260821,20260905,0
24V663,98b7c26e,f3c757f3,575072fe,20260821,20260905,0
24V674,5b94ad47,e8743959,a3d74209,20260821,20260905,0
24V677,15540672,3577a77b,664bbd44,20260821,20260905,0
24V681,e96a6c98,5c1d12a0,37f6ba74,20260821,20260905,0
24V688,fbdae52a,7764efe1,b0b4ba1d,20260821,20260905,0
24V692,7b40c332,82d7fb9c,77d0194d,20260821,20260905,0
24E077,3e278dae,5e3cc579,41ea1527,20260821,20260905,0
24V696,1b8f74e8,fee083b1,90a20818,20260821,20260905,0
24V701,5c7395a1,4bd6a7bb,713ab738,20260821,20260905,0
24V706,d4425e6d,983422f2,a91349ae,20260821,20260905,0
24V711,edcc950e,cf431fad,7527a332,20260821,20260905,0
24V714,c5011662,ef11dcd4,a6cd67a6,20260821,20260905,0
24V716,79809fa6,76a4865c,67ea181e,20260821,20260905,0
24V718,9b475b98,c631c39e,9e731cdd,20260821,20260905,0
24V719,62b5bfed,e8f5a799,0be9ece1,20260821,20260905,0
24V721,bcd40556,01c08472,f08d0fb3,20260821,20260905,0
24V722,bfde91e6,f710fcab,1881c9ea,20260821,20260905,0
24V725,74969ccd,50ad3085,659fd2ab,20260821,20260905,0
24V602,c16aacbc,434b013a,3eb1862d,20260821,20260905,0
24V538,039297ca,107f5372,b2a85a39,20260821,20260905,0
24V027,ad366ffe,42054596,6e670c6a,20260821,20260905,0
24V072,6fd23244,44bfdd27,dd0e520b,20260821,20260905,0
24V313,2ba52793,53885373,cd6f36aa,20260821,20260905,0
24V315,98f9e4ba,0d8b87b1,e6541f71,20260821,20260905,0
24V323,1a910e88,bfde81f1,4df88c6c,20260821,20260905,0
24V327,3d565ff3,2c3b552f,e7a29565,20260821,20260905,0
24V328,cc81a50a,3c71b2f4,dfc06f30,20260821,20260905,0
24V333,e47fb798,2bc103cd,f6e19d47,20260821,20260905,0
24V344,f6795a4f,0bc11acb,106dd1a4,20260821,20260905,0
24V396,a797fd7e,300abef9,01798e06,20260821,20260905,0
24V352,9bf68956,9ad711ce,07104a0a,20260821,20260905,0
24E038,4f927ac5,3c71b2f4,ddf19d9b,20260821,20260905,0
24V361,66658a7e,f7bf5643,61341611,20260821,20260905,0
24V364,7d250577,3577a77b,8e52d73a,20260821,20260905,0
24V372,b745f77d,b0193e05,fbf31dba,20260821,20260905,0
24V398,2f2bab96,300abef9,e124d664,20260821,20260905,0
24V401,6f4d3740,14846f6b,3555f8be,20260821,20260905,0
24V402,a9e66776,14846f6b,3555f8be,20260821,20260905,0
24V382,c42f4885,9ad711ce,96dc66a1,20260821,20260905,0
24V376,938fc62a,99fc81f9,3dff31c3,20260821,20260905,0
24V377,3e08374b,a58b3f4f,42e74ceb,20260821,20260905,0
24V408,5a44b823,0841e409,98789915,20260821,20260905,0
24V409,4148b0e7,231f1e5c,7eccb303,20260821,20260905,0
24E047,dda35109,b0fb37ab,d743c25f,20260821,20260905,0
24V415,19150f20,b0fb37ab,553a1a72,20260821,20260905,0
24V607,94f523c9,abf947ca,0a7ec205,20260821,20260905,0
24V425,0cdffced,3c71b2f4,3c8ed705,20260821,20260905,0
24V427,e5951f16,f6c68b42,f36241bd,20260821,20260905,0
24V434,becb4664,a129080d,621a0b12,20260821,20260905,0
24V435,727375ba,ba2ac1e4,81830b6f,20260821,20260905,0
24V439,77f970d5,b04696f0,253c3b25,20260821,20260905,0
24V442,416a3427,38eea66a,895f3d14,20260821,20260905,0
24E054,82fec5b1,23b30448,9c60efcf,20260821,20260905,0
24V448,a103bb65,d5edc58a,b375e671,20260821,20260905,0
24V449,0a4306e6,15580d97,b4d96a21,20260821,20260905,0
24V454,f696d452,c4768f4a,2a7b22f5,20260821,20260905,0
24V463,99b934c6,502835d0,8f2ab13d,20260821,20260905,0
24V481,6a36af5d,86c7f84d,edaa31a1,20260821,20260905,0
24V485,d40899eb,680fd647,62604445,20260821,20260905,0
24E053,7e6359e4,404b3778,1e87d363,20260821,20260905,0
24V490,fd0cf753,9ccc5c66,11843f25,20260821,20260905,0
24V493,9b0ec447,658ab6e7,35f19731,20260821,20260905,0
24V497,535c9193,1daa818d,7c997007,20260821,20260905,0
24V506,3d06b201,addd009a,780f76b1,20260821,20260905,0
24V507,b26ff300,3dfcb3cb,0c941d08,20260821,20260905,0
24V509,a2c42a75,f93e65a7,9be1823a,20260821,20260905,0
24E057,d0f2ec57,1967d49d,65b25c66,20260821,20260905,0
24V514,c432a594,d8e22ff4,acfd9e6d,20260821,20260905,0
24V532,f85e8c71,c98ed5e5,f4cf6999,20260821,20260905,0
24E059,eb621271,c2465acd,9e782c6b,20260821,20260905,0
24V535,7d481d4f,b66dd04b,12f00b3f,20260821,20260905,0
24V543,f4048162,97b1b933,19ad466c,20260821,20260905,0
24E061,0b949ea6,502835d0,fa08fe1d,20260821,20260905,0
24V552,2f7eae9f,9ad711ce,557387da,20260821,20260905,0
24V554,ae584712,e705673a,ce199ac8,20260821,20260905,0
24V559,2b2a48bf,be19d699,7097ec3e,20260821,20260905,0
24V566,802fd000,5c1d12a0,2ad5e308,20260821,20260905,0
24V560,db3bd152,acd50c7c,49ceba91,20260821,20260905,0
24V561,8fe8127d,5e798b98,73c7b430,20260821,20260905,0
24V562,dfe2df58,0dd4cce3,ece4707a,20260821,20260905,0
24V567,f7b05fc5,85e6358c,6cb290fe,20260821,20260905,0
24V572,eb85bd55,1daa818d,6e0062d8,20260821,20260905,0
24V573,371ae2b0,957a4648,5d897d0f,20260821,20260905,0
24V575,b21dda83,424ddd22,79909c75,20260821,20260905,0
24V577,86439185,6a1e5881,b9f79315,20260821,20260905,0
24E065,ae60c417,502835d0,d7347a57,20260821,20260905,0
24V581,ba82c1f2,c751dfa4,523caed2,20260821,20260905,0
24V582,62aa2feb,d70a1488,0617bc4e,20260821,20260905,0
24V583,6317e782,7c72d60a,9b21be84,20260821,20260905,0
24V586,d5465460,6a4f8777,a86e1e17,20260821,20260905,0
24V591,75ac9066,13b3221d,113fefd6,20260821,20260905,0
24V593,ad57516c,791fc7b2,0bdec8da,20260821,20260905,0
24V596,ce4bb02d,a6bd1d04,75604568,20260821,20260905,0
24V598,6687f78d,d52a0061,92863839,20260821,20260905,0
24V601,351be530,c4d0273f,3eaf3934,20260821,20260905,0
24V605,8ac32217,26745979,705b0093,20260821,20260905,0
24E069,8b891648,ff91acfb,9c60efcf,20260821,20260905,0
24V149,7e58be59,b9c5329b,7194a163,20260821,20260905,0
24V152,b85a9b62,25f8d1b5,1d864909,20260821,20260905,0
24V166,b7a1feed,3ea11ecc,5f7df544,20260821,20260905,0
24V167,c814329a,a4c64862,76a5dcb0,20260821,20260905,0
24V170,9326f3f8,8f108bed,70f95e0d,20260821,20260905,0
24V171,0b1fa202,29ea4d0f,161db81f,20260821,20260905,0
24V175,8cf1fac7,aa9403d0,677fa624,20260821,20260905,0
24V182,b758aad3,cbb1fbdc,36c0fdf3,20260821,20260905,0
24V303,d4a5c5d5,72dc6018,346a8a03,20260821,20260905,0
24V321,034959bd,1ef50963,a516c5ad,20260821,20260905,0
24T007,a8947d2a,bf4f2be3,86ecd90f,20260821,20260905,0
24E043,65f62141,d92f0769,2959de16,20260821,20260905,0
24V429,7d2a3535,4136bd85,b2ec57ba,20260821,20260905,0
24V397,15ba9a30,8b3171f4,5ff54281,20260821,20260905,0
24V403,31091fc5,f50eb4c8,b1f97a24,20260821,20260905,0
24V406,5013237e,1d105752,8881aa84,20260821,20260905,0
24V410,40cffa2b,4350d015,93eb772f,20260821,20260905,0
24V411,a7658b7e,2edc89f6,e3026531,20260821,20260905,0
24V413,d6743088,4075d65a,71229218,20260821,20260905,0
24V414,33bf005b,a08a268d,9444256c,20260821,20260905,0
24V422,58b53fc2,0134f608,9e525b46,20260821,20260905,0
24E048,c933f2f9,502835d0,3e04d087,20260821,20260905,0
24V432,2c300219,881fc015,8220d00d,20260821,20260905,0
24V437,cf00303f,6bcc0276,8b231d96,20260821,20260905,0
24V438,729c0e54,72048650,e966300b,20260821,20260905,0
24V430,b7c19eab,7e707003,3b289ede,20260821,20260905,0
24V440,006d5098,c559c2e2,6066d722,20260821,20260905,0
24V455,4a25eaf2,404b3778,32ca32db,20260821,20260905,0
24V456,6d4da05d,12d95b2a,6feb407a,20260821,20260905,0
24V457,a94966bd,34a09cbc,2e87c881,20260821,20260905,0
24V458,c28e90a3,aa9403d0,e6d071c8,20260821,20260905,0
24V465,6551c757,dd3b06df,97b39280,20260821,20260905,0
24E050,16a10c64,8592207d,8d4768a8,20260821,20260905,0
24V484,5041694e,0ea82d3a,0021b2d8,20260821,20260905,0
24V476,169145cb,5e99bf49,75a1045c,20260821,20260905,0
24V482,87061b94,11884b0c,a273e5ea,20260821,20260905,0
24V486,70589a5f,a6ea0edd,4835f0a6,20260821,20260905,0
24V495,be81c6f8,806dd75b,770ffc3f,20260821,20260905,0
24V498,63d04b16,13a58ebf,033f64b8,20260821,20260905,0
24V501,6207578e,3dfcb3cb,a4f489fd,20260821,20260905,0
24V502,4271c8c0,5135281a,a876bfa0,20260821,20260905,0
24V504,0ca2d1df,f93e65a7,1f6882a2,20260821,20260905,0
24V505,84570426,4940e12e,242dee5d,20260821,20260905,0
24V511,f41b0666,4143ef58,f240b03f,20260821,20260905,0
24V513,867a346d,0236533f,0d8267f4,20260821,20260905,0
24V515,f44b46c5,27a67034,c68bef65,20260821,20260905,0
24V519,5c9079bf,90f76287,627f77b6,20260821,20260905,0
24V520,1ee980b8,b9d1f7c6,78cdd943,20260821,20260905,0
24E058,d6cb51ba,0a93222e,287dced4,20260821,20260905,0
24V524,fa06bfd6,bbc076d7,c56588d7,20260821,20260905,0
24V527,c8aec5be,2caf63c3,791104a9,20260821,20260905,0
24V542,0631e7c0,0134f608,42a559da,20260821,20260905,0
24V549,69d58030,3c71b2f4,027b6cb4,20260821,20260905,0
24E060,cf144555,806dd75b,3193fc57,20260821,20260905,0
24V550,581e4f46,b892eabf,8758c0b6,20260821,20260905,0
24V551,0e9390ff,2bc103cd,045a587b,20260821,20260905,0
24V556,dbcd5c03,502835d0,a6712131,20260821,20260905,0
24V557,00a52030,c5b501e2,e2b9cede,20260821,20260905,0
24V558,37547dda,be19d699,c36b191f,20260821,20260905,0
24V564,73691e89,b2a444f5,2f751a32,20260821,20260905,0
24V570,dc77f028,2957e355,c310a78f,20260821,20260905,0
24V571,aebf2825,502835d0,10421ce6,20260821,20260905,0
24V574,8c213207,957a4648,404dcdbd,20260821,20260905,0
24V578,9a54f437,2247f881,218f1a61,20260821,20260905,0
24E064,ac3f64c7,502835d0,de99f50a,20260821,20260905,0
24V580,9fc09280,e658a751,4c30c06b,20260821,20260905,0
24V588,3511a4ca,4cf4f9dd,ac92b432,20260821,20260905,0
24V592,c5a6b411,be1ea4a3,dcdec8a4,20260821,20260905,0
24V599,8ee1b865,2c1e78b5,2de03bab,20260821,20260905,0
24V604,a7c0f65f,3dfcb3cb,3cb6f1e7,20260821,20260905,0
24V628,612c1ad8,80aff880,97ed7bbc,20260821,20260905,0
24V620,53b61f4a,7495e51f,45fcdf02,20260821,20260905,0
24V621,b7fe63b5,e4da3252,ab6c6340,20260821,20260905,0
24T008,8fc54399,7628ec0a,9d66def3,20260821,20260905,0
24V632,d597585b,a14efdb6,115cab47,20260821,20260905,0
24V635,5ffcb2a6,1daa818d,6b43ea42,20260821,20260905,0
24V643,7f08a196,360e672e,9d63bc87,20260821,20260905,0
24V646,cb351eeb,3ce0e1b1,b33a838f,20260821,20260905,0
24E075,955ac78a,b0fb37ab,f80e7ada,20260821,20260905,0
24V660,6247e5b6,b11e006e,89ba6eeb,20260821,20260905,0
24V664,6c9ade1b,2741a629,4780ed80,20260821,20260905,0
24V672,7077287f,ed82f862,b07e8869,20260821,20260905,0
24V684,24805a2f,8001d244,71365398,20260821,20260905,0
24V678,488bf574,3577a77b,ce417430,20260821,20260905,0
24V691,0fd87734,66c5bc32,f5c8855a,20260821,20260905,0
24V694,cdb90425,c47fee0d,2684d021,20260821,20260905,0
24V709,c74d0ccd,5738b212,35561aae,20260821,20260905,0
24T010,694b46f3,992d6863,810fab2c,20260821,20260905,0
24V698,392001d9,1daa818d,8848e233,20260821,20260905,0
24V702,e5bffe09,4df0bcc2,fc928b97,20260821,20260905,0
24E079,41d51198,41aaa70e,7bc4e223,20260821,20260905,0
24V720,2a8bff79,f4f5d532,8439c5a5,20260821,20260905,0
24V708,5eb63f4c,061544bd,ca21d707,20260821,20260905,0
24V724,399ea0d8,35ec0970,ca10d05d,20260821,20260905,0
24V728,b7547075,1daa818d,bd89e0ea,20260821,20260905,0
24E081,61a4255b,5fd59abc,da13b967,20260821,20260905,0
24E082,f2caedc1,75dbefa6,5b5b494d,20260821,20260905,0
24V734,eacd6438,15f9fb14,98fc3ea5,20260821,20260905,0
24V736,be3a7b81,15f9fb14,c5385428,20260821,20260905,0
24V745,a6afd68e,c8e9fc31,c2ac2b72,20260821,20260905,0
24V747,bc6aa961,24c66173,31264c7d,20260821,20260905,0
24V752,9ba148ec,6c0d9919,9db93f27,20260821,20260905,0
24V758,5a487978,427c3b39,26f4d94d,20260821,20260905,0
24V763,bf540fad,703dc06b,4c2c08d4,20260821,20260905,0
24V768,f4bc64ad,2d9029cf,7d8123b0,20260821,20260905,0
24V769,129742ff,c19234f1,195ada12,20260821,20260905,0
24V772,09a9e84f,6c60f5a5,2aa057fc,20260821,20260905,0
24V773,6ade8bcd,59567b9b,ad1959ea,20260821,20260905,0
24V786,cba0cfca,525585e4,a301ceee,20260821,20260905,0
24V777,91f99371,a301d1e7,20511f0b,20260821,20260905,0
24V778,c30327a8,eb498675,19753d2f,20260821,20260905,0
24V785,4b18aad3,9b308690,e017740f,20260821,20260905,0
24V788,ca2c2541,32ea1831,2f8dd774,20260821,20260905,0
24V794,72332f3d,b0fb37ab,d8397c6a,20260821,20260905,0
24V797,54d4faac,18c68b91,ffe423ed,20260821,20260905,0
24V800,0f97486f,83905bf1,93752af9,20260821,20260905,0
24V811,4d276f52,eab06f6e,b6a127a0,20260821,20260905,0
24V805,69b5984a,9f57b270,68f90532,20260821,20260905,0
24V807,05ba1712,74f8cb06,bf169690,20260821,20260905,0
24V829,b6ae8282,09bb6133,1e694a9b,20260821,20260905,0
24V836,ed84b1d1,f5210c89,b317f31b,20260821,20260905,0
24V837,76461bb6,62e07cce,778d9f1c,20260821,20260905,0
24V847,2bedd88f,1aadbe37,1f508e51,20260821,20260905,0
24V808,ced765d8,32aabdac,b5caf4f6,20260821,20260905,0
24V809,6178df45,1107e19f,fcbeb05e,20260821,20260905,0
24V818,353ccd00,e0b1a5b2,05669c6f,20260821,20260905,0
24V819,5cd47a5a,7fc75c2e,20c589ac,20260821,20260905,0
24V856,63880158,9fad7e73,b703b043,20260821,20260905,0
24V862,0f6b53f2,9e91ab7d,66e78ce5,20260821,20260905,0
24V863,9903d7e7,a80023f6,88c7555d,20260821,20260905,0
24V816,afbf8dac,3a1eed60,78333d98,20260821,20260905,0
24V823,f4abc3c8,90700fc8,72f264d2,20260821,20260905,0
24V824,92732178,af85fb85,3f4dc2c2,20260821,20260905,0
24E092,59755ea5,e4da3252,f3547b1c,20260821,20260905,0
24V838,1f6c9792,28a5772b,3d101dd5,20260821,20260905,0
24V839,700fd1e2,78b6da02,561b22d7,20260821,20260905,0
24E001,55a6062e,f6e0d6c5,bdc9427d,20260821,20260905,0
24V003,a3be4a6a,ac822fba,ff86ffc4,20260821,20260905,0
25V216,8fef0094,092223dc,61974b52,20260821,20260905,0
25V595,915a3c18,14d703ac,fe84a956,20260821,20260905,0
25V220,dafd675e,ebd87b9b,35af1bb9,20260821,20260905,0
25V603,d3c662e0,34a07c67,3554e531,20260821,20260905,0
25V629,195b1ec1,2bc103cd,2c9bc9ce,20260821,20260905,0
25V624,4125afd3,53c2152d,3410ce57,20260821,20260905,0
25V636,80f0fc5d,401a9871,570fc828,20260821,20260905,0
25V170,b8e797ff,41377b1d,e9c0175a,20260821,20260905,0
25V638,e23ed7d0,19f20198,72162627,20260821,20260905,0
25V664,910630e8,02e04770,68539764,20260821,20260905,0
25V655,8b881c98,523f2003,d016f74c,20260821,20260905,0
25V644,a8fb386f,7faa551d,f47202db,20260821,20260905,0
25V533,d0917ef2,1f73c554,539851c5,20260821,20260905,0
25V647,9dc59126,9edab7ac,d5a8abed,20260821,20260905,0
25V656,548e6dda,97267e67,08cf377b,20260821,20260905,0
25V665,4fd43751,1daa818d,a9298f55,20260821,20260905,0
25V670,e9f32912,cdb0579c,a9e889be,20260821,20260905,0
25V669,eb325c50,2043ed88,db930b6c,20260821,20260905,0
25V676,e40f1baa,9958bfed,f8e3a173,20260821,20260905,0
25V688,9183a5de,2f11c76f,e2bd88f9,20260821,20260905,0
25V690,097a1cbc,44bfdd27,7ece7eb0,20260821,20260905,0
25V701,90a8370e,4db97021,51111bd3,20260821,20260905,0
25E068,fbd30b4f,ea64e553,ad43ec4f,20260821,20260905,0
25V700,0817a927,7edefb27,9b3aacb6,20260821,20260905,0
25V672,72921d4b,0255da94,30ebf1ad,20260821,20260905,0
25V703,9c80cce5,637d0c2a,7306d02b,20260821,20260905,0
25V704,a28a8058,927036be,833f21a6,20260821,20260905,0
25V708,3ddc015d,4ba6f5a7,130c74a2,20260821,20260905,0
25V716,e4157d94,2a1c93f8,43d8e703,20260821,20260905,0
25V727,f568ffc5,67eb272a,50e40517,20260821,20260905,0
25V726,26a327cf,de009976,7ac38b63,20260821,20260905,0
25V569,1502933d,92d6e777,bf4008f6,20260821,20260905,0
25V744,34a21862,148db2c1,4616a3f2,20260821,20260905,0
25V896,7f609a4b,36a605df,0c2fb44e,20260821,20260905,0
25V389,ffa01125,2658a742,cd8428f8,20260821,20260905,0
25V822,60a4151a,4ab2fe0c,af35753e,20260821,20260905,0
25V789,e6c82d2c,54b8acb0,d8126a22,20260821,20260905,0
25V005,8128ec78,9fc7cc00,39f217b1,20260821,20260905,0
25E002,b550f0b0,99a8d63a,d50a2d01,20260821,20260905,0
25V012,348fabf7,a703f9a3,f3a9cf5b,20260821,20260905,0
25V013,567e74f8,b30d44c9,1bc5c572,20260821,20260905,0
25V014,63802922,d97dbe33,bc2a24e6,20260821,20260905,0
25V018,97ecd2b1,47ff40aa,541e8f2e,20260821,20260905,0
25V029,b3dc8d73,4908d840,b3ecc020,20260821,20260905,0
25V035,62ee0d72,3a2020a6,acf46cff,20260821,20260905,0
25V041,62493179,70f3b809,dc0d0a04,20260821,20260905,0
25V044,df8ee562,3707ec8d,01e0cf7b,20260821,20260905,0
25V104,08a78517,89592510,6ef4c37e,20260821,20260905,0
25V212,9dd59b0e,452cfe74,9e8f6411,20260821,20260905,0
25V128,590ed656,86d1c351,0b06123f,20260821,20260905,0
25V156,5c387746,acb8ec56,d25088bc,20260821,20260905,0
25V046,ea016c7e,1daa818d,4ddd9a25,20260821,20260905,0
25V114,c768fea4,08cea7d7,89334d31,20260821,20260905,0
25V043,94aae3ff,9fc7cc00,29cbe618,20260821,20260905,0
25V052,e64faf2d,08cea7d7,f517d326,20260821,20260905,0
25V053,203671d8,08cea7d7,afe2473b,20260821,20260905,0
25V054,6a5c2974,e401c8f5,39255958,20260821,20260905,0
25V062,ecfcd358,3905b026,b994960e,20260821,20260905,0
25V065,d7296899,53ea2cfd,92b2f5bc,20260821,20260905,0
25V077,a5e4af4f,d272290d,1b060fa4,20260821,20260905,0
25V078,a78325f2,9c46c6a5,628fe878,20260821,20260905,0
25V068,a7de4560,626cff31,70dbddb0,20260821,20260905,0
25V083,97baf568,751d1974,19f3440a,20260821,20260905,0
25V085,c9f2925d,6a63d946,20295d57,20260821,20260905,0
25V089,337a9811,1f6b3eaa,479264aa,20260821,20260905,0
25V096,d428bce2,658ab6e7,35310334,20260821,20260905,0
25V100,b60ba148,7350d254,19500be4,20260821,20260905,0
25V101,00631cb0,52a5c233,9afe0fcf,20260821,20260905,1
25E012,74aca3d6,77be13ee,45d9e664,20260821,20260905,0
25V127,a0037a34,e010947a,bc0c17d5,20260821,20260905,0
25V132,e44c00b3,e06e8f69,fddf23b1,20260821,20260905,0
25V133,271b36be,1daa818d,08311090,20260821,20260905,0
25V142,ae933369,5c086048,515abc9b,20260821,20260905,0
25V144,fbc367c6,cf051c78,2eb2c944,20260821,20260905,0
25V157,51242a19,33d529b8,d3603e4e,20260821,20260905,0
25V148,ec121715,dc313e04,f601c1f5,20260821,20260905,0
25E018,efc26d95,e3c3af2f,e70892fb,20260821,20260905,0
25V155,b745f97f,b3969ae9,a8e48c88,20260821,20260905,0
25V162,17e20c6c,66fa4185,15c5429e,20260821,20260905,0
25V169,8b4633d1,6d692f33,6215143b,20260821,20260905,0
25V173,7fca7b0c,59a642ff,7849abcf,20260821,20260905,0
25V175,05cf27a5,6a6cf977,d0cae1f0,20260821,20260905,0
25V181,e33be024,1daa818d,c1874099,20260821,20260905,0
25V179,176a7242,41ce82a8,915dfe46,20260821,20260905,0
25V180,7ffb6571,393d16cb,f321fe9c,20260821,20260905,0
25V183,9100fa20,9f0bf0ae,451f207e,20260821,20260905,0
25V186,87c77dd5,de3a947d,b0309cd1,20260821,20260905,0
25V189,f882758d,a16cd9ac,d70fef72,20260821,20260905,0
25V192,ed6f3cd3,465899c0,085ac7d5,20260821,20260905,0
25V627,dd2da10c,d992a861,d7b1d61e,20260821,20260905,0
25V526,e2819f93,8b738ff7,fcd4bd60,20260821,20260905,0
25V611,253d0151,5ab20f4b,3bc37f12,20260821,20260905,0
25V591,78294874,168509ab,bfe69a16,20260821,20260905,0
25V431,3c6dda43,982ec6e1,c468ac75,20260821,20260905,0
25V452,74c1a19c,0e7ccb58,6149e5a9,20260821,20260905,0
25V524,72d05bcd,4b7242da,10cef00c,20260821,20260905,0
25V679,01028641,e93a7ad0,0abed469,20260821,20260905,0
25V890,24c585c4,557da426,8e404c30,20260821,20260905,0
25V832,591c0160,b99e0bb2,6c4596fb,20260821,20260905,0
25V588,56717ca1,79fa57a0,6034f2fd,20260821,20260905,0
25V525,9596a88a,900c0b0a,0d1b93ed,20260821,20260905,0
25V522,03dddfe9,6a4d047e,38571b5e,20260821,20260905,0
25V900,477756b4,03ece6f8,a89094f5,20260821,20260905,0
25V904,fe36a1ad,c54be183,31d75d5a,20260821,20260905,0
25V036,65b3d1fa,2d2ba753,e3276942,20260821,20260905,0
25V853,0b1c44b2,0624a3bc,1794bba4,20260821,20260905,0
25V867,88a6e343,36ee2d24,d96498d7,20260821,20260905,0
25V874,f6ee1bf4,ef0ba31b,fdb005ab,20260821,20260905,0
25V347,a441799b,5ab20f4b,c1a5b5bd,20260821,20260905,0
25E037,949d67b6,574fb8e6,783f9e34,20260821,20260905,0
25V878,44e520bf,c3716e6e,9668bcd1,20260821,20260905,0
25V879,a54adb88,dd76bab7,1dba8cc6,20260821,20260905,0
25T020,f531ef23,e5228cd9,244c9ea6,20260821,20260905,0
25V887,7b517eb6,bdb1b8c6,3b8bca94,20260821,20260905,0
25V889,9afeb832,c3be71bb,baedc56b,20260821,20260905,0
25V891,01a37ff1,e77d2bb5,71c0d5a2,20260821,20260905,0
25V898,2e454655,2014b84e,a74f8fba,20260821,20260905,0
25V061,84e89151,393b9181,5e6eeca8,20260821,20260905,0
25V064,8c9f004d,01bfcb5e,0688b092,20260821,20260905,0
25V070,442d257e,59308d8d,5f3915b0,20260821,20260905,0
25V072,46b255c2,2c1e78b5,dac465b2,20260821,20260905,0
25V279,047ab6d4,8789df4c,94b353bc,20260821,20260905,0
25V208,01d6a811,aae0a36b,fc39d5cc,20260821,20260905,0
25V210,9a466896,1ce4dcc2,95649785,20260821,20260905,0
25V079,ad163bd0,669c3668,b3db3f35,20260821,20260905,0
25V092,9a8134a7,6a6cf977,e3151b2a,20260821,20260905,0
25E011,fe08b2a3,66c6c87a,1ad22d65,20260821,20260905,0
25V094,fb36e770,ceead51e,e7b15197,20260821,20260905,0
25C002,308ea481,5f336a14,cb9dc7c5,20260821,20260905,0
25V097,bda7f978,a69ae527,02feafa8,20260821,20260905,0
25V098,63960f49,6bcc0276,f8f6fa6b,20260821,20260905,0
25V121,0162f683,de731b10,9b1b719e,20260821,20260905,0
25V102,349e5d2c,130a6305,87f2f0f1,20260821,20260905,0
25V105,45de90cd,f9994ea2,102b21e3,20260821,20260905,0
25V106,4f94ce85,c4986a2c,916a5f84,20260821,20260905,0
25V112,4b7203e6,c7e266ac,05b38042,20260821,20260905,0
25V113,cfe7b2e6,489a9bd7,5dfb1ef3,20260821,20260905,0
25V117,b1a200c5,ed649132,cd3db9a5,20260821,20260905,0
25V119,7c7b008e,aa7ef349,990d13c0,20260821,20260905,0
25V120,9493418a,4adfb1a0,ccb7fb4c,20260821,20260905,0
25V124,86a1e7ec,b587c6fe,0ffd43e9,20260821,20260905,0
25V123,4a2c9de0,7bc09c30,bdf3beac,20260821,20260905,0
25V138,ebd64d6a,8161d09a,aeb4d913,20260821,20260905,0
25V140,eb05815f,0d1169b3,31094401,20260821,20260905,0
25V141,f59d172c,6ef60611,c3c2a9a8,20260821,20260905,0
25T002,00a74124,442584ae,b8deaffb,20260821,20260905,0
25V146,d9e601a5,5b801135,28634fe4,20260821,20260905,0
25V147,300ab34b,69dfb062,2d83b4f3,20260821,20260905,0
25E017,ec152168,cb1a79d6,adc202c0,20260821,20260905,0
25V152,856f89a3,ee4fb6cb,11a7328a,20260821,20260905,0
25V154,740b7cbf,ec0c2863,3186b0ac,20260821,20260905,0
25V165,5341a7f2,a4813192,21d94626,20260821,20260905,0
25T004,63402fca,ae2e1feb,e1b59285,20260821,20260905,0
25E020,d326a19f,e8b08e97,89e41d02,20260821,20260905,0
25V177,9e3b6d47,258c4287,a85ac4ce,20260821,20260905,0
25V190,a8cc5720,a3e506ff,0555af2b,20260821,20260905,0
25V193,96c4f083,9aa862e7,a37eeca7,20260821,20260905,0
25V184,a7317354,efbe5dd2,1f3cfc17,20260821,20260905,0
25V182,aa3916b5,1daa818d,ebf2ed1f,20260821,20260905,0
25V200,5ff39ecb,ae2e1feb,f488cee4,20260821,20260905,0
25V205,46432df0,08cea7d7,843a4385,20260821,20260905,0
25V214,01342214,e6386bb1,8ad6ef13,20260821,20260905,0
25V206,efcf4c83,3f8b0f34,00d899ae,20260821,20260905,0
25V223,e24cdcfc,a71abcff,c07b1f61,20260821,20260905,0
25V231,233a155c,8e6124e9,07879d61,20260821,20260905,0
25V232,cb52425a,8af206f2,61b73500,20260821,20260905,0
25V244,b4ea7e7f,4709a0dc,36265412,20260821,20260905,0
25V245,2318ea8a,a2cfcbb5,beded204,20260821,20260905,0
25V294,425a6046,37b60ae8,b2dfc555,20260821,20260905,0
25V253,9a061fd1,93fad490,1ce6804f,20260821,20260905,0
25V250,2ddc7daf,fcd76ef2,e59d8930,20260821,20260905,0
25E036,5cff3e3f,2c1e78b5,5c90b11b,20260821,20260905,0
25V246,8a2b320b,998316fe,5d9517a8,20260821,20260905,0
25V266,d88cf11c,ef02486e,a3104d1d,20260821,20260905,0
25V270,45d1ab8b,ff9a098c,480ceb1b,20260821,20260905,0
25V261,694f8070,19d7f3d7,a41e0bf3,20260821,20260905,0
25V271,7651dc7d,5e69b47a,0d75cb42,20260821,20260905,0
25V278,7e321dfd,d4c018d8,ea21b904,20260821,20260905,0
25V276,f2576272,465899c0,37020159,20260821,20260905,0
25V285,a7786a05,29ea4d0f,a2c15e77,20260821,20260905,0
25V296,01fc5f25,de58e8c1,8b6117d0,20260821,20260905,0
25V303,f24d968e,630df682,d26a617b,20260821,20260905,0
25V305,c69027e0,a2cfcbb5,f860e390,20260821,20260905,0
25V307,0cf5e316,fb74d7b3,b0979d38,20260821,20260905,0
25E034,a0bdc72a,4e84793f,998113bc,20260821,20260905,0
25V318,30ca9fe2,7c342708,c76a7f31,20260821,20260905,0
25V323,72694f59,51668110,829fe730,20260821,20260905,0
25V330,ab0d25e4,998316fe,d180b9b3,20260821,20260905,0
25V337,ab73a6af,206dd31a,8358ecf3,20260821,20260905,0
25V338,78fe0fd2,ec308e7e,0cd23dab,20260821,20260905,0
25V350,f07ebf45,931fef00,a56cb2a9,20260821,20260905,0
25V346,69148b06,11ba1c4a,7ede7de9,20260821,20260905,0
25V343,bf43054d,adb9c551,4ba166fe,20260821,20260905,0
25V653,361270d9,0c6d7ec2,bb369309,20260821,20260905,0
25V050,08dd5662,f4f5d532,22d62bcf,20260821,20260905,0
25V313,3e301a77,0a08a2d7,89ff84a7,20260821,20260905,0
25V356,80123143,dd2e633c,6d519aa6,20260821,20260905,0
25V358,b607a9ca,06e9f9ae,13d36ec4,20260821,20260905,0
25V333,b3b35c47,a8adbbbd,050a15b2,20260821,20260905,0
25V008,045c07d0,0ffbb6e0,92e40ada,20260821,20260905,0
25E001,576efd1b,5aeab007,c4c82826,20260821,20260905,0
25V567,931551d4,82e923ca,98d25d35,20260821,20260905,0
25V577,5381eece,57ae5814,a1f21ce2,20260821,20260905,0
25E063,d9c80e08,dd76bab7,0a10f140,20260821,20260905,0
25V585,4206c25a,5e26a4af,c27fbe0e,20260821,20260905,0
25E053,83371212,2208d2ec,bc42d07b,20260821,20260905,0
25V584,6f229a12,c5b417fd,0f1ab712,20260821,20260905,0
25V594,a3ed7995,1d7f05af,7839312e,20260821,20260905,0
25V593,f590712b,7e07143f,1bed52f6,20260821,20260905,0
25E056,6d20cef4,59308d8d,d6fe9744,20260821,20260905,0
25V612,b7ecefea,59fd8854,f18c509e,20260821,20260905,0
25V622,f5c46441,53d9658d,dd02afe7,20260821,20260905,0
25V618,11766aaf,2dc94874,1ae53875,20260821,20260905,0
25V628,46f6da91,107f5372,298c8626,20260821,20260905,0
25V625,70421a8c,ee599888,94811d66,20260821,20260905,0
25V631,59712d24,7ed37eb5,d2eb63d0,20260821,20260905,1
25V620,b5ca60b2,a7ba9185,5e9ca053,20260821,20260905,0
25V660,1c8103ab,4d2fc175,432cb2dd,20260821,20260905,0
25V646,453b2b0a,9edab7ac,ce0c6560,20260821,20260905,0
25V641,acd1797a,3127a0a1,85b0e0dc,20260821,20260905,0
25E062,316394b5,ae4695d5,4420ff35,20260821,20260905,0
25V635,d1d750ce,2058dc9c,b818904e,20260821,20260905,0
25V639,317471d6,40cfe71d,a31c71f6,20260821,20260905,0
25V649,9b793ae3,1bb9ab07,60c98924,20260821,20260905,0
25V654,9b5c091a,1be1435d,f4a297a9,20260821,20260905,0
25V667,c498cb43,36a605df,dfeb0140,20260821,20260905,0
25V663,121b7330,35869053,20642293,20260821,20260905,0
25E065,d22bf311,9fe925e9,635f9c15,20260821,20260905,0
25V460,85a2d87f,97a1d047,693f3ee2,20260821,20260905,0
25V681,ba997490,37a7deb2,d7ce221a,20260821,20260905,0
25V682,c53ff17e,4d230d47,ddab12b2,20260821,20260905,0
25V686,c7c14798,0edee99b,08655fee,20260821,20260905,1
25V675,b52584e2,4d874877,61803b38,20260821,20260905,0
25V689,0fe9f830,2ac96944,ec1f9b7d,20260821,20260905,0
25V695,4d01e020,da5b82e8,8fa576fb,20260821,20260905,0
25V680,5e4cf82f,38fc2b50,52833824,20260821,20260905,0
25V792,9738a72f,990fea42,fe7bf872,20260821,20260905,0
25V732,cea6a516,5ab20f4b,955a2560,20260821,20260905,0
25V794,4e199b6f,332f8f04,c512d947,20260821,20260905,0
25V756,cc85ccca,d55377b2,2c075f11,20260821,20260905,0
25V762,2ec8fee9,ee599888,c41bd163,20260821,20260905,0
25V692,29b0525e,31329c18,56da42bd,20260821,20260905,0
25V687,0bc97c68,6ab95631,656be8a5,20260821,20260905,0
25V562,b3df641a,4b1368c2,879de734,20260821,20260905,0
25E069,d6757cbe,1daa818d,00d50803,20260821,20260905,0
25V705,40bb0a30,6dcd3f03,22516033,20260821,20260905,0
25T018,992a13fb,68e4c289,a3cab48b,20260821,20260905,0
25V691,22c0e31b,a01ee927,d634e8be,20260821,20260905,0
25V712,08627dc4,7764efe1,a58661af,20260821,20260905,0
25V723,7da71e9f,fc5bf3d4,0a472ee1,20260821,20260905,0
25V721,0b54c06b,9100d09a,c5edaa6b,20260821,20260905,0
25V729,f547a2c4,7b6f6b80,bf15592d,20260821,20260905,0
25V730,78c80663,b2a444f5,9280d8e8,20260821,20260905,0
25V731,e3749433,ae517eb7,2a423cbe,20260821,20260905,0
25V718,5c31f7ef,d7d8a52c,b475ebb1,20260821,20260905,0
25V736,61a90d54,0ecced02,34596abd,20260821,20260905,0
25V738,8645b922,3b4f6d3f,e996eaea,20260821,20260905,0
25V507,2e3b8411,16ae56cf,a6061dd4,20260821,20260905,0
25V570,0c24a403,51bc5fbd,ec5caa94,20260821,20260905,0
25V587,c52f6dfc,1daa818d,8caf27d4,20260821,20260905,0
25V573,44b6e751,a838538c,f26324ec,20260821,20260905,0
25V582,38de4fb5,f52b487a,6ae684b7,20260821,20260905,0
25V571,ed6a70e1,93b60ca8,8b83999a,20260821,20260905,0
25V589,af50d210,d3307703,044dbb18,20260821,20260905,0
25V503,e86d7734,e70ed60d,db61c8d7,20260821,20260905,0
25V218,86323510,245db01d,b6600de0,20260821,20260905,0
25V673,c8d01a09,eecd99c3,1838d8f3,20260821,20260905,0
25V599,8086a948,e7c15f30,cfbf4746,20260821,20260905,0
25V215,ebabe745,f57bed17,06c819f0,20260821,20260905,0
25V199,59cff490,b0193e05,695b3e0c,20260821,20260905,0
25V758,7fee0a0f,c5b417fd,f37639d6,20260821,20260905,0
25V493,b6ee9086,7e07143f,f5319d00,20260821,20260905,0
25V491,cf56bd5d,ebf52fb8,92127e31,20260821,20260905,0
25V581,58c843ed,5c1d12a0,3d31ee72,20260821,20260905,0
25E055,04df845a,c5b417fd,78a152e9,20260821,20260905,0
25V590,43b6a742,cd9f2cb6,2f733149,20260821,20260905,0
25V843,85c13e40,14ddc937,9a65785f,20260821,20260905,0
25V360,0419d31d,ed091600,9a88548e,20260821,20260905,0
25V357,60e423b2,c01f6331,874c7703,20260821,20260905,0
25V354,aa31be1d,4199241d,0d1b98c5,20260821,20260905,0
25V045,20f76254,8080a107,a44ebf20,20260821,20260905,0
25V382,d9c692c7,05f48b13,f5e40fdd,20260821,20260905,0
25V383,800d2d19,18f7fbf0,9d3d3dfa,20260821,20260905,0
25V778,4bed6ce4,4583c9fd,e32eceb1,20260821,20260905,0
25V777,fa9aabb5,5227a841,0ddfb802,20260821,20260905,0
25V755,2fc06539,14d44ce6,20aed212,20260821,20260905,0
25V763,3ba9b452,f2df573b,d7d46c30,20260821,20260905,0
25V621,a72a5961,53d9658d,63a06971,20260821,20260905,0
25E074,9cc2cb23,8592207d,c31b7d82,20260821,20260905,0
25V752,6e2e1af0,e7e43d50,36a5d1d7,20260821,20260905,0
25V766,2ec00d71,f7be5099,fc791c7d,20260821,20260905,0
25V720,2daa728d,ec43f6de,0f3ba87f,20260821,20260905,0
25V803,e1f0a507,adaf3884,8c4e512e,20260821,20260905,0
25E077,495b2b8c,e0b1a5b2,679977c9,20260821,20260905,0
25E078,5e316310,e0b1a5b2,2b222a7c,20260821,20260905,0
25V799,c9d76022,b4a70fce,c99b0e88,20260821,20260905,0
25V806,292a346e,551abb96,123d4fa0,20260821,20260905,0
25V796,ef56d834,332f8f04,ccf97b00,20260821,20260905,0
25V809,099b2720,01d9016a,2c85f3a5,20260821,20260905,0
25V805,4c38c709,baceb732,f2c9d989,20260821,20260905,0
25V823,0ead96f7,37de7f28,b9a5b9bc,20260821,20260905,0
25E086,41d23b7c,6c0d9919,1ef6a066,20260821,20260905,0
25V847,a8784dd8,46815a3c,4547eedc,20260821,20260905,0
25E083,f770e064,ed3c081f,390deb61,20260821,20260905,0
25V852,8b39c9f6,7ab1f2f1,f635cd46,20260821,20260905,0
25V597,7ecea471,2c1e78b5,0b3943aa,20260821,20260905,0
25V851,f985cc90,dd76bab7,1d875b9f,20260821,20260905,0
25V857,70dfa6ec,619d8249,7b95b26b,20260821,20260905,0
25V855,bd3881ed,a6b7ee2a,90fb7217,20260821,20260905,0
25E087,6c3fc9f8,dd76bab7,dc2d7bce,20260821,20260905,0
25V861,21dc346f,dd76bab7,c8fa7a38,20260821,20260905,0
25V868,815fbcd5,ed8ca2c7,25b0252b,20260821,20260905,0
25V684,25bcbb70,d992a861,306dcf61,20260821,20260905,0
25V668,f91ee428,27e2658d,0a304ec0,20260821,20260905,0
25V678,83c96989,92c15736,db887bb1,20260821,20260905,0
25V661,93edcecf,7e38dff4,4f642589,20260821,20260905,0
25V674,56cfd340,9fe925e9,5261f62b,20260821,20260905,0
25E064,be6ea3ec,36a605df,d48ab4a3,20260821,20260905,0
25V666,538c693a,1695e5e8,34569d27,20260821,20260905,0
25V657,32268a7d,03ece6f8,8b9fb346,20260821,20260905,0
25V662,7cb5584c,e8f87e64,73d1b27b,20260821,20260905,0
25V615,d0f83d2c,0228b79e,7d8a9572,20260821,20260905,0
25V906,3d74b598,99819c45,f6bcc2fd,20260821,20260905,0
25V910,826be941,6c87f343,83be2167,20260821,20260905,0
25V442,8196a6c0,94071f78,02958ebb,20260821,20260905,0
25V912,9727325c,9ac4ca82,635434fe,20260821,20260905,0
25V009,01e0a114,40efa1a6,359483e7,20260821,20260905,0
25V016,12679b0e,1ef50963,bc53f16f,20260821,20260905,0
25V022,4878933c,98612537,f6496418,20260821,20260905,0
25V024,1ea57c0a,9a615c0d,fb8406b1,20260821,20260905,0
25T001,bb2e5b43,098275b2,da768b4d,20260821,20260905,0
25V026,8502d3ca,7495e51f,cb77b320,20260821,20260905,0
25V030,ec62a058,887458e3,b7e5cce9,20260821,20260905,0
25E003,1ad91959,7e1862c8,c8e46dea,20260821,20260905,0
25V011,f862226a,7e1862c8,bf85072c,20260821,20260905,0
25V042,658e7810,0c521c53,4f8beffb,20260821,20260905,0
25V048,9ac5723c,ca30bad2,458685d4,20260821,20260905,0
25V049,3d020d67,f9994ea2,8fdccf98,20260821,20260905,0
25E007,ab4f93f2,54b8acb0,e8f530af,20260821,20260905,0
25V051,82bbda21,9081d9d9,30fc4988,20260821,20260905,0
25E009,f6168af7,e604a167,fdb40684,20260821,20260905,0
25V740,80bc7bcb,acdaf792,02902f12,20260821,20260905,0
25V227,5fba7cf2,fc7d45f3,b1a6e13c,20260821,20260905,0
25V748,0b88afb5,0236533f,8d25be1f,20260821,20260905,0
25V059,36191c99,c8a4e83c,7c46733a,20260821,20260905,0
25V086,ee851c37,02237256,1c6a651e,20260821,20260905,0
25V040,4f170423,4c1e76de,545e9f50,20260821,20260905,0
25V753,f187fbea,abfdaf64,aa039a6a,20260821,20260905,0
25V760,6417314b,8b738ff7,b16ac5ae,20260821,20260905,0
25V782,c6c4f1e4,03f1e01c,25033113,20260821,20260905,0
25V781,53fceede,4fd29f6f,a99b3818,20260821,20260905,0
25V771,952d0a6b,16ca4252,648efae0,20260821,20260905,0
25V770,e2f30398,e7e43d50,883bf271,20260821,20260905,0
25V773,efb6e356,cdaaa4e4,0e75fb0b,20260821,20260905,0
25V764,79c3d7c7,563d718a,eb4fb483,20260821,20260905,0
25V776,30777564,27015767,7fa7d0d8,20260821,20260905,0
25E073,250c1047,e0b1a5b2,a14d66bb,20260821,20260905,0
25V784,adfaa823,9d82920c,e72bb333,20260821,20260905,0
25V783,33a63de2,b9cfc003,3e9eca5d,20260821,20260905,0
25V798,e0476251,15f9fb14,99170442,20260821,20260905,0
25V802,9ed5807d,1757b5d8,26898a9f,20260821,20260905,0
25E076,1772a063,4b8b8bf5,b4d8d4de,20260821,20260905,0
25V790,7db2f0af,1d340af5,3ca76f83,20260821,20260905,0
25V810,9dbde53d,88fa6e29,52a6e41a,20260821,20260905,0
25V816,0d55b5b3,f3ada882,4cdddc4c,20260821,20260905,0
25V811,ee13fc17,e335b90a,e54a8adc,20260821,20260905,0
25V821,37937c8c,03ece6f8,98871814,20260821,20260905,0
25V838,70645401,d96d529a,ccc3ac1c,20260821,20260905,0
25V824,5d6addf2,4f9b0718,74cb77cc,20260821,20260905,0
25V845,7c00bc1f,15ba15c2,65d5d3ad,20260821,20260905,0
25V849,c7e8b865,dd76bab7,0d889167,20260821,20260905,0
25V848,267cc34e,f591b323,55da8fca,20260821,20260905,0
25V866,d926f7ff,d831aa2c,9b17d8bb,20260821,20260905,0
25V869,896cd461,b6cb45fe,614ecfb5,20260821,20260905,0
25V873,60a41b27,5886ca10,18e532e2,20260821,20260905,0
25V872,6ef66acc,f45d1865,5add3723,20260821,20260905,0
25V877,fd141c4b,dd76bab7,d0ceb551,20260821,20260905,0
25V880,7aed3275,dd76bab7,01f073ef,20260821,20260905,0
25V882,744711c8,607ba339,9d475cad,20260821,20260905,0
25V895,4f7c2d95,a43f145b,bdbede9d,20260821,20260905,0
25V897,ab0695df,ae52370e,794d9e90,20260821,20260905,0
25V892,c1b4cfe1,e77d2bb5,a0d95b58,20260821,20260905,0
25E091,40ea3f41,8a297688,d23cf064,20260821,20260905,0
25E092,65f5f307,aaa9ded4,401776ad,20260821,20260905,0
25V907,ba7792ac,9ea03911,d38ad345,20260821,20260905,0
25V902,59f2b2b3,0134f608,cf2f9185,20260821,20260905,0
25V909,376a5caf,0729cb6c,67973270,20260821,20260905,0
25V467,0b8a1a4b,926bf2a0,950acbda,20260821,20260905,0
25V455,bbf2e8b1,15f9fb14,3da6d9e5,20260821,20260905,0
25V471,c0863584,998316fe,ac5112d0,20260821,20260905,0
25V080,72bb12c8,0df5c9d5,618d4387,20260821,20260905,0
25V496,737743a1,4dd6f240,7e92d02d,20260821,20260905,0
25V489,d46c8552,3d6ada07,694047c3,20260821,20260905,0
25V492,7b98eea4,2243b3c8,f7b9f571,20260821,20260905,0
25V497,1f34a213,efbe5dd2,b245e3c5,20260821,20260905,0
25V495,f43018a2,c4852d7d,5c0de7e9,20260821,20260905,0
25E048,76b6187f,fc778d31,ad78345b,20260821,20260905,0
25V510,b24ff4cb,76792d2b,5c020d2a,20260821,20260905,0
25V509,b399d09b,764a5009,499d82d1,20260821,20260905,0
25T015,7e9cfe5a,5c1b4d3d,51d662de,20260821,20260905,0
25V523,133f6877,15f9fb14,83bc3637,20260821,20260905,0
25V528,42da2120,94aad61f,deedd9d4,20260821,20260905,0
25V540,018a4d3c,92d6e777,391d25b1,20260821,20260905,0
25V539,dd15d367,b49469e4,72a80f03,20260821,20260905,0
25V538,73bda7b1,d34ebba1,9cac810c,20260821,20260905,0
25V543,13023361,3ebcfd58,8244d689,20260821,20260905,0
25V548,3f36fcfd,1daa818d,73a1030c,20260821,20260905,0
25E052,a27e7696,36a605df,6d9ef517,20260821,20260905,0
25V557,73708305,c6cfe5b4,fa9d7d8b,20260821,20260905,0
25V564,ea03e9f0,6b5db06c,aa5af359,20260821,20260905,0
25E051,479c98e5,228a62a5,87e5f623,20260821,20260905,0
25V561,c57206c6,8d15519b,76288c5f,20260821,20260905,0
25V576,81be519e,1daa818d,f56d16ca,20260821,20260905,0
25V025,9928afca,185eef94,95673ce3,20260821,20260905,0
25V353,b84297b4,0949ad87,f365bfc7,20260821,20260905,0
25E006,c5985425,d97dbe33,f86298e0,20260821,20260905,0
25V028,67373628,555c7d08,e66c8f44,20260821,20260905,0
25V017,96165d6e,1ef50963,07b50da7,20260821,20260905,0
25V031,da77f691,6a7557fc,5431546a,20260821,20260905,0
25V032,ddf28eed,1ef50963,7b050df5,20260821,20260905,0
25V037,c3086aad,1daa818d,b09e298f,20260821,20260905,0
25V038,60eb6b4f,08cea7d7,385839bb,20260821,20260905,0
25V060,89bef161,ad046b74,8fe4d40c,20260821,20260905,0
25V069,8369b7bf,5dec244d,c5b2f810,20260821,20260905,0
25V073,b3903cb4,744f83cc,0416d395,20260821,20260905,0
25V074,674e0ec0,59a642ff,e9167168,20260821,20260905,0
25V076,58d57f03,ac502610,d2078860,20260821,20260905,0
25V066,d1114190,3483eed3,b6ce7a6c,20260821,20260905,0
25V067,bd4efa6a,eadfbe25,fa213817,20260821,20260905,0
25V071,794422d8,01547f6e,dd5dd525,20260821,20260905,0
25V058,d621b4aa,fa0ed626,7ad06b62,20260821,20260905,0
25V344,a51a74b5,5b4aee26,157dab2d,20260821,20260905,0
25V087,fada5e26,8f9e82ab,f0a07c0b,20260821,20260905,0
25V095,1cd5b956,6cb95593,c553629d,20260821,20260905,0
25V090,247261a1,b4b05985,1e2c1bc4,20260821,20260905,0
25V108,fdc7c999,bc5ceb16,73ff8ab3,20260821,20260905,0
25E013,1cc3e1ff,efbf29f0,0b07534e,20260821,20260905,0
25V116,db64e72c,259b9dfc,df10ba89,20260821,20260905,0
25V134,ab91f84a,40935366,e08ba9c5,20260821,20260905,0
25V130,a17fd102,3d9d9d3d,734bae2b,20260821,20260905,0
25V145,bffa9646,245db01d,9a9c5271,20260821,20260905,0
25V149,ec32f9e4,8df39696,dee9e8ac,20260821,20260905,0
25V151,4cf3ab1a,8205918d,2d7c1c88,20260821,20260905,0
25C004,a831e89c,2b065fae,6ca4d559,20260821,20260905,0
25T003,3b631731,a5eda343,1b6ce324,20260821,20260905,0
25V159,c44d0dac,449c7945,edd0c960,20260821,20260905,0
25V164,d2c270af,7211cd3b,c1b5c5a6,20260821,20260905,0
25V166,94b2fd95,cf1f5a70,d669dfc1,20260821,20260905,0
25V167,10441fab,ee463fb1,49088d84,20260821,20260905,0
25V168,743e4414,242fc003,febf1f44,20260821,20260905,0
25V178,eb07d5b3,852d2b5e,7a66b610,20260821,20260905,0
25V187,0f2ef0ad,fcf0a1de,ba28b557,20260821,20260905,0
25V191,4ceffe39,35502fd0,df7c74aa,20260821,20260905,0
25T009,a2f4f0aa,d8f25ad3,f7aaf04f,20260821,20260905,0
25V194,5238bb39,5592c305,ab55cb48,20260821,20260905,0
25V195,d411a8b1,c93e0d76,c839bdea,20260821,20260905,0
25E022,87ee0518,3f8b0f34,43b539d2,20260821,20260905,0
25V198,f1c2c650,15784610,13ee9800,20260821,20260905,0
25V230,3f72ee6d,f0f39e53,83feba65,20260821,20260905,0
25V201,ecbbe6f6,f9994ea2,a6c72c9a,20260821,20260905,0
25V209,60dc3b66,16a39d96,82a4144b,20260821,20260905,0
25E023,e04d0708,d39b8145,4911ab9e,20260821,20260905,0
25V384,43f30aa5,70bcc498,09496476,20260821,20260905,0
25V367,645e4fbb,f604d626,cbe5736e,20260821,20260905,0
25V251,c792fa80,7d5af0da,1fe07a69,20260821,20260905,0
25V213,8bc4cf77,44bfdd27,0a03fccc,20260821,20260905,0
25V226,ed6d73ab,e9c8952d,b18125cd,20260821,20260905,0
25V239,51997f1d,1589d5c9,248d023c,20260821,20260905,0
25E027,0f8028a7,be19d699,a2c63db7,20260821,20260905,0
25V225,9cc15af6,43d3fdf5,df455d5f,20260821,20260905,0
25V235,5cb1ea27,1de12259,d88cbc9f,20260821,20260905,0
25V238,6cf4e144,9166e191,f4d9e3ec,20260821,20260905,0
25E028,edb40cba,efbe5dd2,9cc5390f,20260821,20260905,0
25V256,b22f32be,c9250918,6c1996d7,20260821,20260905,0
25V264,f6054e81,11ae5cc0,027887f2,20260821,20260905,0
25V267,a6390f58,a2cfcbb5,8e6b0da8,20260821,20260905,0
25V268,ec37aad2,18e56cf6,b92faf79,20260821,20260905,0
25V269,249c1c12,87692ccc,6abc103a,20260821,20260905,0
25V262,cf7938ab,19d7f3d7,a41e0bf3,20260821,20260905,0
25V277,ca88fb41,11ae5cc0,f4491472,20260821,20260905,0
25E029,70c7b364,730d01fe,1b151287,20260821,20260905,0
25E031,e3e0df44,ff91acfb,ad2501ee,20260821,20260905,0
25V288,df2951b1,703dc06b,8fdeba01,20260821,20260905,0
25V314,04e83ce4,6c0d9919,c5cfd389,20260821,20260905,0
25V289,7ae27acc,18e56cf6,d9d947ff,20260821,20260905,0
25V291,83c63b37,44301f6e,c579ee05,20260821,20260905,0
25V295,2de81222,0b2ac67f,c0bfd54c,20260821,20260905,0
25V297,72ddfb9f,f3c01229,05da399f,20260821,20260905,0
25V298,4ccfda43,dffd3f08,32c6b9b6,20260821,20260905,0
25V309,9b49640f,8521d664,6c7feb47,20260821,20260905,0
25V311,2993a6a0,54dafadf,3a8c2ea8,20260821,20260905,0
25V312,5a1a185a,58d80ba0,663fd3b1,20260821,20260905,0
25V293,37d13f66,0228b79e,363b7b88,20260821,20260905,0
25V282,53f53d51,0228b79e,00a5b511,20260821,20260905,0
25V272,3ac3673e,4bf0ba21,d2402f70,20260821,20260905,0
25V788,9b1de3e7,92d6e777,50c40d75,20260821,20260905,0
25V769,efbec2dd,99eb04ad,ee8a4ed7,20260821,20260905,0
25V761,33b3d58b,e7e43d50,d186f584,20260821,20260905,0
25V767,5ce4bb7c,1daa818d,8a33b592,20260821,20260905,1
25V407,c6b69653,d8a66d7c,20701936,20260821,20260905,0
25V768,c556939a,c76a045d,a2efb6f9,20260821,20260905,0
25V772,87de1b36,dd76bab7,0d51a3bf,20260821,20260905,0
25E072,84a4e48d,8b738ff7,9b147bef,20260821,20260905,0
25V380,42cc9834,cfe93fcc,5556fcb7,20260821,20260905,0
25V779,063acf71,dd76bab7,a9cea86c,20260821,20260905,0
25V785,ba1fc10c,ab61b241,a998cb44,20260821,20260905,0
25V791,9e5e586c,1a12321e,e76009c3,20260821,20260905,0
25V795,d584acac,7495e51f,255b5f42,20260821,20260905,0
25V797,bfbcfe62,fa8877d6,21787893,20260821,20260905,0
25V800,82abdb66,d766f72b,bf547fab,20260821,20260905,0
25V804,0ddaaf88,adaf3884,acd7aab5,20260821,20260905,0
25V793,8d54a6ef,c067bfba,45337e35,20260821,20260905,0
25V807,e5f9836c,b2a444f5,975e846a,20260821,20260905,0
25E079,cf260d81,e3552216,e7614401,20260821,20260905,0
25V814,b44ced86,5f4f0a64,21084e6e,20260821,20260905,0
25V817,aced5e17,8b55de39,db6cc9fe,20260821,20260905,0
25V255,06839aa8,cde184ab,81d80dca,20260821,20260905,0
25V349,e844e009,54b8acb0,fe4d7b6c,20260821,20260905,0
25V348,ad073bcd,b37320f9,48931159,20260821,20260905,0
25V334,da7152f2,48d9bb5c,cae6b58b,20260821,20260905,0
25V339,9c8a0277,7bc09c30,bfcf3182,20260821,20260905,0
25V327,a019a0d1,75d26d7a,5555ae32,20260821,20260905,0
25V335,10e15a52,504b8fb8,f62da0c9,20260821,20260905,0
25V325,382519d6,9457c0f8,1a68ab19,20260821,20260905,0
25E038,e1b020a9,751d1974,e721cd66,20260821,20260905,0
25V302,2efe961e,a838538c,5e50e228,20260821,20260905,0
25V359,88d0a7a9,84739814,2492bf7e,20260821,20260905,0
25V372,7d562832,765a52ec,c81dc8be,20260821,20260905,0
25V373,63a9b4a0,d70a1488,e74c7a37,20260821,20260905,0
25V374,8bf72f6a,1f4114ba,571284ba,20260821,20260905,0
25E040,94557249,43eb55a8,d1d2eab6,20260821,20260905,0
25E041,f8b5cb36,22b475e0,9e561dfa,20260821,20260905,0
25V376,14915650,15f9fb14,1967075b,20260821,20260905,0
25V118,183fefdf,1a30366d,102cc300,20260821,20260905,0
25V131,5cbd486f,0bbff2b9,44a60f87,20260821,20260905,0
25V137,fcb1f92b,8161d09a,aeb4d913,20260821,20260905,0
25V379,3a62afdc,970aac90,9a00d9d0,20260821,20260905,0
25V217,0922567f,4ab2fe0c,1c70f53f,20260821,20260905,0
25V387,ddaffd10,7fbc30cc,42835b07,20260821,20260905,0
25V404,0ec9ca52,bed8015c,f211a02c,20260821,20260905,0
25V473,eb9e70f5,d5a6f891,a79e8570,20260821,20260905,0
25V863,0e8aafb7,1d095fbf,7239f224,20260821,20260905,0
25V859,ea3e2b95,d5ff79ea,8149cef0,20260821,20260905,0
25V870,37c1a6a9,dd76bab7,4aed651b,20260821,20260905,0
25V884,003ab93b,f18e3c20,75342afb,20260821,20260905,0
25V871,1a5f7bd0,fd9b2f25,cff1cdbc,20260821,20260905,0
25E089,e38fb2ac,607ba339,8df5ec68,20260821,20260905,0
25E088,28fb0761,43eb55a8,b00ae5c3,20260821,20260905,0
25V886,16727ce2,49ba0734,9b74ea4e,20260821,20260905,0
25V888,ca5e0942,58d80ba0,85624848,20260821,20260905,0
25V893,6bb03c75,8a297688,be2c7ec3,20260821,20260905,0
25V894,d1d7133e,f4f5d532,cfd0fbc5,20260821,20260905,0
25V875,526235a3,f92e3e72,3d3fbc1d,20260821,20260905,0
25V901,c2f8d034,0134f608,2d9f5d40,20260821,20260905,0
25V899,25e940a0,3478f77d,65fb2144,20260821,20260905,0
25C011,65f81635,eae4dcf0,a13bcd8f,20260821,20260905,0
25V908,1f595b83,18fc7720,f9d89854,20260821,20260905,0
25V913,fd176921,f762ae11,f9f4a98f,20260821,20260905,0
25V158,9f3ef298,e010947a,72ebd2a7,20260821,20260905,0
25V521,637a17ce,cbb1fbdc,36e1324d,20260821,20260905,0
25V905,234c5fbf,302f949b,94c3a4fc,20260821,20260905,0
25V911,7c6c054b,9b78a4f4,f10db0f6,20260821,20260905,0
25V600,a70f646d,e7c15f30,db731145,20260821,20260905,0
25V514,46a41e26,7ef65bf9,34282267,20260821,20260905,0
25V505,21828033,4f7fa87d,fa480793,20260821,20260905,0
25V511,a2bfa3cb,c82db6f0,7c78daae,20260821,20260905,0
25V516,520a827d,92d6e777,b19d9985,20260821,20260905,0
25V500,0ebeb9b0,b8f1f8fa,d8a41d58,20260821,20260905,0
25V685,b617b4bb,c433a597,cc88baa5,20260821,20260905,0
25V027,68c56c22,5135281a,69afa517,20260821,20260905,0
25V057,f60b55fb,7d5e8305,5d509a23,20260821,20260905,0
25V004,00b5512a,34b97783,198759f9,20260821,20260905,0
25E005,195e0a6f,442883e0,497154c7,20260821,20260905,0
25V023,bb2ac7fe,8ad13ce3,7a391430,20260821,20260905,0
25V033,3162afdb,8e744f7b,06a93c6a,20260821,20260905,0
25V034,47a7e945,9081d9d9,44738179,20260821,20260905,0
25V056,ac1ee7ed,6579bfce,5b72158f,20260821,20260905,0
25V055,b4703a7d,d7830be3,409b94f2,20260821,20260905,0
25V075,1b743045,0907f576,d335b69e,20260821,20260905,0
25V081,cc19e1eb,96b6bb8c,cc5cf907,20260821,20260905,0
25V082,340c33f3,1ef50963,320bdd27,20260821,20260905,0
25V091,f0c29a42,c51536f8,b72288b8,20260821,20260905,0
25E010,6b26a76c,751d1974,7dd883f9,20260821,20260905,0
25V084,b3e8e4de,9206cbf5,b9fcd3c2,20260821,20260905,0
25V088,5bd53711,1f6b3eaa,1752bdcf,20260821,20260905,0
25V093,8e7b8ede,ca3f1450,38d4aada,20260821,20260905,0
25V099,099efc62,aba2a28b,3c76029b,20260821,20260905,0
25V143,4dc61c53,525585e4,2f35b213,20260821,20260905,0
25V103,c83fe73c,e3065725,b1299c98,20260821,20260905,0
25V107,54ab736f,0e93b492,19d4905e,20260821,20260905,0
25V109,61bcf20e,284fb8a1,8a7d3df9,20260821,20260905,0
25V110,fd085fc4,7d6e5b11,11446c46,20260821,20260905,0
25V111,a3f5a50f,a16cd9ac,6c1b31dd,20260821,20260905,0
25V125,be1f01c7,1daa818d,c21bcee2,20260821,20260905,0
25V126,b7454a6e,cf6e639e,313694d7,20260821,20260905,0
25V129,bd451747,1daa818d,efac7f88,20260821,20260905,0
25V135,6f589ef5,2d5cdf72,6274bdc7,20260821,20260905,0
25V150,96eb94c4,0efa2c47,dd5bc42c,20260821,20260905,0
25V408,7ce37f42,27015767,245365df,20260821,20260905,0
25V136,2c6ec4b0,63b7a198,bed6b628,20260821,20260905,0
25C003,20e42638,1185f8b7,f885b6fc,20260821,20260905,0
25V153,b425bcc0,0314b737,d4dce5eb,20260821,20260905,0
25E019,fc960d5e,540cc2d2,f240629e,20260821,20260905,0
25V172,0c46db68,a5af1dc5,ffbc36e8,20260821,20260905,0
25V247,1432b297,8d48a5f7,b337f2b7,20260821,20260905,0
25V160,568aa0e1,f4f92911,f77ac48f,20260821,20260905,0
25V161,0e15caca,888b7319,100055a4,20260821,20260905,0
25V163,7846886e,39f1c5f3,f26416fc,20260821,20260905,0
25V171,6ec7ea21,0e8dc1d0,533d426c,20260821,20260905,0
25V176,b194cc39,258c4287,f8df4a9e,20260821,20260905,0
25V174,4b9ddeb3,ad0b6e1a,a1d0cc22,20260821,20260905,0
25E021,362c680a,ea64e553,aa923b32,20260821,20260905,0
25V207,5a59395c,552e6cb2,b41fbcda,20260821,20260905,0
25V188,36ee7f8a,5c8f98a5,7c96bdad,20260821,20260905,0
25V196,04832762,8229029e,fc5db004,20260821,20260905,0
25E024,aa5dd094,a57848df,ebdfaac9,20260821,20260905,0
25V185,6c8d166b,efbe5dd2,4dd2493a,20260821,20260905,0
25V202,6ad6da8e,01ad5920,a82741da,20260821,20260905,0
25V203,bcc75e57,2456f7b5,c4d99993,20260821,20260905,0
25V219,6b2a73d1,029cb86c,4050149a,20260821,20260905,0
25V221,ff220e82,2056b02a,55c8a555,20260821,20260905,0
25E025,1080888e,f591b323,7107885c,20260821,20260905,0
25V233,0621e873,e2c6a7fe,f66f457d,20260821,20260905,0
25V241,90f3e7f6,2c1e78b5,8e12eae0,20260821,20260905,0
25V242,f1b105fb,449c7945,8775bf83,20260821,20260905,0
25V243,c658e5f0,387db96f,97ddf79b,20260821,20260905,0
25V228,2699fb4d,87828f16,569555c3,20260821,20260905,0
25V237,9ad1851b,17ebaedc,5428935c,20260821,20260905,0
25V248,0c2260a9,6a5847f5,0fbe2257,20260821,20260905,0
25V254,a5624f59,e2c6a7fe,4d31712d,20260821,20260905,0
25V257,36af3ef9,c9250918,05a6be99,20260821,20260905,0
25V258,9d45833f,b2dfa402,7ee13513,20260821,20260905,0
25V259,fa49c171,94766ac4,c90b24c9,20260821,20260905,0
25V263,d028fa1a,92d3885e,aeb32c73,20260821,20260905,0
25V265,d1b4cf28,0378bcab,fb60df3d,20260821,20260905,0
25V274,d520753f,8c8aa6e1,39a9c970,20260821,20260905,0
25V281,f028769c,a2cfcbb5,ec8deb70,20260821,20260905,0
25V275,05070afa,9f3e4edf,ad37a8e8,20260821,20260905,0
25V280,9e8faab6,0228b79e,0b91358d,20260821,20260905,0
25V299,da2be995,37f87421,f0430a7b,20260821,20260905,0
25V317,3545ad1d,3ba46a02,9a0ba2ab,20260821,20260905,0
25V283,38aacd85,cdfd3c50,8f08a8b4,20260821,20260905,0
25V287,632c1372,11ae5cc0,494fce8e,20260821,20260905,0
25V300,448107a0,dbb6e70e,2dc4c42f,20260821,20260905,0
25V304,8c23694b,a2cfcbb5,0a3da06d,20260821,20260905,0
25V306,2df3ce1c,56d2c957,41c1d4fb,20260821,20260905,0
25V315,895b3664,b9deb93c,8ad5d51c,20260821,20260905,0
25V326,fad2e9b3,efbe5dd2,00381b9f,20260821,20260905,0
25E033,c713e3a7,a838538c,f3f6e36d,20260821,20260905,0
25E035,5d6dc8a7,e3c3af2f,75832f56,20260821,20260905,0
25V572,2549efd7,9ed2e3a8,2d630af6,20260821,20260905,0
25V568,1d085cc6,1ac99e12,6069207e,20260821,20260905,0
25T016,2e583abb,23bf1819,ae1a0c06,20260821,20260905,0
25V542,1f016e08,bf110f2f,8799b1b7,20260821,20260905,0
25V583,6a6ad2ca,a2e9cc91,3680d479,20260821,20260905,0
25V574,833166e7,5a8532c0,2e0f67e1,20260821,20260905,0
25V575,2f5903c3,85eb9213,8768334d,20260821,20260905,0
25V579,2d03f918,62c118a7,4749d8ca,20260821,20260905,0
25V578,b9942dea,7e85108c,2c2d4cf1,20260821,20260905,0
25V586,96b678b0,1daa818d,1496b620,20260821,20260905,0
25V601,0d6b652e,120fa2c6,97832e46,20260821,20260905,0
25V598,8d5bb173,bdf3df4f,54c0a091,20260821,20260905,0
25V626,0b22ac07,cbb1fbdc,57d7726d,20260821,20260905,0
25E058,b0cec3d3,dcfbac79,6ea091df,20260821,20260905,0
25V613,4bb2172e,d9dc3933,1545eba0,20260821,20260905,0
25V614,e111616d,814d3ab9,ca3c0454,20260821,20260905,0
25V609,7515d6e3,6f319cf4,2c6d685f,20260821,20260905,0
25V607,419c34c7,f94e8b96,bba2cfd2,20260821,20260905,0
25V623,0fb5da26,a3b2dc31,de68e554,20260821,20260905,0
25V630,73184098,2c1e78b5,1f344302,20260821,20260905,0
25V632,91eee791,7ed37eb5,171b1813,20260821,20260905,0
25V633,a7ce9e51,2c1e78b5,71690995,20260821,20260905,0
25V637,86c44478,2c1e78b5,50d1f1d4,20260821,20260905,0
25V645,57797ccc,3577a77b,24322fa5,20260821,20260905,0
25E060,15f6b87f,7e07143f,68de12a3,20260821,20260905,0
25C010,7b220a34,d5e7ac2c,796d98d7,20260821,20260905,0
25V642,53b96871,7e07143f,eb9bc1d5,20260821,20260905,0
25T017,543537f3,cafe6cd7,4ec0fafa,20260821,20260905,0
25E061,20f02fd2,e13edd4a,bbfde4a1,20260821,20260905,0
25V643,6953a22a,940bfcd3,1f60f4d8,20260821,20260905,0
25V651,0efdc362,d0629931,8ac78698,20260821,20260905,0
25V658,fcc30080,186e7e90,6e1a5a7b,20260821,20260905,0
25V683,10757ace,7fef3183,e771786a,20260821,20260905,0
25V694,81fb6833,138465ca,52459d86,20260821,20260905,0
25V707,08c792b8,a93cf159,d3fc49b9,20260821,20260905,0
25E067,81f6777f,c433a597,9d03112d,20260821,20260905,0
25V696,3dbbb7f2,ba83164e,78c2d928,20260821,20260905,0
25V677,39d0301c,08372ced,3a8746ea,20260821,20260905,0
25V713,29f8d348,2173fd41,72c0dbcf,20260821,20260905,0
25V717,5947ca51,bcf94bb9,58313e46,20260821,20260905,0
25V714,db16dfe0,dac4d7ec,32ce8c68,20260821,20260905,0
25V725,39719b4b,73c0930e,ba9dcf89,20260821,20260905,0
25V724,75913028,c97b680b,ae7c7bcf,20260821,20260905,0
25V735,7bb71e4c,3b12c3a1,fa73e689,20260821,20260905,0
25V711,e4f30450,7764efe1,0a4e28c5,20260821,20260905,0
25V741,f14eab8f,22c40992,62ed4839,20260821,20260905,0
25V745,1a04e8c8,6fdc3e02,475d5f6a,20260821,20260905,0
25V751,fce9bccc,e7e43d50,07767484,20260821,20260905,0
25V750,c725777f,9fc7cc00,e1f3c425,20260821,20260905,0
25V742,95a7a3c6,b03578d2,0d7199b9,20260821,20260905,0
25V759,f2b829a1,e7e43d50,46bc0cd7,20260821,20260905,0
25V754,94ceaa92,02dff915,eec51bfb,20260821,20260905,0
25V780,ac442adf,dd76bab7,498c65b7,20260821,20260905,0
25V765,e49d743a,dffd3f08,2b6dc136,20260821,20260905,0
25V774,378cd340,ee599888,90a870d5,20260821,20260905,0
25V787,3457f481,87640014,b6fc4f6d,20260821,20260905,0
25V808,6d2c417b,03ece6f8,43b8bb35,20260821,20260905,0
25V801,babbc6d2,1757b5d8,d69672ac,20260821,20260905,0
25V818,dfe14dc6,ee4fb6cb,a736775a,20260821,20260905,0
25V835,dae3822e,619a8f38,fe62f3f3,20260821,20260905,0
25V827,0afe5178,5ab20f4b,feb8975f,20260821,20260905,0
25V829,549e74c2,9df57cf6,49b92b24,20260821,20260905,0
25V826,787e41d4,3183ea38,fbaf0085,20260821,20260905,0
25V837,90768e14,bb3677d6,707d0561,20260821,20260905,0
25V834,6600c548,1daa818d,50296deb,20260821,20260905,0
25E081,33e2ec36,69b30c4d,da2b0970,20260821,20260905,0
25V830,66282d64,d8d1ba05,195c254b,20260821,20260905,0
25V844,ba808e23,e830099f,2448e462,20260821,20260905,0
25V846,3ec2f0b9,6c0d9919,00efd8ea,20260821,20260905,0
25V841,511761fe,dd76bab7,cdb1f069,20260821,20260905,0
25V856,b99f7567,179e2cd3,9dc2ecb7,20260821,20260905,0
25V854,37299152,fc7d45f3,7df5addc,20260821,20260905,0
25V865,b4abe89e,44bfdd27,ea2f7014,20260821,20260905,0
25C008,6c49f6bd,489b18a1,e4696755,20260821,20260905,0
25V415,6e72aaa4,d51364f4,27bd3261,20260821,20260905,0
25V381,44f4f47f,8b2cf880,b3084072,20260821,20260905,0
25V428,ca1fca2e,d51364f4,65881d24,20260821,20260905,0
25V414,006ca5f2,e70ed60d,ead01712,20260821,20260905,0
25V426,85b5f0ee,998316fe,7e6e2c5b,20260821,20260905,0
25V429,1fff2f4d,dd89efa9,70b3bc02,20260821,20260905,0
25V441,4daf97ac,af7ce833,9cfdeefd,20260821,20260905,0
25V433,6a54006c,fd087f4d,08638faa,20260821,20260905,0
25V435,41ae2297,515abe64,4a4d7577,20260821,20260905,0
25V445,263c9851,5ba66621,b230f47d,20260821,20260905,0
25V443,8aedc1aa,9c317d60,d40ace33,20260821,20260905,0
25V457,d2f7ad30,adc0ae37,dfe8ac2f,20260821,20260905,0
25V461,4bbc8627,0624a3bc,1fb93832,20260821,20260905,0
25V459,47857c74,cc428566,fe4fd987,20260821,20260905,0
25V464,b0685f1c,2c1e78b5,c63d98f7,20260821,20260905,0
25V469,0e6b3295,acd0360d,9296c5b1,20260821,20260905,0
25V478,463232f2,6642389a,6d3bc01f,20260821,20260905,0
25V476,71f1525b,fcb8082e,34669359,20260821,20260905,0
25V483,ac437f30,ca101eee,5f880b06,20260821,20260905,0
25V484,da7e18b1,574fcddb,73b8b31a,20260821,20260905,0
25V370,bf7fac08,4249367e,e0063c54,20260821,20260905,0
25V502,757fa6ee,e70ed60d,cca3af5f,20260821,20260905,0
25V504,ee44fcd2,09ec84c8,b8c539cc,20260821,20260905,0
25V508,e7d8c8e7,550b50e2,825f65e7,20260821,20260905,0
25V512,34f38fb4,b301903a,fbc4ac93,20260821,20260905,0
25V513,2594a19f,63e08cf0,72818306,20260821,20260905,0
25V515,0c36f072,2b8735f9,6f202e8f,20260821,20260905,0
25V377,1651a0a0,552e6cb2,ddde2a79,20260821,20260905,0
25V249,b05b3a60,034ae4cf,8f1423a2,20260821,20260905,0
25V393,be4f4ce9,f49421b9,bb7023eb,20260821,20260905,0
25V115,f01324eb,1daa818d,7d34cbf0,20260821,20260905,0
25V204,3d2fd32f,c96122d3,344a9531,20260821,20260905,0
25V392,8d0781ab,6c0d9919,09dd950f,20260821,20260905,0
25V419,992dfa98,d86de254,e900717c,20260821,20260905,0
25V427,78ce7d4f,03c4c598,1645d1fb,20260821,20260905,0
25V416,6cf2a8de,0e727e4d,735ce837,20260821,20260905,0
25V424,1f08d657,c6bd410d,a973ba11,20260821,20260905,0
25V430,55a7a6ce,de009976,ea09923b,20260821,20260905,0
25V437,9af1aadf,f0679997,86dc455c,20260821,20260905,0
25V434,9732a7b4,8b738ff7,de721796,20260821,20260905,0
25V436,c24c0bcb,2805bc64,ce7063be,20260821,20260905,0
25V444,ca6dcbbb,a744a1b6,73e03829,20260821,20260905,0
25E042,4a753908,1e2838b4,0c647672,20260821,20260905,0
25V449,eb29a897,16a39d96,fa08b6fa,20260821,20260905,1
25V450,aa21df10,55e1e732,57f38be2,20260821,20260905,0
25V462,10939923,111a7e99,eb05666c,20260821,20260905,0
25V466,b9e91a43,7d54c821,28b610a6,20260821,20260905,0
25T013,3480d199,80e9ab45,153b2150,20260821,20260905,0
25E044,40aee27c,e6165a53,0e0a54fc,20260821,20260905,0
25V477,008196f4,29374577,81a2b013,20260821,20260905,0
25V481,6c127e0b,6dd3d849,8bd032f7,20260821,20260905,0
25V482,a4d19e7e,f38e001d,bb026c95,20260821,20260905,0
25V486,9a5be6eb,c6f29a49,fed591ee,20260821,20260905,0
25V487,727a5384,1daa818d,dd477b13,20260821,20260905,0
25V498,ac9f5d25,37ff23c4,613bbb7f,20260821,20260905,0
25V518,989d755d,cfc47fe2,c9beb888,20260821,20260905,0
25V520,028b4b6b,cbb1fbdc,1e88ad40,20260821,20260905,0
25C005,68938592,f20e7797,ba7eaf36,20260821,20260905,0
25V537,f6bdf37c,1daa818d,d111d727,20260821,20260905,0
25V531,f5c5d6dc,8c8aa6e1,efaa769b,20260821,20260905,0
25V534,87a75f37,efbe5dd2,9d280c87,20260821,20260905,0
25V546,a2a4c0e4,2a35a222,15ab5d43,20260821,20260905,0
25V549,61ffea7e,4936d697,3256d0e5,20260821,20260905,0
25V551,9097c68b,314e1e2e,4184170e,20260821,20260905,0
25V559,594ccb1a,6562d42f,3507aeb6,20260821,20260905,0
25V566,beacb884,82e923ca,67437f12,20260821,20260905,0
25V553,30cbf9f7,deed2117,4a4c00f0,20260821,20260905,0
25V552,4d92662e,36a605df,028643df,20260821,20260905,0
25V558,cb4d7f45,0a505bd2,3062ddd6,20260821,20260905,0
25V563,510a6a26,882c7fcc,7e98d94b,20260821,20260905,0
25V580,d1f53005,68744d20,815f7d97,20260821,20260905,0
25E054,d3fac671,31cb30e8,f0d08519,20260821,20260905,0
25V592,30a98bdf,4f9b0718,9e8ca619,20260821,20260905,0
25V605,aa5665f9,78f7f6da,b8b6c34a,20260821,20260905,0
25V606,dc43bec6,99254b2f,0ba73bf7,20260821,20260905,0
25V602,bed4e960,120fa2c6,97832e46,20260821,20260905,0
25V616,e91331d1,bcf94bb9,f37b159b,20260821,20260905,0
25V619,449a8bf1,10ef3822,2fdc90c9,20260821,20260905,0
25E057,0ee920e3,bcf94bb9,a1a0785c,20260821,20260905,0
25V693,4d675055,f926a825,7dffb3be,20260821,20260905,0
25V671,e1b0f233,f0005845,17e45a8b,20260821,20260905,0
25E066,9ba69cd8,c7de4e29,d944f8c0,20260821,20260905,0
25V699,aebe141a,1a947879,2137cbb8,20260821,20260905,0
25V702,64bc73e7,a80add22,d1129c93,20260821,20260905,0
25V709,3e593020,dca6d2d8,3fabe347,20260821,20260905,0
25V710,7edd0d91,1daa818d,156b2124,20260821,20260905,0
25V715,45a99b64,15708918,bb050faa,20260821,20260905,0
25V706,47f6aba6,c5b417fd,fd137fe4,20260821,20260905,0
25V719,c212439f,ccf1be38,93a30ad0,20260821,20260905,0
25V722,8dce2e8b,7e029cac,917e166c,20260821,20260905,0
25V734,e0bde0ab,08aae91c,48fef745,20260821,20260905,0
25V728,67b60aae,3f10f0ea,7a9c579d,20260821,20260905,0
25E070,6966d386,ae0f97fc,1e13c86d,20260821,20260905,0
25V737,812b0c7a,82300864,520d2a37,20260821,20260905,0
25V743,8a0d6dfe,0db435af,e5bf4954,20260821,20260905,0
25V860,760c95b0,c3de149e,0fb255c9,20260821,20260905,0
25V659,4efbf62d,a80023f6,b8946109,20260821,20260905,0
25V634,f8618613,2c1e78b5,3c1c928d,20260821,20260905,0
25V650,9bc44e39,9d425932,0de91146,20260821,20260905,0
25V648,26d8a4a4,2c1e78b5,0b766321,20260821,20260905,0
25V640,549c81b4,3127a0a1,e7143971,20260821,20260905,0
25E059,f712d06a,d7d8a52c,94a64bd3,20260821,20260905,0
25V749,ba7185dc,03f1e01c,9e9f543c,20260821,20260905,0
25V747,c8d4a89e,bfe8f961,1233c9a7,20260821,20260905,0
25V746,09940a82,7ec33f3f,3e543acb,20260821,20260905,0
25V529,7fce3745,146d54f6,f3eff5dd,20260821,20260905,0
25V532,8a956b66,c6d265ed,e1e4c1ce,20260821,20260905,0
25V535,15b2e93f,013d956f,2fcb2d8c,20260821,20260905,0
25V547,b863b15e,bb79edf6,17a98af4,20260821,20260905,0
25V544,e6431104,cb41d3b3,dc75f090,20260821,20260905,0
25V550,ab65ccca,acbba062,6f77ba03,20260821,20260905,0
25V555,cc5f8c3d,3cfbd708,3dd0e3c4,20260821,20260905,0
25V554,c7806f10,4140dba1,37e448e5,20260821,20260905,0
25V556,8823559f,2d3a01af,a3a31f2f,20260821,20260905,0
25E071,38b19601,8362281d,4b971186,20260821,20260905,0
25V757,101d1f9d,05f3b21d,bcb893cf,20260821,20260905,0
25V320,f5c75f51,a2cfcbb5,0cee4676,20260821,20260905,0
25T008,9262b0e1,e731091a,9e8818b1,20260821,20260905,0
25V328,bdbe74b4,73a0fc23,6ec08792,20260821,20260905,0
25V341,d2796cd6,d88c58b8,b1be35c1,20260821,20260905,0
25V345,1d48479b,d52a0061,cbe8236f,20260821,20260905,0
25V197,2b29a4d2,447694d0,e30bfa91,20260821,20260905,0
25V355,35ac3fa2,9c069aaf,16338bb7,20260821,20260905,0
25V362,41a03b6f,4cd7f204,ee63b274,20260821,20260905,0
25V340,cd8a7a9a,4971db9a,64af0be9,20260821,20260905,0
25V352,e9d4dbe0,20ec93d3,3db55890,20260821,20260905,0
25V122,7bdd2f7d,4f1db54b,8c5255ca,20260821,20260905,0
25V002,009af88d,38b9e969,561f61b1,20260821,20260905,0
25V375,44164f82,22b475e0,1136e05c,20260821,20260905,0
25V001,74fb7877,657e38ab,90b7648d,20260821,20260905,0
25V015,95131814,5d3981e3,7a1bd229,20260821,20260905,0
25V063,af62c0ef,eb248509,4435ad50,20260821,20260905,0
25E039,ba6b6379,765a52ec,c349fd4b,20260821,20260905,0
25V388,09ec2451,998316fe,2afea1db,20260821,20260905,0
25V391,194e4c3f,bd3f4cc2,5a7f12e3,20260821,20260905,0
25V451,e55ca5b1,40fc2467,49c01ef4,20260821,20260905,0
25V398,0c2f4312,15f9fb14,7d099eb9,20260821,20260905,0
25V406,6085bd84,d8499e75,a4a5126d,20260821,20260905,0
25V403,fca0cb48,230f4e88,098ab99c,20260821,20260905,0
25V394,8a11c1e3,3fed1bff,cf5ceff4,20260821,20260905,0
25V417,9d68ecdc,b2993b9d,16ea6ce9,20260821,20260905,0
25V420,44ae24a6,8f64b1f5,e7988573,20260821,20260905,0
25V411,e140db83,4de6ff2d,a52bab8d,20260821,20260905,0
25V422,ad8e211f,0fd48bd3,c575b593,20260821,20260905,0
25V432,50d7df07,826ea076,b2bffc78,20260821,20260905,0
25V438,7d47bec8,259b9dfc,0a0a0cc7,20260821,20260905,0
25V439,56d1a7cb,f19a02bb,ec69f6e2,20260821,20260905,0
25V440,4bf3e929,e63e822a,0d7bd769,20260821,20260905,0
25V448,268296c5,fe4bde9c,90912f2a,20260821,20260905,0
25V456,cce4f939,3f8b0f34,6313f4d3,20260821,20260905,0
25E043,c8b3e45f,8bf7ad5d,8fb4fac7,20260821,20260905,0
25V463,388c5eae,998316fe,9f43b3d4,20260821,20260905,0
25V003,5c275883,34b97783,a0c081db,20260821,20260905,0
25V006,81d24ee8,85b7375c,9db799ab,20260821,20260905,0
25V007,31cfb1b0,81e83996,7eb7ba8a,20260821,20260905,0
25V010,4e45ed8d,4f9b0718,c8e4ba62,20260821,20260905,0
25E004,77000d72,08cea7d7,8762f898,20260821,20260905,0
25V019,9e6734d2,8ed90652,7ad0b552,20260821,20260905,0
25V020,c9179d20,2aa40a04,3e2a47ab,20260821,20260905,0
25V021,715474f3,e46a2820,1ee0ec7c,20260821,20260905,0
25V364,83636492,d64711e9,0a22bf89,20260821,20260905,0
25V812,1d30de76,33693838,d7ed9581,20260821,20260905,0
25V815,5548db1a,e97a5614,7b8eaa93,20260821,20260905,0
25V819,dee86451,e97a5614,2576c888,20260821,20260905,0
25V813,1bcf0d62,33693838,d9b7f234,20260821,20260905,0
25V825,841db27f,ab61b241,11168c83,20260821,20260905,0
25V820,e631cb72,6e4938d3,4ab90372,20260821,20260905,0
25V828,4b962f1e,5fb73ef3,f0f44474,20260821,20260905,0
25V831,aacda5d8,766c2589,2efa00b8,20260821,20260905,0
25V833,2aabc638,ea7e1312,03fe310b,20260821,20260905,0
25V840,70ba6eec,14ddc937,a38e1ba9,20260821,20260905,0
25E084,bc509ad3,12edb41f,bab40b00,20260821,20260905,0
25V836,4c8621a6,f4f5d532,8ae884c0,20260821,20260905,0
25V839,d32cf4f2,14ddc937,606742c3,20260821,20260905,0
25V842,f22b0eee,dd76bab7,99f9558e,20260821,20260905,0
25V858,2e6223ae,956935c5,5193c036,20260821,20260905,0
25V862,86d39fcd,d5e53fd0,43666d58,20260821,20260905,0
25V864,fe2bd999,5b90be46,b29f519d,20260821,20260905,0
25T021,c760fdd5,abc6813f,f0a82715,20260821,20260905,0
25V850,6df69ebe,dd76bab7,5509d61c,20260821,20260905,0
25V876,d547e9fc,dd76bab7,06b1e40a,20260821,20260905,0
25V881,c2977314,1daa818d,e729d033,20260821,20260905,0
25V885,a14ae8f3,ada9ecbc,5f4b54b9,20260821,20260905,0
25E090,d4bda795,79acdc1f,1d34c294,20260821,20260905,0
25V903,ff5e2fc1,03ece6f8,b221e597,20260821,20260905,0
25V454,6ffb1d5c,7d54c821,6ece937f,20260821,20260905,0
25V914,47b806a6,235e7c11,0ba14399,20260821,20260905,0
25V366,e47db721,fd17cef8,ffa9d713,20260821,20260905,0
25V329,3fea2443,1d105752,32aff43d,20260821,20260905,0
25V368,c1114ee0,cdc615b7,290212f6,20260821,20260905,0
25V378,3078deed,2c1e78b5,c00774a5,20260821,20260905,0
25V371,b0a9943f,fb546f2f,5c7bdbb0,20260821,20260905,0
25V385,8c7e50d3,86d1c351,6a21279a,20260821,20260905,0
25V395,06b4ab11,1daa818d,2ce9ec06,20260821,20260905,0
25V396,6ce0cd9a,a6b7ee2a,71e70493,20260821,20260905,0
25V397,e625c072,630df682,39cb24bf,20260821,20260905,0
25V400,429408d0,594236d8,366a7357,20260821,20260905,0
25V401,a8faafa4,000f37d3,133ee53c,20260821,20260905,0
25V399,be2eb5b2,d885a946,a5f7ec44,20260821,20260905,0
25V410,12567c81,aa20cf63,e3f0953d,20260821,20260905,0
25V224,15427f45,3c322e07,833ad649,20260821,20260905,0
25V418,91841b7b,83aab4bf,5737a6ab,20260821,20260905,0
25V425,c31e893d,bbc1c5ba,9e390e5a,20260821,20260905,0
25V409,48c3e771,6c0d9919,9bc3923c,20260821,20260905,0
25V413,8ac947b0,4fecbc81,7d72f126,20260821,20260905,0
25V405,c9b7adda,fef38f3b,2748aedd,20260821,20260905,0
25V423,ace81f51,552e6cb2,8dfd0daf,20260821,20260905,0
25V390,dcbce045,e70ed60d,10e40960,20260821,20260905,0
25V412,f964632e,f7990273,aabeb2ae,20260821,20260905,0
25V421,751a01e9,f591b323,04e2793c,20260821,20260905,0
25V447,31e1a9e2,5620c450,419506bb,20260821,20260905,0
25V453,cbae763d,33da2d37,3cfffd6a,20260821,20260905,0
25T011,2e35e879,e6181b66,7567423c,20260821,20260905,0
25V446,543abcc7,0b2ac67f,81d98caf,20260821,20260905,0
25V465,d6048f82,6c0d9919,c990ff79,20260821,20260905,0
25T012,0160ff7d,a5eda343,40396703,20260821,20260905,0
25V470,6dd81edf,6a8885d7,f3be5a42,20260821,20260905,0
25V468,aad288e6,c5778044,67fc2a5c,20260821,20260905,0
25V475,542e0b5f,9a89a746,1a586eb9,20260821,20260905,0
25V474,2c80fa39,f9994ea2,6f9c8be6,20260821,20260905,0
25V494,4b890d2d,1354088f,37a73aab,20260821,20260905,0
25V472,79e28093,2beae1fe,6002a52d,20260821,20260905,0
25E046,5f032c61,e26e115e,b76486ca,20260821,20260905,0
25V479,8f317d8c,531a076d,6d897dd8,20260821,20260905,0
25V480,cc788d9a,f0c3aafe,735997b3,20260821,20260905,0
25V488,0ead96f7,37de7f28,003273c1,20260821,20260905,0
25V490,e1d7ff37,d1103d27,b377f782,20260821,20260905,0
25E047,00b43680,977cb049,78d8520d,20260821,20260905,0
25V499,c400fd31,416315f6,aee0f53e,20260821,20260905,0
25E049,6b423a5e,127135d5,99c5f749,20260821,20260905,0
25V501,e32b58ee,4fd29f6f,6497f7ce,20260821,20260905,0
25V517,b16ed0d4,2b8735f9,49a519af,20260821,20260905,0
25V519,65266696,64fe7f52,40160c70,20260821,20260905,0
25V536,7c3b80e2,926bf2a0,5eae5cc1,20260821,20260905,0
25V530,08835762,87f0e6f6,5aa73b5a,20260821,20260905,0
25V527,e94ee789,eb248509,cbb4401c,20260821,20260905,0
25E050,b4d85e88,ed091600,49162940,20260821,20260905,0
25V541,60324518,de7ae702,3175e0b3,20260821,20260905,0
25V321,e275def2,a2cfcbb5,220620b6,20260821,20260905,0
25V322,0b10a35a,15199ad3,1d04c7d7,20260821,20260905,0
25V332,604df4b1,05f48b13,32a4b7e0,20260821,20260905,0
25V342,063b8439,377688b0,d815f626,20260821,20260905,0
25V324,8a94a725,cf9a1d2c,e922952c,20260821,20260905,0
25V336,c527cf97,8b1d3c31,5d0ea8fd,20260821,20260905,0
25V351,ee91f648,2da2725f,750623c3,20260821,20260905,0
25V331,4748a13e,f591b323,d556327e,20260821,20260905,0
25T006,f803e346,4c3131d9,350db14c,20260821,20260905,0
25V361,7356d58f,4cd7f204,78aac79c,20260821,20260905,0
25V365,49a85504,a8e47508,76e5ce9c,20260821,20260905,0
25V369,106b9d48,c82718c4,fb85681f,20260821,20260905,0
25V604,af6ebea2,34a07c67,3554e531,20260821,20260905,0
25V610,778b23cf,8df39696,0526bc95,20260821,20260905,0
25V560,a158107d,887458e3,6e15746e,20260821,20260905,0
25V565,4127c61b,f3f9de0b,c0084ac6,20260821,20260905,0
25E026,b193f8de,a2cfcbb5,e373c94f,20260821,20260905,0
25V229,9fb6d1fe,f0f39e53,af3ed904,20260821,20260905,0
25V234,5a21ebad,8af206f2,c9d2ee7b,20260821,20260905,0
25V236,556e7865,cbffdb7f,335ea1a7,20260821,20260905,0
25V240,fd8fce6a,1698854e,22665de3,20260821,20260905,0
25V222,c13f6e95,a71abcff,d413f7ca,20260821,20260905,0
25V260,fd379c11,d88c58b8,76fbd294,20260821,20260905,0
25C006,36e0ad2a,d5e7ac2c,53612099,20260821,20260905,0
25V273,9a787096,84f6d338,2a7fd713,20260821,20260905,0
25V310,4b377917,d88c58b8,2f486242,20260821,20260905,0
25E030,bcbe1ec3,4f9b0718,7288e130,20260821,20260905,0
25V286,07240a6c,a2cfcbb5,8a0123c4,20260821,20260905,0
25V290,e6a7b756,d88c58b8,c9e3ae9a,20260821,20260905,0
25V292,4cfbbc25,a2cfcbb5,d1137df3,20260821,20260905,0
25V301,a453cc5a,a2cfcbb5,6bdf2147,20260821,20260905,0
25V308,72adf423,d88c58b8,c7b795d1,20260821,20260905,0
25V316,a87b1cfc,645b347b,80e8cae8,20260821,20260905,0
25V319,37708032,1daa818d,23e9c8bc,20260821,20260905,0
25V363,30d8dd36,bc5ceb16,776ff977,20260821,20260905,0
26V368,23e7e445,71ed7fad,02bbee31,20260821,20260905,0
26V281,0322eb6f,7f1dada8,a5fc84ee,20260821,20260905,0
26V379,758e8707,4573b2fa,d9c2937c,20260821,20260905,1
26V376,227bdac5,d252bc0f,1d397637,20260821,20260905,0
26V366,de53b766,aa19c40b,a05d6344,20260821,20260905,0
26E034,30364983,53885373,2c240e65,20260821,20260905,0
26V394,691c7c35,3f7fbc88,b828e851,20260821,20260905,0
26V399,d7c898c1,3a1dd50b,3c5d4f6b,20260821,20260905,0
26V397,8b7b19c7,254a8dbb,5d12adbd,20260821,20260905,0
26V395,c9c50c5e,ee045c3e,35beae48,20260821,20260905,1
26V049,1ad4de31,0e8d8f82,30b5fecd,20260821,20260905,0
26V410,ce0cdeba,367891f0,9725797e,20260821,20260905,0
26V405,29d8961d,d5607385,c071d774,20260821,20260905,1
26V411,9dffa4b8,f14a7c44,c28f1c55,20260821,20260905,0
26V418,9085bd7c,08ea61b0,25429141,20260821,20260905,0
26V423,21f3d62a,03ece6f8,a42a5f9d,20260821,20260905,1
26V439,641b7909,d76c4c41,0fad5888,20260821,20260905,0
26E043,da25936f,cacf89f2,6d38749c,20260821,20260905,0
26V441,8b00b53d,401a9871,6b10eaef,20260821,20260905,0
26V501,8493b59d,0bad347d,d660b45a,20260821,20260905,0
26V440,3eeff404,a80023f6,5481491a,20260821,20260905,0
26V451,f02993e2,6cbc3e3e,4b7fa640,20260821,20260905,2
26V456,6b2e51dc,f91913a5,65d1412d,20260821,20260905,0
26V459,ceaf555e,efbe5dd2,989fcbc9,20260821,20260905,1
26V460,09ea224f,e6d579af,108b9894,20260821,20260905,0
26V462,7a520aee,05059df4,c04a2228,20260821,20260905,0
26V466,2ce0e574,4eaab905,221414b0,20260821,20260905,0
26V435,5e3c3250,d9a6463f,7582fbcd,20260821,20260905,0
26V535,2a6d26b3,48c2974f,d544eba9,20260825,20260905,0
26V473,9547862b,f3b330b5,89467d0f,20260821,20260905,0
26V472,e2de2490,05059df4,06a0851b,20260821,20260905,0
26V477,f364242d,86295d47,74ebacc3,20260821,20260905,0
26V480,e9d269b3,637f5770,8432cd12,20260821,20260905,1
26V489,e779c33d,e7c993f1,1544c817,20260821,20260905,0
26V494,cb74f6ad,b0f2f01e,b2604d34,20260821,20260905,1
26V485,a006f045,b496a8e5,1d5b7432,20260821,20260905,0
26V452,ff8a5a05,252329e9,872363cf,20260821,20260905,1
26V499,3a103a26,21f3b898,9134615b,20260821,20260905,0
26V495,7b1a1b44,c7a37f5d,e5d32cbf,20260821,20260905,0
26V497,11ea93ad,2c1e78b5,a2b73f36,20260821,20260905,0
26V508,32b22750,bc6c8cae,dc15471c,20260821,20260905,0
26V496,d59e0102,2c706003,673aa650,20260821,20260905,0
26V514,26e486f8,b1ce4370,8512fca6,20260821,20260905,0
26V519,ce73e397,67d93c7a,0f27e228,20260821,20260905,0
26V513,7c1769ac,c5e40644,a5002c7d,20260821,20260905,1
26V526,fe5da300,3e373732,1c5d4a84,20260821,20260905,0
26E056,13f59966,09b19b76,97afc4de,20260821,20260905,0
26V540,657340b9,8396507d,4c3e166d,20260828,20260905,0
26V060,789606b2,a5999ec9,c77fd88d,20260821,20260905,0
26V538,4faa2ef5,86295d47,37bb60b4,20260822,20260905,0
26V543,194194f0,ef82229b,8e70337a,20260826,20260905,1
26C006,1fc5290a,60939087,3d0d811d,20260828,20260905,0
26V479,68edae76,3c8636d5,fd3e6d57,20260821,20260905,0
26V547,7c24cc66,80cad896,f5ba0c3d,20260901,20260905,0
26V358,cdce77e0,a969da92,cdd2a6d3,20260821,20260905,0
26V560,49a4da4a,03ece6f8,99946b09,20260904,20260905,0
26V554,cafc1fd5,1aef8c31,976ea493,20260903,20260905,0
26V564,47a3a1f7,f04fce94,97c7790d,20260904,20260905,0
26V365,6ee221c2,a85bab3e,28dac1d3,20260821,20260905,0
26V558,c74f1470,bd5c6590,ca413f1a,20260902,20260905,0
26E060,3016f7f0,da42bca5,341f79f2,20260829,20260905,0
26V551,8a4db2e1,10ce3782,fe832311,20260902,20260905,0
26V438,a9b7aa90,ad9b5a7a,eda7ff58,20260821,20260905,0
26V475,0fdeb025,b96ba3b0,d48f142e,20260821,20260905,0
26V318,01876d68,dd76bab7,e9fbde0c,20260821,20260905,0
26V490,42326799,c2a84c0f,06679543,20260821,20260905,0
26V502,c317f154,ea0ba65a,18565845,20260821,20260905,0
26V506,ee43e192,f69801bc,eadf38c1,20260821,20260905,0
26V498,a0bb0d4e,159e1c17,8886ef72,20260821,20260905,1
26V505,f7947f35,2c81d837,d55df877,20260821,20260905,0
26V510,fd0cbfad,292b768a,bafee412,20260821,20260905,0
26V511,428b34f2,775e3b76,48a95913,20260821,20260905,0
26V521,c2326e2b,ee045c3e,4f561fab,20260821,20260905,0
26V529,08e82d6f,12d95b2a,37d34e02,20260821,20260905,0
26V533,14d13656,ee045c3e,6a3169d4,20260821,20260905,1
26V537,36f57326,d5d18c8a,b1807c5f,20260825,20260905,0
26V531,0576b9c9,fd3616ca,577849ca,20260827,20260905,1
26E057,a239e130,48c2974f,0f7b0147,20260825,20260905,0
26E047,778b840c,3ee74990,f64efd04,20260821,20260905,0
26V546,ce746a13,484f4ce2,6466875e,20260828,20260905,0
26V323,4d93f139,0fc21493,ff67f72c,20260821,20260905,0
26V229,e163cd0b,097ad2dd,3269f193,20260821,20260905,0
26E059,df52ad34,9570a517,49bf690f,20260827,20260905,0
26V563,bb64c93c,3772433d,207110b5,20260904,20260905,0
26V380,d58407ad,8f1f111b,a6643904,20260821,20260905,1
26V412,080dd5d2,86295d47,b4170a3e,20260821,20260905,1
26V369,ae196ee8,b9f88f04,d0b2f55d,20260821,20260905,0
26V372,5e370d62,8cf29b60,ccc664af,20260821,20260905,0
26V355,09955208,1d1d4133,eccb32ab,20260821,20260905,1
26V363,27c0429f,107f5372,5fae97d1,20260821,20260905,0
26V362,2d45fad2,107f5372,764cbe00,20260821,20260905,0
26V351,e3732e8c,52e2b432,a99653d8,20260821,20260905,0
26V349,496875d9,dd76bab7,9c346a27,20260821,20260905,0
26V316,b3115e58,5c296bcc,67594168,20260821,20260905,0
26V356,ff9384e4,cd3f9fc2,99d92f1a,20260821,20260905,0
26V347,a65e68c4,dd76bab7,bc9d8d24,20260821,20260905,0
26V292,ddfebe95,24091a4d,5c84d13d,20260821,20260905,0
26V340,24a77048,dcfe1552,f681d6f7,20260821,20260905,0
26V500,e11eb13b,1fcdcfc4,d4e56ac8,20260821,20260905,0
26V507,a0c43254,8c07b4fb,036ebb33,20260821,20260905,1
26V568,c09498c8,53885373,f9abc1cb,20260904,20260905,0
26V561,67552bd1,de41df86,7938cddd,20260904,20260905,0
26V557,7dc438fc,4d548ef7,fc3714a8,20260904,20260905,0
26V556,019e5808,05059df4,e60bf3e3,20260902,20260905,0
26V555,a11908c0,f99af075,c1184b27,20260903,20260905,0
26V549,743a11e7,36a605df,6596c5d8,20260901,20260905,0
26V470,920d3f40,5c589434,67ae13ee,20260821,20260905,1
26V548,45a8a88b,acd50c7c,ff1446e9,20260901,20260905,0
26V210,b3ac859c,bd230593,2fbdda3d,20260821,20260905,1
26V486,ff338083,24091a4d,e9fec5b1,20260821,20260905,1
26V525,56d75881,b9e58eac,ee639ccb,20260821,20260905,0
26V532,a2681a21,6478be8c,8e0be29f,20260821,20260905,1
26V517,6db5024f,53885373,b84e05b7,20260821,20260905,0
26C005,7d23468c,9bb19cbf,c89d8b95,20260821,20260905,1
26V522,58da2439,b20f060f,92b5fe8a,20260821,20260905,0
26V520,963bc32d,67d93c7a,0f27e228,20260821,20260905,0
26V515,9e453b64,c5e40644,297d7ba0,20260821,20260905,0
26V512,6b28d56c,9211e788,31fa22f2,20260821,20260905,0
26V503,8e5b81d8,f690aa6e,1b1812c2,20260821,20260905,1
26V492,6d7ea324,a9aa8c9c,96d89a13,20260821,20260905,0
26E051,593c3ddc,6819a280,d8738553,20260821,20260905,0
26V476,28ad5ab4,d2e21179,828f742e,20260821,20260905,0
26V491,d1fae95b,eca759d0,87742455,20260821,20260905,0
26V484,acfa46bb,24091a4d,13d7d671,20260821,20260905,0
26V483,7bac7c8c,1aef8c31,943f968e,20260821,20260905,0
26V455,72e05484,2bc103cd,e9592650,20260821,20260905,0
26E048,0c00dd00,cb1faf0c,30af4f92,20260821,20260905,0
26V468,1fd47656,98e157fa,58394a89,20260821,20260905,0
26V039,1d388d88,c7f2f628,2faa7144,20260821,20260905,0
26V443,8ec34fba,f7373cf8,bd6e8b95,20260821,20260905,0
26V404,634c216c,dd1b231c,ccac19f1,20260821,20260905,0
26V446,4c3ec358,86295d47,3aede072,20260821,20260905,0
26V387,ab81cd72,d6188998,df44fedf,20260821,20260905,0
26V449,c34d873a,53885373,994bdd15,20260821,20260905,1
26V465,c3fd272c,6cfbbe6c,37f329bb,20260821,20260905,0
26V458,075d3e4c,51c548d2,934d573c,20260821,20260905,0
26V454,3ce54786,913c347c,09b1528a,20260821,20260905,0
26V448,953f79ab,255bc97d,21917054,20260821,20260905,1
26V392,00ecc10d,f2168f08,43d31ad2,20260821,20260905,0
26V436,ba9cc46f,d91635e2,68376664,20260821,20260905,1
26V437,cc7e6de2,1cff12ce,052cc4d4,20260821,20260905,0
26E044,60e98b18,c7e70c00,f9888d45,20260821,20260905,0
26V413,1ff25fa7,67dcdb51,f22b4243,20260821,20260905,1
26E042,6997767b,dd76bab7,5a6e7de6,20260821,20260905,0
26V407,da8b3924,72d560e8,6d01ce26,20260821,20260905,2
26V430,08e76983,1bb9ab07,e68923de,20260821,20260905,0
26V429,5b130711,5dddd9ae,e5e91ca9,20260821,20260905,0
26V425,89f7b111,bf947e7b,5774fbbc,20260821,20260905,0
26V158,fc62abbd,01e82223,39ce849d,20260821,20260905,0
26V419,4224e399,67dcdb51,0cba1edf,20260821,20260905,1
26V408,2f39f932,72d560e8,6d01ce26,20260821,20260905,2
26E036,38ff7be5,86295d47,99dc7c2a,20260821,20260905,0
26E035,26c2ee49,1321eb48,926f3619,20260821,20260905,0
26V384,1a6aac18,e7344453,2102162d,20260821,20260905,0
26V388,2d109ea7,b0c5022c,5d5d3bbe,20260821,20260905,0
26V382,c8252048,84c15a16,6d6d850c,20260821,20260905,0
26V009,debbc716,bac9fdd5,8f9f001d,20260821,20260905,0
26V014,4888f6df,a2029b36,9a8c5b8a,20260821,20260905,0
26E003,146cf571,c433a597,3ab06d41,20260821,20260905,0
26V020,9c8740c7,51828fff,af815eeb,20260821,20260905,0
26V012,e49d2ddc,c433a597,18d979a2,20260821,20260905,0
26V030,2292aadd,0df5c9d5,75ce9a78,20260821,20260905,0
26V031,d2c78aa6,fd087f4d,4c9dffad,20260821,20260905,0
26V027,d5ede2e3,c8c1fd83,2ac8346f,20260821,20260905,0
26E029,88433cf7,53885373,6a79efb4,20260821,20260905,0
26V029,674b798a,8b738ff7,71916fbf,20260821,20260905,0
26V041,5673d847,e42fcaaa,c4ef0798,20260821,20260905,0
26V043,2aaa505b,ae248323,06c16617,20260821,20260905,0
26V038,0429111b,18fc7720,291e9275,20260821,20260905,0
26V044,b1928acc,83633b60,752de2e2,20260821,20260905,0
26E002,665db681,51828fff,76a1e0b9,20260821,20260905,0
26V050,93ccb93c,cbe64aab,de46927b,20260821,20260905,0
26V047,1fa1d18c,f9994ea2,53e17dcd,20260821,20260905,0
26V051,510cf7e7,eb004d6a,4920533d,20260821,20260905,0
26V058,bb8d4c07,f4fcb83a,70cdffcb,20260821,20260905,0
26V052,baa71fcf,1cf2868f,36447b5f,20260821,20260905,0
26V072,5e2e98d6,3615526d,a6971b6e,20260821,20260905,0
26V074,cfb90def,f77397b0,b72fc826,20260821,20260905,0
26V080,9023fb4d,5fff0d37,cc8a829b,20260821,20260905,0
26E007,070e0be0,a0d4def9,008c2733,20260821,20260905,0
26V084,29c0224f,a703f9a3,d13a6784,20260821,20260905,0
26V088,8e413b51,adfafc0d,7613493b,20260821,20260905,0
26V085,178f6681,b414ee59,fe84f5d0,20260821,20260905,0
26V119,0bc6902e,44bfdd27,12f59cc5,20260821,20260905,0
26V518,8698c476,2fe2a1f2,db4a527a,20260821,20260905,1
26V252,35d7b2c0,16ae56cf,e502ade6,20260821,20260905,0
26V352,4fc76f6d,18326c72,e0023018,20260821,20260905,0
26V509,ec13d428,d1d0df75,661b13ec,20260821,20260905,0
26V283,4fc2d6d4,78416342,2e87fb78,20260821,20260905,0
26V354,c5387a14,e59bae6a,0b9b294b,20260821,20260905,0
26V240,71e5e6bc,e4da3252,f1c7fe07,20260821,20260905,0
26E026,142c1c1b,15ad8b46,64e05d8a,20260821,20260905,0
26V299,80ba0450,f3308f74,5843b292,20260821,20260905,0
26V295,6091b8ac,04d3bd6f,c5955fd7,20260821,20260905,0
26V301,d8c7fbda,1d095fbf,e53ee132,20260821,20260905,0
26V325,87615613,b2ae0011,bde7a2e8,20260821,20260905,0
26V342,72e528d8,db0b662c,5227d2d2,20260821,20260905,0
26V345,7ce18f60,06a03e7d,d834a040,20260821,20260905,0
26V346,b0dc281b,d8136fb3,215e384a,20260821,20260905,0
26V348,61d958da,46ff7611,e3779da4,20260821,20260905,0
26V359,28f34031,994dda0b,c6a06c25,20260821,20260905,0
26V360,f02a5f1b,f99af075,799d791c,20260821,20260905,0
26V364,441a2e73,dd76bab7,3a0f6848,20260821,20260905,0
26V294,c8252048,84c15a16,e038d2e6,20260821,20260905,0
26V313,c16383a6,6f066965,e2dd75fe,20260821,20260905,0
26V315,ff2c5be2,56a980bf,d66f2958,20260821,20260905,0
26V309,b01f1d1e,1daa818d,35d5c76b,20260821,20260905,0
26V307,2c2fcabe,6134bb64,8e30d6b7,20260821,20260905,0
26V321,77867d59,1ef50963,38eb36e4,20260821,20260905,0
26V214,5dffe1e0,76a4865c,a301a33e,20260821,20260905,0
26V326,0480aa05,03ece6f8,c4c3a7ec,20260821,20260905,0
26V332,2dc1129a,acc23a74,11438775,20260821,20260905,0
26V019,1ccdc834,c918e57d,f978d4df,20260821,20260905,0
26V016,b37482b3,a1c8a5b4,57ee8c0a,20260821,20260905,0
26V023,32f8c988,8876096c,d237973b,20260821,20260905,0
26V032,6a285776,74dd5554,946fe274,20260821,20260905,0
26E005,46d859de,86422264,2ca5ebca,20260821,20260905,0
26V045,57a866bb,48c636e2,2a3b1c8a,20260821,20260905,0
26V236,9ce1cd87,0e5fb2c2,3c77da1f,20260821,20260905,0
26V244,05bb6739,de41df86,ce54f14b,20260821,20260905,0
26E021,6459bac2,bea62b1c,fb4f67cd,20260821,20260905,0
26V246,47aaf7e3,adc7eb29,58c9633c,20260821,20260905,0
26V247,df69cf9b,c43ea55e,9be8c6cb,20260821,20260905,0
26V234,b4ba6080,3460127b,cdc6f065,20260821,20260905,0
26V254,d534f7dc,3e373732,38a8d430,20260821,20260905,0
26V258,c16c4f1d,a1794a71,22d40b55,20260821,20260905,0
26V263,1f2a0e4d,09968aaf,3c6115d7,20260821,20260905,0
26V255,8e92527a,3bdc2b52,59684fb6,20260821,20260905,0
26V264,1fba8e22,bcb1e3b9,3ab69974,20260821,20260905,0
26V266,a0899f2a,bce1f9f2,c0e3863a,20260821,20260905,0
26V251,69cee22c,27c98e97,30fa0629,20260821,20260905,0
26V208,d8eb7650,75dbefa6,1d09d8ad,20260821,20260905,0
26E023,fb7f1e6a,44bfdd27,44e4881e,20260821,20260905,0
26V265,c4c549f6,d76c4c41,1c67d4f8,20260821,20260905,0
26V270,508e2da0,447d3348,821d3746,20260821,20260905,0
26V273,14b513e5,ace36c54,cf082404,20260821,20260905,0
26V272,3538e376,7546f84d,b7e4a757,20260821,20260905,0
26V278,06df225a,239ff6ba,48296fcb,20260821,20260905,0
26V488,1bebff85,dea55ec4,bfcdf838,20260821,20260905,0
26V442,c13a513e,3deab809,2928dce3,20260821,20260905,0
26V077,49261427,946a2cde,8e9927ea,20260821,20260905,1
26V461,8237a391,e6d579af,fc418b28,20260821,20260905,0
26V463,36e6f7a5,6a0b872b,9ab18d5d,20260821,20260905,0
26C004,9fdbcb39,17a39ab8,bc523d58,20260821,20260905,0
26V467,89f841f5,4eaab905,221414b0,20260821,20260905,0
26V481,233c3516,b5803561,d878b0f0,20260821,20260905,0
26V017,00f28dd4,03ece6f8,3a873793,20260821,20260905,0
26E004,8b979561,74dd5554,b1c99c3c,20260821,20260905,0
26V024,aadb28bb,7fef3183,862f17f5,20260821,20260905,0
26V026,90c7c65e,51828fff,66d9c8c5,20260821,20260905,0
26V021,35329fbe,51828fff,3a986123,20260821,20260905,0
26V028,4c8621a6,f4f5d532,7eb63d57,20260821,20260905,0
26C001,0c5e7aa8,8cdd5eda,42e7e9cc,20260821,20260905,0
26V046,98161882,42b5bce8,66ee5ddc,20260821,20260905,0
26V037,803831a7,d1bf234f,3f6df7b0,20260821,20260905,0
26V005,270f11dd,550ad742,af8fd48a,20260821,20260905,0
26T002,033e84a3,63290d2c,48ac3e93,20260821,20260905,0
26V444,33ba458d,70d9a285,b3b66309,20260821,20260905,0
26V445,8772fdcb,ea390cad,aaa5330b,20260821,20260905,0
26V474,7bc13cad,78047820,57f15b45,20260821,20260905,0
26V478,901bb804,c7b7d205,93ad307a,20260821,20260905,0
26V487,6166262b,9fe8c3e1,963da651,20260821,20260905,0
26E050,8b39e6a6,6819a280,58b28d04,20260821,20260905,0
26V482,bf4fba6b,dd76bab7,a2ed98ce,20260821,20260905,0
26V493,489626a5,9c844519,b0ef5cd5,20260821,20260905,0
26V504,0ae3c801,ee045c3e,e9608ac0,20260821,20260905,0
26E053,b2f2df0f,b0656c2f,e6492475,20260821,20260905,0
26V516,009a0d19,26f693f7,6d888f86,20260821,20260905,0
26E054,50067838,c5e40644,b488d4bf,20260821,20260905,0
26E055,6c0f477f,c5e40644,46769e80,20260821,20260905,0
26V530,aa0f2088,acd700f5,365cf054,20260821,20260905,0
26V523,5956fe4a,b20f060f,92b5fe8a,20260821,20260905,0
26V527,0a9ec411,55358d2f,7cbc8b1e,20260821,20260905,0
26V524,a8c7c024,4e511bc4,f41f2000,20260821,20260905,0
26V528,353e8296,898868c3,539223db,20260821,20260905,1
26E058,2855b4de,34cddbd1,4e97c030,20260822,20260905,0
26V541,7da20f01,62bb0467,8d0bad1a,20260827,20260905,0
26V544,5817c59c,efbe5dd2,c07377dd,20260827,20260905,0
26V545,ad70fcf2,3f128e6c,00c1900b,20260826,20260905,0
26V108,21e75172,5a340ff0,affafd18,20260821,20260905,0
26V550,1680e1b4,0e706e50,800acc8f,20260901,20260905,0
26V061,64252028,2da23ca6,7e9d1927,20260821,20260905,0
26V552,da7ae115,45a380e5,f13a41d8,20260901,20260905,1
26V553,74a00055,ee13ea07,52b3710d,20260903,20260905,0
26V565,45af9d34,05059df4,acecf77d,20260904,20260905,0
26V054,7debea12,1f8f6318,6f4294e2,20260821,20260905,0
26V066,44779043,5069659e,d170891d,20260821,20260905,0
26V057,062d2a8c,a1c8a5b4,638ad5eb,20260821,20260905,0
26V059,311ab7af,fdeb54c1,1d8bcf7f,20260821,20260905,0
26V067,1d84d80e,e335b90a,e774ae7c,20260821,20260905,0
26V076,8fe428fb,b7b61267,9e18adf2,20260821,20260905,0
26T006,084b2ffb,671ec4bd,ff199f87,20260821,20260905,0
26V093,9f41e567,e89db53a,7e19ecb0,20260821,20260905,0
26V083,97a49b91,b0b6abf4,b4816e59,20260821,20260905,0
26V094,1a980139,103390c6,7c626f3b,20260821,20260905,0
26V091,144ad4c5,54b8acb0,f6345216,20260821,20260905,0
26V110,86280db3,c82db6f0,ca08c8ba,20260821,20260905,0
26C002,0d42ad18,95da03b2,32e70647,20260821,20260905,0
26V124,01cbfba0,f3b330b5,ab8ae28b,20260821,20260905,0
26V121,2b4b7bb6,c1420be6,5a2b6fd3,20260821,20260905,0
26V134,67b9d81f,1e4cef61,97f4a0a3,20260821,20260905,0
26V127,245b18bf,a3789c2a,6d9af80c,20260821,20260905,0
26V138,fcd77971,adbb01a0,a1fe0f06,20260821,20260905,0
26V145,290b0728,4cd1ebf6,e6c8c459,20260821,20260905,0
26E011,54319df0,c67229ec,8e8b3a70,20260821,20260905,0
26V153,83b9b84a,ddb3c6d4,7f048d58,20260821,20260905,0
26V147,6a69b061,9e8b66c5,72d88428,20260821,20260905,0
26V193,eb325c50,2043ed88,99bf2699,20260821,20260905,0
26V154,54b69e8c,245db01d,4db6fe98,20260821,20260905,0
26V167,734f8e26,4cb48efc,6d7fb8cf,20260821,20260905,0
26V165,b15cb48f,d78ad79b,20885a26,20260821,20260905,0
26V169,812f8faa,4a230747,e97ea0da,20260821,20260905,0
26V175,cba24eae,d947643d,79994f5b,20260821,20260905,0
26V179,5ba9ba58,aa9403d0,b61e0499,20260821,20260905,0
26V191,1befccde,d0556a11,c1c2d0f6,20260821,20260905,0
26V187,0372f31a,b21c214f,7937e8d9,20260821,20260905,0
26V007,2547d22c,5328d014,46b96017,20260821,20260905,0
26V194,ae1eba14,9fbf0a34,9068f7f6,20260821,20260905,0
26V200,0471b14c,72d2aeeb,033e9e29,20260821,20260905,0
26V202,e006c545,de009976,58f0186e,20260821,20260905,0
26V213,25554585,66a9044f,9fc51762,20260821,20260905,0
26V220,d1ac2e9d,db174f0c,57cce39e,20260821,20260905,0
26E017,4ba8d331,32981971,93f7024b,20260821,20260905,0
26V215,63628024,f248ae3b,a2d74608,20260821,20260905,0
26V209,f4d72e98,fafbdbbf,49c90dbf,20260821,20260905,0
26C003,afa47e58,35fcc5a7,38890158,20260821,20260905,0
26V227,c5e771b3,35986e8b,c51a63be,20260821,20260905,0
26V230,d2be8467,0e932790,83da531d,20260821,20260905,0
26V250,080085be,27c98e97,30fa0629,20260821,20260905,0
26T011,1c2b122c,da193f25,d2ff733d,20260821,20260905,0
26V253,c0c24531,ff2eb162,bbfaeeb9,20260821,20260905,0
26V261,b0a84056,e11650dd,5f0ab9be,20260821,20260905,0
26V271,d0a06434,af1f4b4f,5a356c23,20260821,20260905,0
26V260,3cac2174,e11650dd,622fab17,20260821,20260905,0
26E022,cdb77f9e,dd76bab7,e4c12e0c,20260821,20260905,0
26V257,f19c299b,159e1c17,b8716047,20260821,20260905,0
26V269,8f16fc8d,ffa51780,1040ccec,20260821,20260905,0
26V268,358dcbe0,9100d09a,95a34973,20260821,20260905,0
26V280,6da70f2d,6bbc667b,66dddae5,20260821,20260905,0
26V287,040f0031,137326b9,4d6eb2d3,20260821,20260905,0
26V284,de0a5961,46815a3c,3465f9da,20260821,20260905,0
26E027,70a92cd0,560c87c4,b242bf81,20260821,20260905,0
26E028,e8550ca7,b328cde7,592bcdf0,20260821,20260905,0
26V296,3b57431c,dd76bab7,38166c68,20260821,20260905,0
26E030,d01fedc0,ee045c3e,f5b84e81,20260821,20260905,0
26V312,40daa92d,dd76bab7,3d585f75,20260821,20260905,0
26V320,6cad2489,1daa818d,a4af46bc,20260821,20260905,0
26V324,af61b614,e297f0a8,5fa1f0e3,20260821,20260905,0
26V330,df2a8d2f,5bef65ca,639d17c1,20260821,20260905,0
26V328,389d45e3,8cd868cd,c112d2e8,20260821,20260905,0
26V334,0d791cf9,14ea1375,b5ee97ac,20260821,20260905,0
26E031,a92d3d34,1feda01b,353208b8,20260821,20260905,0
26V336,0282b16f,14ea1375,66ce5f67,20260821,20260905,0
26V341,a1826e02,c271040e,c6aa4d47,20260821,20260905,0
26V350,2299d119,52e2b432,4a99173c,20260821,20260905,0
26V353,1b635888,93fad490,5945c7f9,20260821,20260905,0
26V344,69a34cde,447694d0,c8de7963,20260821,20260905,0
26V386,f5cea599,e906aa92,09d3708b,20260821,20260905,0
26V367,79dba4aa,2400aa06,b0ad0e3f,20260821,20260905,0
26V398,16c45db5,e2bbfb6d,97fcaa6d,20260821,20260905,0
26V374,80b17b78,2eddce27,7b1ae337,20260821,20260905,0
26V371,01dd3f34,41a3c575,5ce1c75e,20260821,20260905,0
26E033,4d45d80c,c8db8a6a,e40dca6a,20260821,20260905,0
26V381,7f4eadfa,2658a742,e02aaba0,20260821,20260905,0
26T001,b2589913,806e3883,f60dee2d,20260821,20260905,0
26V097,bd393898,27ae6809,bc3ea1e0,20260821,20260905,0
26V389,0b0eedf0,92c15736,a042608d,20260821,20260905,0
26V377,4912bce6,8555b2bc,e065e7be,20260821,20260905,0
26E038,c490f4be,05059df4,4619453d,20260821,20260905,1
26V396,0df91d52,200c1f6c,6bc5e61f,20260821,20260905,0
26V401,4774a753,86295d47,f2b75108,20260821,20260905,0
26V406,54d74f46,dd76bab7,b039c321,20260821,20260905,1
26V417,a3e2626b,78c23dcb,d0ba4c46,20260821,20260905,0
26V415,53de0734,a01ee927,7eab5ff7,20260821,20260905,0
26V422,68487ad9,72dd5dfa,fd80632b,20260821,20260905,0
26E039,2086e026,44239d07,f52cecdc,20260821,20260905,1
26V427,fd2d7107,39046d0a,70e046cf,20260821,20260905,0
26V424,a1a6e910,cc6fed13,95ccec79,20260821,20260905,1
26V421,81eb2476,14b344f4,aa81dc61,20260821,20260905,1
26V433,00ba3df9,c96b5289,02bb1bbf,20260821,20260905,0
26V003,103e9b72,6b30538b,cc08db2a,20260821,20260905,0
26V428,a1f253dd,097ad2dd,370fdfb2,20260821,20260905,0
26V036,4215597f,c7722f4f,5ae811f0,20260821,20260905,0
26V006,ca097448,406b307d,9d6f56c4,20260821,20260905,0
26V010,282605f6,77b4ed9f,8213c559,20260821,20260905,0
26V015,099c1dca,a1c8a5b4,7fea8db7,20260821,20260905,0
26V053,f137e44f,03ece6f8,4a1d020f,20260821,20260905,0
26E006,ebaf6ab3,fdeb54c1,1ee5a2c8,20260821,20260905,0
26V062,0378e615,4bf0ba21,374f1cd8,20260821,20260905,0
26V055,424b8dda,6cd334a1,229c59f0,20260821,20260905,1
26V001,81e795be,0df5c9d5,21bc64b5,20260821,20260905,0
26E001,949a220a,43eb55a8,8e134292,20260821,20260905,0
26V002,0d64d68f,ae52370e,794d9e90,20260821,20260905,0
26V065,0c1a112b,46815a3c,7173353d,20260821,20260905,0
26V071,5691af54,8e2cd4f0,bef9e187,20260821,20260905,0
26T005,bdb1eef1,6a5916d9,8727223e,20260821,20260905,0
26V078,e643d74b,a72b312b,8fc6730b,20260821,20260905,0
26V079,07fc24d2,efbe5dd2,5f31bef3,20260821,20260905,0
26T008,8c88516b,b39bd96c,d1df3fd8,20260821,20260905,0
26V081,4f921c03,c76562d9,c4a3e644,20260821,20260905,0
26V075,3f6fbd9f,00e3d184,1822bc12,20260821,20260905,0
26V140,00e66fda,fdf9e06c,879cbad7,20260821,20260905,0
26V089,8d6872c9,f515f6b2,c0a63608,20260821,20260905,0
26V095,221ecd52,7d750ce1,b0828d0a,20260821,20260905,0
26E008,ddaf910c,7d750ce1,6cd5770f,20260821,20260905,0
26V339,0f4f81ae,e59bae6a,93c28dc8,20260821,20260905,0
26V106,22ada38b,2c1e78b5,d7b17a72,20260821,20260905,0
26V107,3d024f7e,9ad35d12,d786f087,20260821,20260905,0
26V115,58b016c3,ed0d105a,fe873994,20260821,20260905,0
26V120,c73a6f42,c6d1dfbc,2b58c255,20260821,20260905,0
26V129,45dc4478,15f9fb14,ad18fc5c,20260821,20260905,0
26E009,ac9b8eaa,54b8acb0,45c8742a,20260821,20260905,0
26V141,0f728744,2a9bcf9b,951266f0,20260821,20260905,0
26V150,62fed052,a6880663,d3eefcd3,20260821,20260905,0
26V142,7ae21e19,a43f145b,6156fadc,20260821,20260905,0
26V151,d6cac259,0b5dae00,b837a0e5,20260821,20260905,0
26V149,b789a985,9e8b66c5,8c7ae282,20260821,20260905,0
26V156,434ec9e0,d173c3ab,68a0e4de,20260821,20260905,0
26V143,2f6332b1,99e9f97d,82b34ac6,20260821,20260905,0
26V152,3d7933f0,11713db5,0e2316e6,20260821,20260905,0
26V160,05627248,b4ac9f4e,ee40b725,20260821,20260905,0
26V033,9282b398,74dd5554,d4c07909,20260821,20260905,0
26V170,928681f7,6a78e7c0,d235bdbd,20260821,20260905,0
26V172,8879ca10,5b90be46,97e49dfc,20260821,20260905,0
26V174,0ae0d40d,66f0b1b3,2e1854fc,20260821,20260905,0
26V162,20b534a2,03ece6f8,dbaa3885,20260821,20260905,0
26V171,92c480d7,d88184eb,2452a39a,20260821,20260905,0
26V180,9d556345,3e324438,92c48da0,20260821,20260905,0
26V182,baf93e27,86cb7669,c5dd64d1,20260821,20260905,0
26V204,0bb7338c,12d95b2a,9ee33a0f,20260821,20260905,0
26V186,78f064d4,84c15a16,d6e7251f,20260821,20260905,0
26V188,56e7ada9,bdd2b168,5e66ed31,20260821,20260905,0
26V197,e09227f6,0fcce68c,c563b5e4,20260821,20260905,0
26V198,b8dca158,ebb16a16,daa76e2e,20260821,20260905,0
26V201,1b5c710c,4e1f9342,2a43d3c9,20260821,20260905,0
26V205,151f4c48,acd50c7c,f8c8423e,20260821,20260905,0
26V192,b895a476,408ddb1c,3785df1a,20260821,20260905,0
26V206,63bd627d,4343a8cc,5ad80ca6,20260821,20260905,1
26V232,6a78ed1b,097ad2dd,63ea3a25,20260821,20260905,0
26V104,3e618dbc,04c42394,9d1c6146,20260821,20260905,0
26V111,aacc2a4a,cac1855a,f54ca751,20260821,20260905,0
26V122,74a39550,acd50c7c,92373468,20260821,20260905,0
26V034,176679c1,2b311c8d,2afc2692,20260821,20260905,0
26V114,512ed3bd,e97a5614,a0becf92,20260821,20260905,0
26V130,8612e282,d77e09e6,df40102c,20260821,20260905,0
26V128,0723ab22,a44906c9,bc5954b8,20260821,20260905,0
26V123,dba5a640,9a5cafb4,2628b0ba,20260821,20260905,0
26V131,9290be86,69bbd2a4,ac08a516,20260821,20260905,0
26V022,8b082a3e,76af0275,b1759d5a,20260821,20260905,0
26V133,45f575e2,990fea42,abfd636a,20260821,20260905,0
26E010,dd469c7c,1e5ea360,cf0526ee,20260821,20260905,0
26V144,209c57e6,38f1c4bb,9f100d1b,20260821,20260905,0
26E013,8275736b,2050ed83,f62c5119,20260821,20260905,0
26V159,323e52a7,9c46c6a5,4b40a19e,20260821,20260905,0
26V163,af75c61b,8735b3d1,55e2b402,20260821,20260905,0
26V168,1c48fbe5,e6d579af,16b2081b,20260821,20260905,0
26V161,aede05b3,2554b71b,8f5b50c7,20260821,20260905,0
26V173,88c2d194,f10e96cb,79f1aa63,20260821,20260905,0
26V212,4baa80f1,8762547e,7cd7f6a4,20260821,20260905,0
26V221,7fa5483e,46815a3c,e0ce3a47,20260821,20260905,0
26V181,d925b63f,2c3b552f,e3e15d76,20260821,20260905,0
26V176,32c70f01,2add95f8,d70bb477,20260821,20260905,0
26V177,0262a7cf,fff1900a,336c4a6a,20260821,20260905,0
26V196,55c5c045,bdf3df4f,dee2de6e,20260821,20260905,0
26V185,0639d1cb,a4212a1a,155bc8c3,20260821,20260905,0
26V195,edafd1b3,16de977d,37f8c797,20260821,20260905,0
26V207,9e490416,75dbefa6,82610b7b,20260821,20260905,0
26E015,58e29c41,98896bb8,78c0e042,20260821,20260905,0
26V211,54c8ee08,e641d5ec,887370da,20260821,20260905,0
26V218,fbd12bb8,ab26d7a9,865b5582,20260821,20260905,0
26V216,9d645e71,b0193e05,fe55121c,20260821,20260905,0
26V223,98f1d919,316f3e7c,77da6f40,20260821,20260905,0
26V235,e0ab57e2,296ae600,900e0bf1,20260821,20260905,0
26V231,cc0e579b,46815a3c,85cc6633,20260821,20260905,0
26V224,0961c4df,6a4f8777,a7aa78c7,20260821,20260905,0
26V225,d45f0235,a528f8a8,5f15d2cb,20260821,20260905,0
26V237,0537b423,ae087f9f,5889b687,20260821,20260905,0
26V256,3f32d5b0,e3ffa3fe,a220d697,20260821,20260905,0
26V262,d9129790,a528f8a8,f2db6d00,20260821,20260905,0
26V249,13913d57,941ec13f,fe6cbe73,20260821,20260905,0
26V259,83468864,27015767,89135d2f,20260821,20260905,0
26V267,dd6f5775,9b1acfd3,406cb385,20260821,20260905,0
26V275,392081ab,c37be87c,fb1bdab5,20260821,20260905,0
26V308,1d2ffe77,ace55744,4969c2fb,20260821,20260905,0
26V276,b2c7881a,990fea42,214d4f63,20260821,20260905,0
26V274,9d894941,1daa818d,b4bde4e2,20260821,20260905,0
26V279,353febad,450ba3d0,2f0083c8,20260821,20260905,0
26V291,a34251eb,bebfbbc9,8857ddb6,20260821,20260905,0
26V011,0fe05873,c433a597,0cbb3ad6,20260821,20260905,0
26V333,6bfadef1,dd76bab7,991f1086,20260821,20260905,0
26V289,9f77f459,3f547f06,c9296c63,20260821,20260905,0
26V302,d0e4aef0,c1782470,d55af10b,20260821,20260905,0
26V314,fb0f1729,8b738ff7,d04cb59d,20260821,20260905,0
26V290,a2a0d65f,ec614713,902b7747,20260821,20260905,0
26V310,ca86037b,a14be8be,42f687da,20260821,20260905,0
26V311,50d5700a,44bfdd27,006009d8,20260821,20260905,0
26E032,de7d185b,e59bae6a,a07a7ce6,20260821,20260905,0
26V329,e8bd2b0e,28aec04e,cbf6e2af,20260821,20260905,0
26V337,ac85bef6,c36a3566,eaa1d124,20260821,20260905,0
26V343,9c44995b,96b6bb8c,0db693d7,20260821,20260905,0
26V331,1c3d2e4d,83e858f5,909db1da,20260821,20260905,0
26V338,d082845b,c4e2cf2c,d1f06873,20260821,20260905,0
26V361,8b03398f,f99af075,0da3bff7,20260821,20260905,0
26V357,b4108e95,bce1f9f2,a24419c8,20260821,20260905,1
26V370,34fa7da8,ef7cada9,54ba6653,20260821,20260905,0
26V373,b1cc5472,3b526fa7,bbc343da,20260821,20260905,0
26V375,3f12ad51,bdf571ba,2e8ff0ea,20260821,20260905,0
26V378,9ea77c67,ec178222,0f3fb2eb,20260821,20260905,0
26V385,cc6cee73,4ba03f12,1952c5cc,20260821,20260905,0
26V383,b94d168d,53885373,03a8f5b7,20260821,20260905,0
26V403,4b145e39,a2ecc290,0dd383f0,20260821,20260905,0
26V390,aaaa691c,d76c4c41,2a6d4110,20260821,20260905,0
26V393,a9012c0f,acd50c7c,924db3b0,20260821,20260905,0
26V391,abceab72,83d66a40,6e96a9db,20260821,20260905,0
26V400,2adb01e0,f9994ea2,2652b9ec,20260821,20260905,0
26V402,56172a71,becb0413,711929a6,20260821,20260905,0
26E037,850637bb,bda08dd8,ab0d9ca6,20260821,20260905,0
26V409,c8d775c2,85e9fb99,482d6742,20260821,20260905,0
26V414,0b725563,8afad50e,0fbfd69b,20260821,20260905,0
26V416,c61b4be0,871a8ff4,a10aafbb,20260821,20260905,0
26V420,50d5fbde,1655fb64,d8bd3839,20260821,20260905,0
26V426,ce74d249,39046d0a,f8d2bac8,20260821,20260905,0
26V431,40b48d10,1bb9ab07,b94d2ece,20260821,20260905,0
26V432,849eea03,1bb9ab07,339df3d2,20260821,20260905,0
26E041,cc7e34fd,b4fbe3b9,a5f58dd3,20260821,20260905,0
26V434,3343cd5a,468188cc,3419cc19,20260821,20260905,0
26V450,6d9292a5,86295d47,8ae3ec3e,20260821,20260905,0
26V453,f4dc4546,deffd588,804607f7,20260821,20260905,0
26E046,604997ae,653c5f31,86fde2eb,20260821,20260905,0
26V457,66421093,2d309360,cefacae1,20260821,20260905,0
26V464,120ec8cc,86295d47,97ac26cf,20260821,20260905,0
26V469,f9ee3bd9,7f25f742,38dbb9d7,20260821,20260905,1
26V471,cfcd4804,b4fbe3b9,8075fb6f,20260821,20260905,0
26V102,b72d616a,bf9288df,1ba02be3,20260821,20260905,0
26V098,6d5c03a7,87844f9b,3eaca01b,20260821,20260905,0
26V103,3d26f0cd,e335b90a,63cf894e,20260821,20260905,1
26V112,c3add466,3d298c1b,d27209e1,20260821,20260905,0
26V117,4035e9f5,31c646f3,b5898c18,20260821,20260905,0
26V118,3ee26a72,bd61c09b,beabe548,20260821,20260905,0
26V125,fb3f8d8e,e7d62d87,16b14f37,20260821,20260905,0
26V135,af698a81,ddb57d5f,88afc714,20260821,20260905,0
26V113,cf9e7c9e,d5ea6577,c2396d47,20260821,20260905,0
26T009,bea3f9e0,abc6813f,7c622126,20260821,20260905,0
26V126,011934ab,d90bfe1e,7f35f09a,20260821,20260905,0
26V132,220165cb,a5b84e9f,85c69c17,20260821,20260905,0
26V137,58afd758,7129abc7,a4ba47c3,20260821,20260905,0
26V139,563eff22,52018c72,e73f8b6a,20260821,20260905,0
26V136,04f48d3f,ec308e7e,471a6780,20260821,20260905,0
26V146,2818c359,1fcdcfc4,d9e88f47,20260821,20260905,0
26V148,d1f735aa,9e8b66c5,c6dc3d12,20260821,20260905,0
26V157,4dac0749,d8136fb3,6addc0a0,20260821,20260905,0
26V155,8d3058df,8fe7bf34,4663403b,20260821,20260905,0
26V166,48b29bd2,b2ae0011,117ba4f7,20260821,20260905,0
26V183,32d312b7,66f0b1b3,d0bc0ea1,20260821,20260905,0
26V184,57977c44,f9994ea2,a68ec395,20260821,20260905,0
26E014,88179c21,cb3f5302,78a02692,20260821,20260905,0
26V189,16f38ecc,cb3f5302,4f845334,20260821,20260905,0
26V222,1d053c05,555c7d08,bff49a27,20260821,20260905,0
26V190,dea46189,985716fb,36bcde89,20260821,20260905,0
26V199,5095abcd,639e0fab,0dcc8265,20260821,20260905,0
26V217,f8484f94,69b0a947,6ae4749f,20260821,20260905,0
26V203,4048dc47,8d762fda,9e898ea3,20260821,20260905,1
26E016,e24f43ae,4cb48efc,7ebb645a,20260821,20260905,0
26V219,d4dee976,6e6c4a14,4a78c183,20260821,20260905,0
26E018,1a5bdd53,17e5b174,dbf7085f,20260821,20260905,0
26V228,ddf8187c,ce3faba1,2245d78b,20260821,20260905,0
26V226,9440b5b8,b977f371,a26ee9ba,20260821,20260905,0
26E019,fafb2821,4343a8cc,47602fc4,20260821,20260905,0
26V233,c8eb2820,d173c3ab,9f6a0864,20260821,20260905,0
26V238,85c3b56b,e56c9cfb,88f98c30,20260821,20260905,0
26V239,563a07e3,adb9c551,5414c75d,20260821,20260905,0
26E020,d7340ac4,ee045c3e,e83076f0,20260821,20260905,0
26V248,6bdfc875,1daa818d,74b02474,20260821,20260905,0
26V241,c83c1d08,6677161e,2518ad2e,20260821,20260905,0
26V243,aea806b7,0c28d270,3a7d7e69,20260821,20260905,0
26V004,57d8248d,dd76bab7,fed17b8d,20260821,20260905,0
26V242,7e97a942,fa200469,dba386ae,20260821,20260905,0
26V322,6647cb77,14ea1375,211a28ca,20260821,20260905,0
26V245,314de08d,adc7eb29,58c9633c,20260821,20260905,0
26V277,a63122ca,0751f393,0a35258b,20260821,20260905,0
26V286,f08d7348,137326b9,eb465ed4,20260821,20260905,0
26E025,9ee25f3c,cdba1c1b,00bd4333,20260821,20260905,0
26V285,bb5be0f8,e3ee48d8,aca90d9a,20260821,20260905,0
26V288,af0a566c,f91913a5,1628c4c0,20260821,20260905,1
26V297,7d369267,8e9cc61c,583f38bf,20260821,20260905,0
26V293,e7c55464,15192c9d,23d0269c,20260821,20260905,0
26V300,8b5621b1,9023b369,cd96c78a,20260821,20260905,1
26V304,5cf16223,fcca614d,940a4c3c,20260821,20260905,0
26V319,efb259b3,dd76bab7,ac8ea0bf,20260821,20260905,0
26E024,99fc1e34,3c8b76fe,75655dcc,20260821,20260905,0
26V282,afcb3968,47cd049f,0988cf7a,20260821,20260905,0
26V306,013b7513,937d45ec,312ee60d,20260821,20260905,0
26V305,17d613ed,eb34d404,08ba98f6,20260821,20260905,0
26V327,e7546d25,03ece6f8,285f5956,20260821,20260905,0
26V335,0b04f49a,13cd9e7b,05d397c2,20260821,20260905,0
26V013,2a0d66a3,8548c2a6,0f7db31a,20260821,20260905,0
26V018,d5f38592,03ece6f8,1aaedb09,20260821,20260905,0
26V025,2e1ce44e,76ee5fd9,c84fbebd,20260821,20260905,0
26V040,83d5763d,e42fcaaa,6b920d61,20260821,20260905,0
26V042,b2c7881a,990fea42,fe7f408d,20260821,20260905,0
26V048,40b0309f,9ce1de33,4535b537,20260821,20260905,0
26V035,47ccafe9,137d457f,760ca606,20260821,20260905,0
26V056,72d45a83,ad9b5a7a,1cf58685,20260821,20260905,0
26V068,e18d581f,f38e001d,94efb889,20260821,20260905,0
26V063,9cb03e8f,60cece34,937170f6,20260821,20260905,0
26V064,a0da0983,f2fb4110,206d38d6,20260821,20260905,0
26V069,e0aa3905,34a07c67,e2ae25a9,20260821,20260905,0
26V073,f79a84f6,f4f5d532,0a55bf31,20260821,20260905,0
26V087,eceadb63,aa96375f,4775a3ae,20260821,20260905,0
26V070,53fd1c19,92c15736,6af8f135,20260821,20260905,0
26T007,156ae0ff,806e3883,f02b3b47,20260821,20260905,0
26V082,74973f7f,7c6aacf2,3c7640ba,20260821,20260905,0
26V086,2eb79ac8,aa96375f,4775a3ae,20260821,20260905,0
26V090,0e034294,6c0d9919,b0a4ef92,20260821,20260905,0
26V096,76059d82,1e3719e8,3b9201cd,20260821,20260905,0
26V101,dab7d674,c78ff763,97e7d74f,20260821,20260905,0
26V100,8594998c,781644d9,d846d1a5,20260821,20260905,0
26V099,da27b5e7,72ea0394,b943e7bb,20260821,20260905,0
26V105,c6533129,ce624c74,a6cc4aeb,20260821,20260905,0
26V109,418647c5,8d5892f6,8db54346,20260821,20260905,0
26E040,fd7c6288,14b344f4,9045eced,20260821,20260903,0
26E061,5eb4c74c,ee7c4984,deff50fb,20260829,20260903,1
26E052,699967c6,b96ba3b0,e1dd0d45,20260821,20260829,0
26E045,f0982d8a,a661eb39,2992db61,20260821,20260829,0
